E:\Games\Epsilon\_retail_\Interface\AddOns\Omega_Hub\Modules\Dice\Tools\blender_dice.py:26: DeprecationWarning: 'Material.use_nodes' is expected to be removed in Blender 6.0
  mat=bpy.data.materials.new(name);mat.diffuse_color=(*color,1);mat.use_nodes=True
00:01.329  render           | Saved: 'E:\Games\Epsilon\_retail_\Interface\AddOns\Omega_Hub\Modules\Dice\Media\Continuous\d20\roll-00.png'
00:01.407  render           | Saved: 'E:\Games\Epsilon\_retail_\Interface\AddOns\Omega_Hub\Modules\Dice\Media\Continuous\d20\roll-01.png'
00:01.454  render           | Saved: 'E:\Games\Epsilon\_retail_\Interface\AddOns\Omega_Hub\Modules\Dice\Media\Continuous\d20\roll-02.png'
00:01.532  render           | Saved: 'E:\Games\Epsilon\_retail_\Interface\AddOns\Omega_Hub\Modules\Dice\Media\Continuous\d20\roll-03.png'
00:01.594  render           | Saved: 'E:\Games\Epsilon\_retail_\Interface\AddOns\Omega_Hub\Modules\Dice\Media\Continuous\d20\roll-04.png'
00:01.657  render           | Saved: 'E:\Games\Epsilon\_retail_\Interface\AddOns\Omega_Hub\Modules\Dice\Media\Continuous\d20\roll-05.png'
00:01.719  render           | Saved: 'E:\Games\Epsilon\_retail_\Interface\AddOns\Omega_Hub\Modules\Dice\Media\Continuous\d20\roll-06.png'
00:01.782  render           | Saved: 'E:\Games\Epsilon\_retail_\Interface\AddOns\Omega_Hub\Modules\Dice\Media\Continuous\d20\roll-07.png'
00:01.844  render           | Saved: 'E:\Games\Epsilon\_retail_\Interface\AddOns\Omega_Hub\Modules\Dice\Media\Continuous\d20\roll-08.png'
00:01.922  render           | Saved: 'E:\Games\Epsilon\_retail_\Interface\AddOns\Omega_Hub\Modules\Dice\Media\Continuous\d20\roll-09.png'
00:01.985  render           | Saved: 'E:\Games\Epsilon\_retail_\Interface\AddOns\Omega_Hub\Modules\Dice\Media\Continuous\d20\roll-10.png'
00:02.047  render           | Saved: 'E:\Games\Epsilon\_retail_\Interface\AddOns\Omega_Hub\Modules\Dice\Media\Continuous\d20\roll-11.png'
00:02.110  render           | Saved: 'E:\Games\Epsilon\_retail_\Interface\AddOns\Omega_Hub\Modules\Dice\Media\Continuous\d20\roll-12.png'
00:02.172  render           | Saved: 'E:\Games\Epsilon\_retail_\Interface\AddOns\Omega_Hub\Modules\Dice\Media\Continuous\d20\roll-13.png'
00:02.235  render           | Saved: 'E:\Games\Epsilon\_retail_\Interface\AddOns\Omega_Hub\Modules\Dice\Media\Continuous\d20\roll-14.png'
00:02.282  render           | Saved: 'E:\Games\Epsilon\_retail_\Interface\AddOns\Omega_Hub\Modules\Dice\Media\Continuous\d20\roll-15.png'
00:02.360  render           | Saved: 'E:\Games\Epsilon\_retail_\Interface\AddOns\Omega_Hub\Modules\Dice\Media\Continuous\d20\roll-16.png'
00:02.422  render           | Saved: 'E:\Games\Epsilon\_retail_\Interface\AddOns\Omega_Hub\Modules\Dice\Media\Continuous\d20\roll-17.png'
00:02.485  render           | Saved: 'E:\Games\Epsilon\_retail_\Interface\AddOns\Omega_Hub\Modules\Dice\Media\Continuous\d20\roll-18.png'
00:02.532  render           | Saved: 'E:\Games\Epsilon\_retail_\Interface\AddOns\Omega_Hub\Modules\Dice\Media\Continuous\d20\roll-19.png'
00:02.594  render           | Saved: 'E:\Games\Epsilon\_retail_\Interface\AddOns\Omega_Hub\Modules\Dice\Media\Continuous\d20\roll-20.png'
00:02.657  render           | Saved: 'E:\Games\Epsilon\_retail_\Interface\AddOns\Omega_Hub\Modules\Dice\Media\Continuous\d20\roll-21.png'
00:02.704  render           | Saved: 'E:\Games\Epsilon\_retail_\Interface\AddOns\Omega_Hub\Modules\Dice\Media\Continuous\d20\roll-22.png'
00:02.782  render           | Saved: 'E:\Games\Epsilon\_retail_\Interface\AddOns\Omega_Hub\Modules\Dice\Media\Continuous\d20\roll-23.png'
00:02.829  render           | Saved: 'E:\Games\Epsilon\_retail_\Interface\AddOns\Omega_Hub\Modules\Dice\Media\Continuous\d20\roll-24.png'
00:02.891  render           | Saved: 'E:\Games\Epsilon\_retail_\Interface\AddOns\Omega_Hub\Modules\Dice\Media\Continuous\d20\roll-25.png'
00:02.954  render           | Saved: 'E:\Games\Epsilon\_retail_\Interface\AddOns\Omega_Hub\Modules\Dice\Media\Continuous\d20\roll-26.png'
00:03.016  render           | Saved: 'E:\Games\Epsilon\_retail_\Interface\AddOns\Omega_Hub\Modules\Dice\Media\Continuous\d20\roll-27.png'
00:03.094  render           | Saved: 'E:\Games\Epsilon\_retail_\Interface\AddOns\Omega_Hub\Modules\Dice\Media\Continuous\d20\roll-28.png'
00:03.157  render           | Saved: 'E:\Games\Epsilon\_retail_\Interface\AddOns\Omega_Hub\Modules\Dice\Media\Continuous\d20\roll-29.png'
00:03.235  render           | Saved: 'E:\Games\Epsilon\_retail_\Interface\AddOns\Omega_Hub\Modules\Dice\Media\Continuous\d20\roll-30.png'
00:03.313  render           | Saved: 'E:\Games\Epsilon\_retail_\Interface\AddOns\Omega_Hub\Modules\Dice\Media\Continuous\d20\roll-31.png'
00:03.391  render           | Saved: 'E:\Games\Epsilon\_retail_\Interface\AddOns\Omega_Hub\Modules\Dice\Media\Continuous\d20\roll-32.png'
00:03.454  render           | Saved: 'E:\Games\Epsilon\_retail_\Interface\AddOns\Omega_Hub\Modules\Dice\Media\Continuous\d20\roll-33.png'
00:03.532  render           | Saved: 'E:\Games\Epsilon\_retail_\Interface\AddOns\Omega_Hub\Modules\Dice\Media\Continuous\d20\roll-34.png'
00:03.610  render           | Saved: 'E:\Games\Epsilon\_retail_\Interface\AddOns\Omega_Hub\Modules\Dice\Media\Continuous\d20\roll-35.png'
00:03.672  render           | Saved: 'E:\Games\Epsilon\_retail_\Interface\AddOns\Omega_Hub\Modules\Dice\Media\Continuous\d20\roll-36.png'
00:03.750  render           | Saved: 'E:\Games\Epsilon\_retail_\Interface\AddOns\Omega_Hub\Modules\Dice\Media\Continuous\d20\roll-37.png'
00:03.813  render           | Saved: 'E:\Games\Epsilon\_retail_\Interface\AddOns\Omega_Hub\Modules\Dice\Media\Continuous\d20\roll-38.png'
00:03.907  render           | Saved: 'E:\Games\Epsilon\_retail_\Interface\AddOns\Omega_Hub\Modules\Dice\Media\Continuous\d20\roll-39.png'
00:03.969  render           | Saved: 'E:\Games\Epsilon\_retail_\Interface\AddOns\Omega_Hub\Modules\Dice\Media\Continuous\d20\roll-40.png'
00:04.047  render           | Saved: 'E:\Games\Epsilon\_retail_\Interface\AddOns\Omega_Hub\Modules\Dice\Media\Continuous\d20\roll-41.png'
00:04.125  render           | Saved: 'E:\Games\Epsilon\_retail_\Interface\AddOns\Omega_Hub\Modules\Dice\Media\Continuous\d20\roll-42.png'
00:04.188  render           | Saved: 'E:\Games\Epsilon\_retail_\Interface\AddOns\Omega_Hub\Modules\Dice\Media\Continuous\d20\roll-43.png'
00:04.266  render           | Saved: 'E:\Games\Epsilon\_retail_\Interface\AddOns\Omega_Hub\Modules\Dice\Media\Continuous\d20\roll-44.png'
00:04.344  render           | Saved: 'E:\Games\Epsilon\_retail_\Interface\AddOns\Omega_Hub\Modules\Dice\Media\Continuous\d20\roll-45.png'
00:04.422  render           | Saved: 'E:\Games\Epsilon\_retail_\Interface\AddOns\Omega_Hub\Modules\Dice\Media\Continuous\d20\roll-46.png'
00:04.500  render           | Saved: 'E:\Games\Epsilon\_retail_\Interface\AddOns\Omega_Hub\Modules\Dice\Media\Continuous\d20\roll-47.png'
00:04.563  render           | Saved: 'E:\Games\Epsilon\_retail_\Interface\AddOns\Omega_Hub\Modules\Dice\Media\Continuous\d20\roll-48.png'
00:04.641  render           | Saved: 'E:\Games\Epsilon\_retail_\Interface\AddOns\Omega_Hub\Modules\Dice\Media\Continuous\d20\roll-49.png'
00:04.719  render           | Saved: 'E:\Games\Epsilon\_retail_\Interface\AddOns\Omega_Hub\Modules\Dice\Media\Continuous\d20\roll-50.png'
00:04.797  render           | Saved: 'E:\Games\Epsilon\_retail_\Interface\AddOns\Omega_Hub\Modules\Dice\Media\Continuous\d20\roll-51.png'
00:04.875  render           | Saved: 'E:\Games\Epsilon\_retail_\Interface\AddOns\Omega_Hub\Modules\Dice\Media\Continuous\d20\roll-52.png'
00:04.954  render           | Saved: 'E:\Games\Epsilon\_retail_\Interface\AddOns\Omega_Hub\Modules\Dice\Media\Continuous\d20\roll-53.png'
00:05.016  render           | Saved: 'E:\Games\Epsilon\_retail_\Interface\AddOns\Omega_Hub\Modules\Dice\Media\Continuous\d20\roll-54.png'
00:05.094  render           | Saved: 'E:\Games\Epsilon\_retail_\Interface\AddOns\Omega_Hub\Modules\Dice\Media\Continuous\d20\roll-55.png'
00:05.172  render           | Saved: 'E:\Games\Epsilon\_retail_\Interface\AddOns\Omega_Hub\Modules\Dice\Media\Continuous\d20\roll-56.png'
00:05.235  render           | Saved: 'E:\Games\Epsilon\_retail_\Interface\AddOns\Omega_Hub\Modules\Dice\Media\Continuous\d20\roll-57.png'
00:05.297  render           | Saved: 'E:\Games\Epsilon\_retail_\Interface\AddOns\Omega_Hub\Modules\Dice\Media\Continuous\d20\roll-58.png'
00:05.360  render           | Saved: 'E:\Games\Epsilon\_retail_\Interface\AddOns\Omega_Hub\Modules\Dice\Media\Continuous\d20\roll-59.png'
00:05.438  render           | Saved: 'E:\Games\Epsilon\_retail_\Interface\AddOns\Omega_Hub\Modules\Dice\Media\Continuous\d20\roll-60.png'
00:05.500  render           | Saved: 'E:\Games\Epsilon\_retail_\Interface\AddOns\Omega_Hub\Modules\Dice\Media\Continuous\d20\roll-61.png'
00:05.563  render           | Saved: 'E:\Games\Epsilon\_retail_\Interface\AddOns\Omega_Hub\Modules\Dice\Media\Continuous\d20\roll-62.png'
00:05.625  render           | Saved: 'E:\Games\Epsilon\_retail_\Interface\AddOns\Omega_Hub\Modules\Dice\Media\Continuous\d20\roll-63.png'
00:05.688  render           | Saved: 'E:\Games\Epsilon\_retail_\Interface\AddOns\Omega_Hub\Modules\Dice\Media\Continuous\d20\roll-64.png'
00:05.766  render           | Saved: 'E:\Games\Epsilon\_retail_\Interface\AddOns\Omega_Hub\Modules\Dice\Media\Continuous\d20\roll-65.png'
00:05.829  render           | Saved: 'E:\Games\Epsilon\_retail_\Interface\AddOns\Omega_Hub\Modules\Dice\Media\Continuous\d20\roll-66.png'
00:05.907  render           | Saved: 'E:\Games\Epsilon\_retail_\Interface\AddOns\Omega_Hub\Modules\Dice\Media\Continuous\d20\roll-67.png'
00:05.969  render           | Saved: 'E:\Games\Epsilon\_retail_\Interface\AddOns\Omega_Hub\Modules\Dice\Media\Continuous\d20\roll-68.png'
00:06.032  render           | Saved: 'E:\Games\Epsilon\_retail_\Interface\AddOns\Omega_Hub\Modules\Dice\Media\Continuous\d20\roll-69.png'
00:06.094  render           | Saved: 'E:\Games\Epsilon\_retail_\Interface\AddOns\Omega_Hub\Modules\Dice\Media\Continuous\d20\roll-70.png'
00:06.172  render           | Saved: 'E:\Games\Epsilon\_retail_\Interface\AddOns\Omega_Hub\Modules\Dice\Media\Continuous\d20\roll-71.png'
00:06.235  render           | Saved: 'E:\Games\Epsilon\_retail_\Interface\AddOns\Omega_Hub\Modules\Dice\Media\Continuous\d20\roll-72.png'
00:06.297  render           | Saved: 'E:\Games\Epsilon\_retail_\Interface\AddOns\Omega_Hub\Modules\Dice\Media\Continuous\d20\roll-73.png'
00:06.375  render           | Saved: 'E:\Games\Epsilon\_retail_\Interface\AddOns\Omega_Hub\Modules\Dice\Media\Continuous\d20\roll-74.png'
00:06.454  render           | Saved: 'E:\Games\Epsilon\_retail_\Interface\AddOns\Omega_Hub\Modules\Dice\Media\Continuous\d20\roll-75.png'
00:06.532  render           | Saved: 'E:\Games\Epsilon\_retail_\Interface\AddOns\Omega_Hub\Modules\Dice\Media\Continuous\d20\roll-76.png'
00:06.594  render           | Saved: 'E:\Games\Epsilon\_retail_\Interface\AddOns\Omega_Hub\Modules\Dice\Media\Continuous\d20\roll-77.png'
00:06.672  render           | Saved: 'E:\Games\Epsilon\_retail_\Interface\AddOns\Omega_Hub\Modules\Dice\Media\Continuous\d20\roll-78.png'
00:06.735  render           | Saved: 'E:\Games\Epsilon\_retail_\Interface\AddOns\Omega_Hub\Modules\Dice\Media\Continuous\d20\roll-79.png'
00:06.813  render           | Saved: 'E:\Games\Epsilon\_retail_\Interface\AddOns\Omega_Hub\Modules\Dice\Media\Continuous\d20\roll-80.png'
00:06.891  render           | Saved: 'E:\Games\Epsilon\_retail_\Interface\AddOns\Omega_Hub\Modules\Dice\Media\Continuous\d20\roll-81.png'
00:06.969  render           | Saved: 'E:\Games\Epsilon\_retail_\Interface\AddOns\Omega_Hub\Modules\Dice\Media\Continuous\d20\roll-82.png'
00:07.032  render           | Saved: 'E:\Games\Epsilon\_retail_\Interface\AddOns\Omega_Hub\Modules\Dice\Media\Continuous\d20\roll-83.png'
00:07.125  render           | Saved: 'E:\Games\Epsilon\_retail_\Interface\AddOns\Omega_Hub\Modules\Dice\Media\Continuous\d20\roll-84.png'
00:07.204  render           | Saved: 'E:\Games\Epsilon\_retail_\Interface\AddOns\Omega_Hub\Modules\Dice\Media\Continuous\d20\roll-85.png'
00:07.250  render           | Saved: 'E:\Games\Epsilon\_retail_\Interface\AddOns\Omega_Hub\Modules\Dice\Media\Continuous\d20\roll-86.png'
00:07.329  render           | Saved: 'E:\Games\Epsilon\_retail_\Interface\AddOns\Omega_Hub\Modules\Dice\Media\Continuous\d20\roll-87.png'
00:07.391  render           | Saved: 'E:\Games\Epsilon\_retail_\Interface\AddOns\Omega_Hub\Modules\Dice\Media\Continuous\d20\roll-88.png'
00:07.516  render           | Saved: 'E:\Games\Epsilon\_retail_\Interface\AddOns\Omega_Hub\Modules\Dice\Media\Continuous\d20\roll-89.png'
00:07.579  render           | Saved: 'E:\Games\Epsilon\_retail_\Interface\AddOns\Omega_Hub\Modules\Dice\Media\Continuous\d20\roll-90.png'
00:07.641  render           | Saved: 'E:\Games\Epsilon\_retail_\Interface\AddOns\Omega_Hub\Modules\Dice\Media\Continuous\d20\roll-91.png'
00:07.704  render           | Saved: 'E:\Games\Epsilon\_retail_\Interface\AddOns\Omega_Hub\Modules\Dice\Media\Continuous\d20\roll-92.png'
00:07.797  render           | Saved: 'E:\Games\Epsilon\_retail_\Interface\AddOns\Omega_Hub\Modules\Dice\Media\Continuous\d20\roll-93.png'
00:07.891  render           | Saved: 'E:\Games\Epsilon\_retail_\Interface\AddOns\Omega_Hub\Modules\Dice\Media\Continuous\d20\roll-94.png'
00:07.969  render           | Saved: 'E:\Games\Epsilon\_retail_\Interface\AddOns\Omega_Hub\Modules\Dice\Media\Continuous\d20\roll-95.png'
00:08.047  render           | Saved: 'E:\Games\Epsilon\_retail_\Interface\AddOns\Omega_Hub\Modules\Dice\Media\Continuous\d20\land-001-00.png'
00:08.110  render           | Saved: 'E:\Games\Epsilon\_retail_\Interface\AddOns\Omega_Hub\Modules\Dice\Media\Continuous\d20\land-001-01.png'
00:08.250  render           | Saved: 'E:\Games\Epsilon\_retail_\Interface\AddOns\Omega_Hub\Modules\Dice\Media\Continuous\d20\land-001-02.png'
00:08.313  render           | Saved: 'E:\Games\Epsilon\_retail_\Interface\AddOns\Omega_Hub\Modules\Dice\Media\Continuous\d20\land-001-03.png'
00:08.375  render           | Saved: 'E:\Games\Epsilon\_retail_\Interface\AddOns\Omega_Hub\Modules\Dice\Media\Continuous\d20\land-001-04.png'
00:08.454  render           | Saved: 'E:\Games\Epsilon\_retail_\Interface\AddOns\Omega_Hub\Modules\Dice\Media\Continuous\d20\land-001-05.png'
00:08.532  render           | Saved: 'E:\Games\Epsilon\_retail_\Interface\AddOns\Omega_Hub\Modules\Dice\Media\Continuous\d20\land-001-06.png'
00:08.610  render           | Saved: 'E:\Games\Epsilon\_retail_\Interface\AddOns\Omega_Hub\Modules\Dice\Media\Continuous\d20\land-001-07.png'
00:08.704  render           | Saved: 'E:\Games\Epsilon\_retail_\Interface\AddOns\Omega_Hub\Modules\Dice\Media\Continuous\d20\land-001-08.png'
00:08.766  render           | Saved: 'E:\Games\Epsilon\_retail_\Interface\AddOns\Omega_Hub\Modules\Dice\Media\Continuous\d20\land-001-09.png'
00:08.844  render           | Saved: 'E:\Games\Epsilon\_retail_\Interface\AddOns\Omega_Hub\Modules\Dice\Media\Continuous\d20\land-001-10.png'
00:08.922  render           | Saved: 'E:\Games\Epsilon\_retail_\Interface\AddOns\Omega_Hub\Modules\Dice\Media\Continuous\d20\land-001-11.png'
00:08.985  render           | Saved: 'E:\Games\Epsilon\_retail_\Interface\AddOns\Omega_Hub\Modules\Dice\Media\Continuous\d20\land-001-12.png'
00:09.047  render           | Saved: 'E:\Games\Epsilon\_retail_\Interface\AddOns\Omega_Hub\Modules\Dice\Media\Continuous\d20\land-001-13.png'
00:09.157  render           | Saved: 'E:\Games\Epsilon\_retail_\Interface\AddOns\Omega_Hub\Modules\Dice\Media\Continuous\d20\land-001-14.png'
00:09.219  render           | Saved: 'E:\Games\Epsilon\_retail_\Interface\AddOns\Omega_Hub\Modules\Dice\Media\Continuous\d20\land-001-15.png'
00:09.282  render           | Saved: 'E:\Games\Epsilon\_retail_\Interface\AddOns\Omega_Hub\Modules\Dice\Media\Continuous\d20\land-001-16.png'
00:09.344  render           | Saved: 'E:\Games\Epsilon\_retail_\Interface\AddOns\Omega_Hub\Modules\Dice\Media\Continuous\d20\land-001-17.png'
00:09.407  render           | Saved: 'E:\Games\Epsilon\_retail_\Interface\AddOns\Omega_Hub\Modules\Dice\Media\Continuous\d20\land-001-18.png'
00:09.485  render           | Saved: 'E:\Games\Epsilon\_retail_\Interface\AddOns\Omega_Hub\Modules\Dice\Media\Continuous\d20\land-001-19.png'
00:09.610  render           | Saved: 'E:\Games\Epsilon\_retail_\Interface\AddOns\Omega_Hub\Modules\Dice\Media\Continuous\d20\land-001-20.png'
00:09.688  render           | Saved: 'E:\Games\Epsilon\_retail_\Interface\AddOns\Omega_Hub\Modules\Dice\Media\Continuous\d20\land-001-21.png'
00:09.766  render           | Saved: 'E:\Games\Epsilon\_retail_\Interface\AddOns\Omega_Hub\Modules\Dice\Media\Continuous\d20\land-001-22.png'
00:09.813  render           | Saved: 'E:\Games\Epsilon\_retail_\Interface\AddOns\Omega_Hub\Modules\Dice\Media\Continuous\d20\land-001-23.png'
00:09.891  render           | Saved: 'E:\Games\Epsilon\_retail_\Interface\AddOns\Omega_Hub\Modules\Dice\Media\Continuous\d20\land-001-24.png'
00:09.969  render           | Saved: 'E:\Games\Epsilon\_retail_\Interface\AddOns\Omega_Hub\Modules\Dice\Media\Continuous\d20\land-001-25.png'
00:10.079  render           | Saved: 'E:\Games\Epsilon\_retail_\Interface\AddOns\Omega_Hub\Modules\Dice\Media\Continuous\d20\land-001-26.png'
00:10.141  render           | Saved: 'E:\Games\Epsilon\_retail_\Interface\AddOns\Omega_Hub\Modules\Dice\Media\Continuous\d20\land-001-27.png'
00:10.204  render           | Saved: 'E:\Games\Epsilon\_retail_\Interface\AddOns\Omega_Hub\Modules\Dice\Media\Continuous\d20\land-001-28.png'
00:10.266  render           | Saved: 'E:\Games\Epsilon\_retail_\Interface\AddOns\Omega_Hub\Modules\Dice\Media\Continuous\d20\land-001-29.png'
00:10.344  render           | Saved: 'E:\Games\Epsilon\_retail_\Interface\AddOns\Omega_Hub\Modules\Dice\Media\Continuous\d20\land-001-30.png'
00:10.407  render           | Saved: 'E:\Games\Epsilon\_retail_\Interface\AddOns\Omega_Hub\Modules\Dice\Media\Continuous\d20\land-001-31.png'
00:10.516  render           | Saved: 'E:\Games\Epsilon\_retail_\Interface\AddOns\Omega_Hub\Modules\Dice\Media\Continuous\d20\land-001-32.png'
00:10.610  render           | Saved: 'E:\Games\Epsilon\_retail_\Interface\AddOns\Omega_Hub\Modules\Dice\Media\Continuous\d20\land-001-33.png'
00:10.672  render           | Saved: 'E:\Games\Epsilon\_retail_\Interface\AddOns\Omega_Hub\Modules\Dice\Media\Continuous\d20\land-001-34.png'
00:10.735  render           | Saved: 'E:\Games\Epsilon\_retail_\Interface\AddOns\Omega_Hub\Modules\Dice\Media\Continuous\d20\land-001-35.png'
00:10.797  render           | Saved: 'E:\Games\Epsilon\_retail_\Interface\AddOns\Omega_Hub\Modules\Dice\Media\Continuous\d20\land-001-36.png'
00:10.860  render           | Saved: 'E:\Games\Epsilon\_retail_\Interface\AddOns\Omega_Hub\Modules\Dice\Media\Continuous\d20\land-001-37.png'
00:10.938  render           | Saved: 'E:\Games\Epsilon\_retail_\Interface\AddOns\Omega_Hub\Modules\Dice\Media\Continuous\d20\land-001-38.png'
00:11.000  render           | Saved: 'E:\Games\Epsilon\_retail_\Interface\AddOns\Omega_Hub\Modules\Dice\Media\Continuous\d20\land-001-39.png'
00:11.079  render           | Saved: 'E:\Games\Epsilon\_retail_\Interface\AddOns\Omega_Hub\Modules\Dice\Media\Continuous\d20\land-001-40.png'
00:11.141  render           | Saved: 'E:\Games\Epsilon\_retail_\Interface\AddOns\Omega_Hub\Modules\Dice\Media\Continuous\d20\land-001-41.png'
00:11.204  render           | Saved: 'E:\Games\Epsilon\_retail_\Interface\AddOns\Omega_Hub\Modules\Dice\Media\Continuous\d20\land-001-42.png'
00:11.266  render           | Saved: 'E:\Games\Epsilon\_retail_\Interface\AddOns\Omega_Hub\Modules\Dice\Media\Continuous\d20\land-001-43.png'
00:11.329  render           | Saved: 'E:\Games\Epsilon\_retail_\Interface\AddOns\Omega_Hub\Modules\Dice\Media\Continuous\d20\land-001-44.png'
00:11.438  render           | Saved: 'E:\Games\Epsilon\_retail_\Interface\AddOns\Omega_Hub\Modules\Dice\Media\Continuous\d20\land-001-45.png'
00:11.485  render           | Saved: 'E:\Games\Epsilon\_retail_\Interface\AddOns\Omega_Hub\Modules\Dice\Media\Continuous\d20\land-001-46.png'
00:11.547  render           | Saved: 'E:\Games\Epsilon\_retail_\Interface\AddOns\Omega_Hub\Modules\Dice\Media\Continuous\d20\land-001-47.png'
00:11.641  render           | Saved: 'E:\Games\Epsilon\_retail_\Interface\AddOns\Omega_Hub\Modules\Dice\Media\Continuous\d20\land-002-00.png'
00:11.704  render           | Saved: 'E:\Games\Epsilon\_retail_\Interface\AddOns\Omega_Hub\Modules\Dice\Media\Continuous\d20\land-002-01.png'
00:11.782  render           | Saved: 'E:\Games\Epsilon\_retail_\Interface\AddOns\Omega_Hub\Modules\Dice\Media\Continuous\d20\land-002-02.png'
00:11.875  render           | Saved: 'E:\Games\Epsilon\_retail_\Interface\AddOns\Omega_Hub\Modules\Dice\Media\Continuous\d20\land-002-03.png'
00:11.938  render           | Saved: 'E:\Games\Epsilon\_retail_\Interface\AddOns\Omega_Hub\Modules\Dice\Media\Continuous\d20\land-002-04.png'
00:12.016  render           | Saved: 'E:\Games\Epsilon\_retail_\Interface\AddOns\Omega_Hub\Modules\Dice\Media\Continuous\d20\land-002-05.png'
00:12.079  render           | Saved: 'E:\Games\Epsilon\_retail_\Interface\AddOns\Omega_Hub\Modules\Dice\Media\Continuous\d20\land-002-06.png'
00:12.188  render           | Saved: 'E:\Games\Epsilon\_retail_\Interface\AddOns\Omega_Hub\Modules\Dice\Media\Continuous\d20\land-002-07.png'
00:12.266  render           | Saved: 'E:\Games\Epsilon\_retail_\Interface\AddOns\Omega_Hub\Modules\Dice\Media\Continuous\d20\land-002-08.png'
00:12.360  render           | Saved: 'E:\Games\Epsilon\_retail_\Interface\AddOns\Omega_Hub\Modules\Dice\Media\Continuous\d20\land-002-09.png'
00:12.422  render           | Saved: 'E:\Games\Epsilon\_retail_\Interface\AddOns\Omega_Hub\Modules\Dice\Media\Continuous\d20\land-002-10.png'
00:12.500  render           | Saved: 'E:\Games\Epsilon\_retail_\Interface\AddOns\Omega_Hub\Modules\Dice\Media\Continuous\d20\land-002-11.png'
00:12.610  render           | Saved: 'E:\Games\Epsilon\_retail_\Interface\AddOns\Omega_Hub\Modules\Dice\Media\Continuous\d20\land-002-12.png'
00:12.672  render           | Saved: 'E:\Games\Epsilon\_retail_\Interface\AddOns\Omega_Hub\Modules\Dice\Media\Continuous\d20\land-002-13.png'
00:12.735  render           | Saved: 'E:\Games\Epsilon\_retail_\Interface\AddOns\Omega_Hub\Modules\Dice\Media\Continuous\d20\land-002-14.png'
00:12.829  render           | Saved: 'E:\Games\Epsilon\_retail_\Interface\AddOns\Omega_Hub\Modules\Dice\Media\Continuous\d20\land-002-15.png'
00:12.954  render           | Saved: 'E:\Games\Epsilon\_retail_\Interface\AddOns\Omega_Hub\Modules\Dice\Media\Continuous\d20\land-002-16.png'
00:13.016  render           | Saved: 'E:\Games\Epsilon\_retail_\Interface\AddOns\Omega_Hub\Modules\Dice\Media\Continuous\d20\land-002-17.png'
00:13.079  render           | Saved: 'E:\Games\Epsilon\_retail_\Interface\AddOns\Omega_Hub\Modules\Dice\Media\Continuous\d20\land-002-18.png'
00:13.141  render           | Saved: 'E:\Games\Epsilon\_retail_\Interface\AddOns\Omega_Hub\Modules\Dice\Media\Continuous\d20\land-002-19.png'
00:13.282  render           | Saved: 'E:\Games\Epsilon\_retail_\Interface\AddOns\Omega_Hub\Modules\Dice\Media\Continuous\d20\land-002-20.png'
00:13.360  render           | Saved: 'E:\Games\Epsilon\_retail_\Interface\AddOns\Omega_Hub\Modules\Dice\Media\Continuous\d20\land-002-21.png'
00:13.422  render           | Saved: 'E:\Games\Epsilon\_retail_\Interface\AddOns\Omega_Hub\Modules\Dice\Media\Continuous\d20\land-002-22.png'
00:13.500  render           | Saved: 'E:\Games\Epsilon\_retail_\Interface\AddOns\Omega_Hub\Modules\Dice\Media\Continuous\d20\land-002-23.png'
00:13.563  render           | Saved: 'E:\Games\Epsilon\_retail_\Interface\AddOns\Omega_Hub\Modules\Dice\Media\Continuous\d20\land-002-24.png'
00:13.641  render           | Saved: 'E:\Games\Epsilon\_retail_\Interface\AddOns\Omega_Hub\Modules\Dice\Media\Continuous\d20\land-002-25.png'
00:13.766  render           | Saved: 'E:\Games\Epsilon\_retail_\Interface\AddOns\Omega_Hub\Modules\Dice\Media\Continuous\d20\land-002-26.png'
00:13.875  render           | Saved: 'E:\Games\Epsilon\_retail_\Interface\AddOns\Omega_Hub\Modules\Dice\Media\Continuous\d20\land-002-27.png'
00:13.938  render           | Saved: 'E:\Games\Epsilon\_retail_\Interface\AddOns\Omega_Hub\Modules\Dice\Media\Continuous\d20\land-002-28.png'
00:14.000  render           | Saved: 'E:\Games\Epsilon\_retail_\Interface\AddOns\Omega_Hub\Modules\Dice\Media\Continuous\d20\land-002-29.png'
00:14.063  render           | Saved: 'E:\Games\Epsilon\_retail_\Interface\AddOns\Omega_Hub\Modules\Dice\Media\Continuous\d20\land-002-30.png'
00:14.157  render           | Saved: 'E:\Games\Epsilon\_retail_\Interface\AddOns\Omega_Hub\Modules\Dice\Media\Continuous\d20\land-002-31.png'
00:14.235  render           | Saved: 'E:\Games\Epsilon\_retail_\Interface\AddOns\Omega_Hub\Modules\Dice\Media\Continuous\d20\land-002-32.png'
00:14.313  render           | Saved: 'E:\Games\Epsilon\_retail_\Interface\AddOns\Omega_Hub\Modules\Dice\Media\Continuous\d20\land-002-33.png'
00:14.391  render           | Saved: 'E:\Games\Epsilon\_retail_\Interface\AddOns\Omega_Hub\Modules\Dice\Media\Continuous\d20\land-002-34.png'
00:14.454  render           | Saved: 'E:\Games\Epsilon\_retail_\Interface\AddOns\Omega_Hub\Modules\Dice\Media\Continuous\d20\land-002-35.png'
00:14.500  render           | Saved: 'E:\Games\Epsilon\_retail_\Interface\AddOns\Omega_Hub\Modules\Dice\Media\Continuous\d20\land-002-36.png'
00:14.610  render           | Saved: 'E:\Games\Epsilon\_retail_\Interface\AddOns\Omega_Hub\Modules\Dice\Media\Continuous\d20\land-002-37.png'
00:14.688  render           | Saved: 'E:\Games\Epsilon\_retail_\Interface\AddOns\Omega_Hub\Modules\Dice\Media\Continuous\d20\land-002-38.png'
00:14.766  render           | Saved: 'E:\Games\Epsilon\_retail_\Interface\AddOns\Omega_Hub\Modules\Dice\Media\Continuous\d20\land-002-39.png'
00:14.829  render           | Saved: 'E:\Games\Epsilon\_retail_\Interface\AddOns\Omega_Hub\Modules\Dice\Media\Continuous\d20\land-002-40.png'
00:14.891  render           | Saved: 'E:\Games\Epsilon\_retail_\Interface\AddOns\Omega_Hub\Modules\Dice\Media\Continuous\d20\land-002-41.png'
00:14.954  render           | Saved: 'E:\Games\Epsilon\_retail_\Interface\AddOns\Omega_Hub\Modules\Dice\Media\Continuous\d20\land-002-42.png'
00:15.063  render           | Saved: 'E:\Games\Epsilon\_retail_\Interface\AddOns\Omega_Hub\Modules\Dice\Media\Continuous\d20\land-002-43.png'
00:15.188  render           | Saved: 'E:\Games\Epsilon\_retail_\Interface\AddOns\Omega_Hub\Modules\Dice\Media\Continuous\d20\land-002-44.png'
00:15.250  render           | Saved: 'E:\Games\Epsilon\_retail_\Interface\AddOns\Omega_Hub\Modules\Dice\Media\Continuous\d20\land-002-45.png'
00:15.313  render           | Saved: 'E:\Games\Epsilon\_retail_\Interface\AddOns\Omega_Hub\Modules\Dice\Media\Continuous\d20\land-002-46.png'
00:15.375  render           | Saved: 'E:\Games\Epsilon\_retail_\Interface\AddOns\Omega_Hub\Modules\Dice\Media\Continuous\d20\land-002-47.png'
00:15.485  render           | Saved: 'E:\Games\Epsilon\_retail_\Interface\AddOns\Omega_Hub\Modules\Dice\Media\Continuous\d20\land-003-00.png'
00:15.563  render           | Saved: 'E:\Games\Epsilon\_retail_\Interface\AddOns\Omega_Hub\Modules\Dice\Media\Continuous\d20\land-003-01.png'
00:15.641  render           | Saved: 'E:\Games\Epsilon\_retail_\Interface\AddOns\Omega_Hub\Modules\Dice\Media\Continuous\d20\land-003-02.png'
00:15.719  render           | Saved: 'E:\Games\Epsilon\_retail_\Interface\AddOns\Omega_Hub\Modules\Dice\Media\Continuous\d20\land-003-03.png'
00:15.782  render           | Saved: 'E:\Games\Epsilon\_retail_\Interface\AddOns\Omega_Hub\Modules\Dice\Media\Continuous\d20\land-003-04.png'
00:15.844  render           | Saved: 'E:\Games\Epsilon\_retail_\Interface\AddOns\Omega_Hub\Modules\Dice\Media\Continuous\d20\land-003-05.png'
00:15.954  render           | Saved: 'E:\Games\Epsilon\_retail_\Interface\AddOns\Omega_Hub\Modules\Dice\Media\Continuous\d20\land-003-06.png'
00:16.079  render           | Saved: 'E:\Games\Epsilon\_retail_\Interface\AddOns\Omega_Hub\Modules\Dice\Media\Continuous\d20\land-003-07.png'
00:16.141  render           | Saved: 'E:\Games\Epsilon\_retail_\Interface\AddOns\Omega_Hub\Modules\Dice\Media\Continuous\d20\land-003-08.png'
00:16.204  render           | Saved: 'E:\Games\Epsilon\_retail_\Interface\AddOns\Omega_Hub\Modules\Dice\Media\Continuous\d20\land-003-09.png'
00:16.266  render           | Saved: 'E:\Games\Epsilon\_retail_\Interface\AddOns\Omega_Hub\Modules\Dice\Media\Continuous\d20\land-003-10.png'
00:16.391  render           | Saved: 'E:\Games\Epsilon\_retail_\Interface\AddOns\Omega_Hub\Modules\Dice\Media\Continuous\d20\land-003-11.png'
00:16.485  render           | Saved: 'E:\Games\Epsilon\_retail_\Interface\AddOns\Omega_Hub\Modules\Dice\Media\Continuous\d20\land-003-12.png'
00:16.547  render           | Saved: 'E:\Games\Epsilon\_retail_\Interface\AddOns\Omega_Hub\Modules\Dice\Media\Continuous\d20\land-003-13.png'
00:16.610  render           | Saved: 'E:\Games\Epsilon\_retail_\Interface\AddOns\Omega_Hub\Modules\Dice\Media\Continuous\d20\land-003-14.png'
00:16.750  render           | Saved: 'E:\Games\Epsilon\_retail_\Interface\AddOns\Omega_Hub\Modules\Dice\Media\Continuous\d20\land-003-15.png'
00:16.844  render           | Saved: 'E:\Games\Epsilon\_retail_\Interface\AddOns\Omega_Hub\Modules\Dice\Media\Continuous\d20\land-003-16.png'
00:16.954  render           | Saved: 'E:\Games\Epsilon\_retail_\Interface\AddOns\Omega_Hub\Modules\Dice\Media\Continuous\d20\land-003-17.png'
00:17.016  render           | Saved: 'E:\Games\Epsilon\_retail_\Interface\AddOns\Omega_Hub\Modules\Dice\Media\Continuous\d20\land-003-18.png'
00:17.094  render           | Saved: 'E:\Games\Epsilon\_retail_\Interface\AddOns\Omega_Hub\Modules\Dice\Media\Continuous\d20\land-003-19.png'
00:17.157  render           | Saved: 'E:\Games\Epsilon\_retail_\Interface\AddOns\Omega_Hub\Modules\Dice\Media\Continuous\d20\land-003-20.png'
00:17.282  render           | Saved: 'E:\Games\Epsilon\_retail_\Interface\AddOns\Omega_Hub\Modules\Dice\Media\Continuous\d20\land-003-21.png'
00:17.391  render           | Saved: 'E:\Games\Epsilon\_retail_\Interface\AddOns\Omega_Hub\Modules\Dice\Media\Continuous\d20\land-003-22.png'
00:17.469  render           | Saved: 'E:\Games\Epsilon\_retail_\Interface\AddOns\Omega_Hub\Modules\Dice\Media\Continuous\d20\land-003-23.png'
00:17.563  render           | Saved: 'E:\Games\Epsilon\_retail_\Interface\AddOns\Omega_Hub\Modules\Dice\Media\Continuous\d20\land-003-24.png'
00:17.641  render           | Saved: 'E:\Games\Epsilon\_retail_\Interface\AddOns\Omega_Hub\Modules\Dice\Media\Continuous\d20\land-003-25.png'
00:17.719  render           | Saved: 'E:\Games\Epsilon\_retail_\Interface\AddOns\Omega_Hub\Modules\Dice\Media\Continuous\d20\land-003-26.png'
00:17.797  render           | Saved: 'E:\Games\Epsilon\_retail_\Interface\AddOns\Omega_Hub\Modules\Dice\Media\Continuous\d20\land-003-27.png'
00:17.875  render           | Saved: 'E:\Games\Epsilon\_retail_\Interface\AddOns\Omega_Hub\Modules\Dice\Media\Continuous\d20\land-003-28.png'
00:17.938  render           | Saved: 'E:\Games\Epsilon\_retail_\Interface\AddOns\Omega_Hub\Modules\Dice\Media\Continuous\d20\land-003-29.png'
00:18.000  render           | Saved: 'E:\Games\Epsilon\_retail_\Interface\AddOns\Omega_Hub\Modules\Dice\Media\Continuous\d20\land-003-30.png'
00:18.079  render           | Saved: 'E:\Games\Epsilon\_retail_\Interface\AddOns\Omega_Hub\Modules\Dice\Media\Continuous\d20\land-003-31.png'
00:18.141  render           | Saved: 'E:\Games\Epsilon\_retail_\Interface\AddOns\Omega_Hub\Modules\Dice\Media\Continuous\d20\land-003-32.png'
00:18.204  render           | Saved: 'E:\Games\Epsilon\_retail_\Interface\AddOns\Omega_Hub\Modules\Dice\Media\Continuous\d20\land-003-33.png'
00:18.313  render           | Saved: 'E:\Games\Epsilon\_retail_\Interface\AddOns\Omega_Hub\Modules\Dice\Media\Continuous\d20\land-003-34.png'
00:18.375  render           | Saved: 'E:\Games\Epsilon\_retail_\Interface\AddOns\Omega_Hub\Modules\Dice\Media\Continuous\d20\land-003-35.png'
00:18.438  render           | Saved: 'E:\Games\Epsilon\_retail_\Interface\AddOns\Omega_Hub\Modules\Dice\Media\Continuous\d20\land-003-36.png'
00:18.516  render           | Saved: 'E:\Games\Epsilon\_retail_\Interface\AddOns\Omega_Hub\Modules\Dice\Media\Continuous\d20\land-003-37.png'
00:18.579  render           | Saved: 'E:\Games\Epsilon\_retail_\Interface\AddOns\Omega_Hub\Modules\Dice\Media\Continuous\d20\land-003-38.png'
00:18.657  render           | Saved: 'E:\Games\Epsilon\_retail_\Interface\AddOns\Omega_Hub\Modules\Dice\Media\Continuous\d20\land-003-39.png'
00:18.766  render           | Saved: 'E:\Games\Epsilon\_retail_\Interface\AddOns\Omega_Hub\Modules\Dice\Media\Continuous\d20\land-003-40.png'
00:18.829  render           | Saved: 'E:\Games\Epsilon\_retail_\Interface\AddOns\Omega_Hub\Modules\Dice\Media\Continuous\d20\land-003-41.png'
00:18.907  render           | Saved: 'E:\Games\Epsilon\_retail_\Interface\AddOns\Omega_Hub\Modules\Dice\Media\Continuous\d20\land-003-42.png'
00:19.016  render           | Saved: 'E:\Games\Epsilon\_retail_\Interface\AddOns\Omega_Hub\Modules\Dice\Media\Continuous\d20\land-003-43.png'
00:19.094  render           | Saved: 'E:\Games\Epsilon\_retail_\Interface\AddOns\Omega_Hub\Modules\Dice\Media\Continuous\d20\land-003-44.png'
00:19.157  render           | Saved: 'E:\Games\Epsilon\_retail_\Interface\AddOns\Omega_Hub\Modules\Dice\Media\Continuous\d20\land-003-45.png'
00:19.250  render           | Saved: 'E:\Games\Epsilon\_retail_\Interface\AddOns\Omega_Hub\Modules\Dice\Media\Continuous\d20\land-003-46.png'
00:19.313  render           | Saved: 'E:\Games\Epsilon\_retail_\Interface\AddOns\Omega_Hub\Modules\Dice\Media\Continuous\d20\land-003-47.png'
00:19.391  render           | Saved: 'E:\Games\Epsilon\_retail_\Interface\AddOns\Omega_Hub\Modules\Dice\Media\Continuous\d20\land-004-00.png'
00:19.469  render           | Saved: 'E:\Games\Epsilon\_retail_\Interface\AddOns\Omega_Hub\Modules\Dice\Media\Continuous\d20\land-004-01.png'
00:19.579  render           | Saved: 'E:\Games\Epsilon\_retail_\Interface\AddOns\Omega_Hub\Modules\Dice\Media\Continuous\d20\land-004-02.png'
00:19.688  render           | Saved: 'E:\Games\Epsilon\_retail_\Interface\AddOns\Omega_Hub\Modules\Dice\Media\Continuous\d20\land-004-03.png'
00:19.735  render           | Saved: 'E:\Games\Epsilon\_retail_\Interface\AddOns\Omega_Hub\Modules\Dice\Media\Continuous\d20\land-004-04.png'
00:19.813  render           | Saved: 'E:\Games\Epsilon\_retail_\Interface\AddOns\Omega_Hub\Modules\Dice\Media\Continuous\d20\land-004-05.png'
00:19.922  render           | Saved: 'E:\Games\Epsilon\_retail_\Interface\AddOns\Omega_Hub\Modules\Dice\Media\Continuous\d20\land-004-06.png'
00:19.985  render           | Saved: 'E:\Games\Epsilon\_retail_\Interface\AddOns\Omega_Hub\Modules\Dice\Media\Continuous\d20\land-004-07.png'
00:20.063  render           | Saved: 'E:\Games\Epsilon\_retail_\Interface\AddOns\Omega_Hub\Modules\Dice\Media\Continuous\d20\land-004-08.png'
00:20.157  render           | Saved: 'E:\Games\Epsilon\_retail_\Interface\AddOns\Omega_Hub\Modules\Dice\Media\Continuous\d20\land-004-09.png'
00:20.219  render           | Saved: 'E:\Games\Epsilon\_retail_\Interface\AddOns\Omega_Hub\Modules\Dice\Media\Continuous\d20\land-004-10.png'
00:20.344  render           | Saved: 'E:\Games\Epsilon\_retail_\Interface\AddOns\Omega_Hub\Modules\Dice\Media\Continuous\d20\land-004-11.png'
00:20.407  render           | Saved: 'E:\Games\Epsilon\_retail_\Interface\AddOns\Omega_Hub\Modules\Dice\Media\Continuous\d20\land-004-12.png'
00:20.469  render           | Saved: 'E:\Games\Epsilon\_retail_\Interface\AddOns\Omega_Hub\Modules\Dice\Media\Continuous\d20\land-004-13.png'
00:20.579  render           | Saved: 'E:\Games\Epsilon\_retail_\Interface\AddOns\Omega_Hub\Modules\Dice\Media\Continuous\d20\land-004-14.png'
00:20.641  render           | Saved: 'E:\Games\Epsilon\_retail_\Interface\AddOns\Omega_Hub\Modules\Dice\Media\Continuous\d20\land-004-15.png'
00:20.719  render           | Saved: 'E:\Games\Epsilon\_retail_\Interface\AddOns\Omega_Hub\Modules\Dice\Media\Continuous\d20\land-004-16.png'
00:20.797  render           | Saved: 'E:\Games\Epsilon\_retail_\Interface\AddOns\Omega_Hub\Modules\Dice\Media\Continuous\d20\land-004-17.png'
00:20.875  render           | Saved: 'E:\Games\Epsilon\_retail_\Interface\AddOns\Omega_Hub\Modules\Dice\Media\Continuous\d20\land-004-18.png'
00:20.985  render           | Saved: 'E:\Games\Epsilon\_retail_\Interface\AddOns\Omega_Hub\Modules\Dice\Media\Continuous\d20\land-004-19.png'
00:21.047  render           | Saved: 'E:\Games\Epsilon\_retail_\Interface\AddOns\Omega_Hub\Modules\Dice\Media\Continuous\d20\land-004-20.png'
00:21.110  render           | Saved: 'E:\Games\Epsilon\_retail_\Interface\AddOns\Omega_Hub\Modules\Dice\Media\Continuous\d20\land-004-21.png'
00:21.219  render           | Saved: 'E:\Games\Epsilon\_retail_\Interface\AddOns\Omega_Hub\Modules\Dice\Media\Continuous\d20\land-004-22.png'
00:21.282  render           | Saved: 'E:\Games\Epsilon\_retail_\Interface\AddOns\Omega_Hub\Modules\Dice\Media\Continuous\d20\land-004-23.png'
00:21.360  render           | Saved: 'E:\Games\Epsilon\_retail_\Interface\AddOns\Omega_Hub\Modules\Dice\Media\Continuous\d20\land-004-24.png'
00:21.454  render           | Saved: 'E:\Games\Epsilon\_retail_\Interface\AddOns\Omega_Hub\Modules\Dice\Media\Continuous\d20\land-004-25.png'
00:21.516  render           | Saved: 'E:\Games\Epsilon\_retail_\Interface\AddOns\Omega_Hub\Modules\Dice\Media\Continuous\d20\land-004-26.png'
00:21.594  render           | Saved: 'E:\Games\Epsilon\_retail_\Interface\AddOns\Omega_Hub\Modules\Dice\Media\Continuous\d20\land-004-27.png'
00:21.657  render           | Saved: 'E:\Games\Epsilon\_retail_\Interface\AddOns\Omega_Hub\Modules\Dice\Media\Continuous\d20\land-004-28.png'
00:21.735  render           | Saved: 'E:\Games\Epsilon\_retail_\Interface\AddOns\Omega_Hub\Modules\Dice\Media\Continuous\d20\land-004-29.png'
00:21.797  render           | Saved: 'E:\Games\Epsilon\_retail_\Interface\AddOns\Omega_Hub\Modules\Dice\Media\Continuous\d20\land-004-30.png'
00:21.891  render           | Saved: 'E:\Games\Epsilon\_retail_\Interface\AddOns\Omega_Hub\Modules\Dice\Media\Continuous\d20\land-004-31.png'
00:21.969  render           | Saved: 'E:\Games\Epsilon\_retail_\Interface\AddOns\Omega_Hub\Modules\Dice\Media\Continuous\d20\land-004-32.png'
00:22.032  render           | Saved: 'E:\Games\Epsilon\_retail_\Interface\AddOns\Omega_Hub\Modules\Dice\Media\Continuous\d20\land-004-33.png'
00:22.110  render           | Saved: 'E:\Games\Epsilon\_retail_\Interface\AddOns\Omega_Hub\Modules\Dice\Media\Continuous\d20\land-004-34.png'
00:22.172  render           | Saved: 'E:\Games\Epsilon\_retail_\Interface\AddOns\Omega_Hub\Modules\Dice\Media\Continuous\d20\land-004-35.png'
00:22.235  render           | Saved: 'E:\Games\Epsilon\_retail_\Interface\AddOns\Omega_Hub\Modules\Dice\Media\Continuous\d20\land-004-36.png'
00:22.329  render           | Saved: 'E:\Games\Epsilon\_retail_\Interface\AddOns\Omega_Hub\Modules\Dice\Media\Continuous\d20\land-004-37.png'
00:22.391  render           | Saved: 'E:\Games\Epsilon\_retail_\Interface\AddOns\Omega_Hub\Modules\Dice\Media\Continuous\d20\land-004-38.png'
00:22.454  render           | Saved: 'E:\Games\Epsilon\_retail_\Interface\AddOns\Omega_Hub\Modules\Dice\Media\Continuous\d20\land-004-39.png'
00:22.532  render           | Saved: 'E:\Games\Epsilon\_retail_\Interface\AddOns\Omega_Hub\Modules\Dice\Media\Continuous\d20\land-004-40.png'
00:22.594  render           | Saved: 'E:\Games\Epsilon\_retail_\Interface\AddOns\Omega_Hub\Modules\Dice\Media\Continuous\d20\land-004-41.png'
00:22.672  render           | Saved: 'E:\Games\Epsilon\_retail_\Interface\AddOns\Omega_Hub\Modules\Dice\Media\Continuous\d20\land-004-42.png'
00:22.766  render           | Saved: 'E:\Games\Epsilon\_retail_\Interface\AddOns\Omega_Hub\Modules\Dice\Media\Continuous\d20\land-004-43.png'
00:22.844  render           | Saved: 'E:\Games\Epsilon\_retail_\Interface\AddOns\Omega_Hub\Modules\Dice\Media\Continuous\d20\land-004-44.png'
00:23.000  render           | Saved: 'E:\Games\Epsilon\_retail_\Interface\AddOns\Omega_Hub\Modules\Dice\Media\Continuous\d20\land-004-45.png'
00:23.063  render           | Saved: 'E:\Games\Epsilon\_retail_\Interface\AddOns\Omega_Hub\Modules\Dice\Media\Continuous\d20\land-004-46.png'
00:23.141  render           | Saved: 'E:\Games\Epsilon\_retail_\Interface\AddOns\Omega_Hub\Modules\Dice\Media\Continuous\d20\land-004-47.png'
00:23.204  render           | Saved: 'E:\Games\Epsilon\_retail_\Interface\AddOns\Omega_Hub\Modules\Dice\Media\Continuous\d20\land-005-00.png'
00:23.266  render           | Saved: 'E:\Games\Epsilon\_retail_\Interface\AddOns\Omega_Hub\Modules\Dice\Media\Continuous\d20\land-005-01.png'
00:23.344  render           | Saved: 'E:\Games\Epsilon\_retail_\Interface\AddOns\Omega_Hub\Modules\Dice\Media\Continuous\d20\land-005-02.png'
00:23.454  render           | Saved: 'E:\Games\Epsilon\_retail_\Interface\AddOns\Omega_Hub\Modules\Dice\Media\Continuous\d20\land-005-03.png'
00:23.516  render           | Saved: 'E:\Games\Epsilon\_retail_\Interface\AddOns\Omega_Hub\Modules\Dice\Media\Continuous\d20\land-005-04.png'
00:23.641  render           | Saved: 'E:\Games\Epsilon\_retail_\Interface\AddOns\Omega_Hub\Modules\Dice\Media\Continuous\d20\land-005-05.png'
00:23.704  render           | Saved: 'E:\Games\Epsilon\_retail_\Interface\AddOns\Omega_Hub\Modules\Dice\Media\Continuous\d20\land-005-06.png'
00:23.766  render           | Saved: 'E:\Games\Epsilon\_retail_\Interface\AddOns\Omega_Hub\Modules\Dice\Media\Continuous\d20\land-005-07.png'
00:23.891  render           | Saved: 'E:\Games\Epsilon\_retail_\Interface\AddOns\Omega_Hub\Modules\Dice\Media\Continuous\d20\land-005-08.png'
00:23.954  render           | Saved: 'E:\Games\Epsilon\_retail_\Interface\AddOns\Omega_Hub\Modules\Dice\Media\Continuous\d20\land-005-09.png'
00:24.063  render           | Saved: 'E:\Games\Epsilon\_retail_\Interface\AddOns\Omega_Hub\Modules\Dice\Media\Continuous\d20\land-005-10.png'
00:24.125  render           | Saved: 'E:\Games\Epsilon\_retail_\Interface\AddOns\Omega_Hub\Modules\Dice\Media\Continuous\d20\land-005-11.png'
00:24.188  render           | Saved: 'E:\Games\Epsilon\_retail_\Interface\AddOns\Omega_Hub\Modules\Dice\Media\Continuous\d20\land-005-12.png'
00:24.266  render           | Saved: 'E:\Games\Epsilon\_retail_\Interface\AddOns\Omega_Hub\Modules\Dice\Media\Continuous\d20\land-005-13.png'
00:24.329  render           | Saved: 'E:\Games\Epsilon\_retail_\Interface\AddOns\Omega_Hub\Modules\Dice\Media\Continuous\d20\land-005-14.png'
00:24.407  render           | Saved: 'E:\Games\Epsilon\_retail_\Interface\AddOns\Omega_Hub\Modules\Dice\Media\Continuous\d20\land-005-15.png'
00:24.469  render           | Saved: 'E:\Games\Epsilon\_retail_\Interface\AddOns\Omega_Hub\Modules\Dice\Media\Continuous\d20\land-005-16.png'
00:24.547  render           | Saved: 'E:\Games\Epsilon\_retail_\Interface\AddOns\Omega_Hub\Modules\Dice\Media\Continuous\d20\land-005-17.png'
00:24.594  render           | Saved: 'E:\Games\Epsilon\_retail_\Interface\AddOns\Omega_Hub\Modules\Dice\Media\Continuous\d20\land-005-18.png'
00:24.672  render           | Saved: 'E:\Games\Epsilon\_retail_\Interface\AddOns\Omega_Hub\Modules\Dice\Media\Continuous\d20\land-005-19.png'
00:24.766  render           | Saved: 'E:\Games\Epsilon\_retail_\Interface\AddOns\Omega_Hub\Modules\Dice\Media\Continuous\d20\land-005-20.png'
00:24.829  render           | Saved: 'E:\Games\Epsilon\_retail_\Interface\AddOns\Omega_Hub\Modules\Dice\Media\Continuous\d20\land-005-21.png'
00:24.907  render           | Saved: 'E:\Games\Epsilon\_retail_\Interface\AddOns\Omega_Hub\Modules\Dice\Media\Continuous\d20\land-005-22.png'
00:25.016  render           | Saved: 'E:\Games\Epsilon\_retail_\Interface\AddOns\Omega_Hub\Modules\Dice\Media\Continuous\d20\land-005-23.png'
00:25.094  render           | Saved: 'E:\Games\Epsilon\_retail_\Interface\AddOns\Omega_Hub\Modules\Dice\Media\Continuous\d20\land-005-24.png'
00:25.204  render           | Saved: 'E:\Games\Epsilon\_retail_\Interface\AddOns\Omega_Hub\Modules\Dice\Media\Continuous\d20\land-005-25.png'
00:25.250  render           | Saved: 'E:\Games\Epsilon\_retail_\Interface\AddOns\Omega_Hub\Modules\Dice\Media\Continuous\d20\land-005-26.png'
00:25.313  render           | Saved: 'E:\Games\Epsilon\_retail_\Interface\AddOns\Omega_Hub\Modules\Dice\Media\Continuous\d20\land-005-27.png'
00:25.422  render           | Saved: 'E:\Games\Epsilon\_retail_\Interface\AddOns\Omega_Hub\Modules\Dice\Media\Continuous\d20\land-005-28.png'
00:25.469  render           | Saved: 'E:\Games\Epsilon\_retail_\Interface\AddOns\Omega_Hub\Modules\Dice\Media\Continuous\d20\land-005-29.png'
00:25.547  render           | Saved: 'E:\Games\Epsilon\_retail_\Interface\AddOns\Omega_Hub\Modules\Dice\Media\Continuous\d20\land-005-30.png'
00:25.641  render           | Saved: 'E:\Games\Epsilon\_retail_\Interface\AddOns\Omega_Hub\Modules\Dice\Media\Continuous\d20\land-005-31.png'
00:25.704  render           | Saved: 'E:\Games\Epsilon\_retail_\Interface\AddOns\Omega_Hub\Modules\Dice\Media\Continuous\d20\land-005-32.png'
00:25.782  render           | Saved: 'E:\Games\Epsilon\_retail_\Interface\AddOns\Omega_Hub\Modules\Dice\Media\Continuous\d20\land-005-33.png'
00:25.891  render           | Saved: 'E:\Games\Epsilon\_retail_\Interface\AddOns\Omega_Hub\Modules\Dice\Media\Continuous\d20\land-005-34.png'
00:25.969  render           | Saved: 'E:\Games\Epsilon\_retail_\Interface\AddOns\Omega_Hub\Modules\Dice\Media\Continuous\d20\land-005-35.png'
00:26.063  render           | Saved: 'E:\Games\Epsilon\_retail_\Interface\AddOns\Omega_Hub\Modules\Dice\Media\Continuous\d20\land-005-36.png'
00:26.125  render           | Saved: 'E:\Games\Epsilon\_retail_\Interface\AddOns\Omega_Hub\Modules\Dice\Media\Continuous\d20\land-005-37.png'
00:26.188  render           | Saved: 'E:\Games\Epsilon\_retail_\Interface\AddOns\Omega_Hub\Modules\Dice\Media\Continuous\d20\land-005-38.png'
00:26.266  render           | Saved: 'E:\Games\Epsilon\_retail_\Interface\AddOns\Omega_Hub\Modules\Dice\Media\Continuous\d20\land-005-39.png'
00:26.344  render           | Saved: 'E:\Games\Epsilon\_retail_\Interface\AddOns\Omega_Hub\Modules\Dice\Media\Continuous\d20\land-005-40.png'
00:26.422  render           | Saved: 'E:\Games\Epsilon\_retail_\Interface\AddOns\Omega_Hub\Modules\Dice\Media\Continuous\d20\land-005-41.png'
00:26.516  render           | Saved: 'E:\Games\Epsilon\_retail_\Interface\AddOns\Omega_Hub\Modules\Dice\Media\Continuous\d20\land-005-42.png'
00:26.579  render           | Saved: 'E:\Games\Epsilon\_retail_\Interface\AddOns\Omega_Hub\Modules\Dice\Media\Continuous\d20\land-005-43.png'
00:26.657  render           | Saved: 'E:\Games\Epsilon\_retail_\Interface\AddOns\Omega_Hub\Modules\Dice\Media\Continuous\d20\land-005-44.png'
00:26.750  render           | Saved: 'E:\Games\Epsilon\_retail_\Interface\AddOns\Omega_Hub\Modules\Dice\Media\Continuous\d20\land-005-45.png'
00:26.813  render           | Saved: 'E:\Games\Epsilon\_retail_\Interface\AddOns\Omega_Hub\Modules\Dice\Media\Continuous\d20\land-005-46.png'
00:26.891  render           | Saved: 'E:\Games\Epsilon\_retail_\Interface\AddOns\Omega_Hub\Modules\Dice\Media\Continuous\d20\land-005-47.png'
00:26.954  render           | Saved: 'E:\Games\Epsilon\_retail_\Interface\AddOns\Omega_Hub\Modules\Dice\Media\Continuous\d20\land-006-00.png'
00:27.016  render           | Saved: 'E:\Games\Epsilon\_retail_\Interface\AddOns\Omega_Hub\Modules\Dice\Media\Continuous\d20\land-006-01.png'
00:27.094  render           | Saved: 'E:\Games\Epsilon\_retail_\Interface\AddOns\Omega_Hub\Modules\Dice\Media\Continuous\d20\land-006-02.png'
00:27.188  render           | Saved: 'E:\Games\Epsilon\_retail_\Interface\AddOns\Omega_Hub\Modules\Dice\Media\Continuous\d20\land-006-03.png'
00:27.250  render           | Saved: 'E:\Games\Epsilon\_retail_\Interface\AddOns\Omega_Hub\Modules\Dice\Media\Continuous\d20\land-006-04.png'
00:27.375  render           | Saved: 'E:\Games\Epsilon\_retail_\Interface\AddOns\Omega_Hub\Modules\Dice\Media\Continuous\d20\land-006-05.png'
00:27.422  render           | Saved: 'E:\Games\Epsilon\_retail_\Interface\AddOns\Omega_Hub\Modules\Dice\Media\Continuous\d20\land-006-06.png'
00:27.532  render           | Saved: 'E:\Games\Epsilon\_retail_\Interface\AddOns\Omega_Hub\Modules\Dice\Media\Continuous\d20\land-006-07.png'
00:27.610  render           | Saved: 'E:\Games\Epsilon\_retail_\Interface\AddOns\Omega_Hub\Modules\Dice\Media\Continuous\d20\land-006-08.png'
00:27.672  render           | Saved: 'E:\Games\Epsilon\_retail_\Interface\AddOns\Omega_Hub\Modules\Dice\Media\Continuous\d20\land-006-09.png'
00:27.750  render           | Saved: 'E:\Games\Epsilon\_retail_\Interface\AddOns\Omega_Hub\Modules\Dice\Media\Continuous\d20\land-006-10.png'
00:27.813  render           | Saved: 'E:\Games\Epsilon\_retail_\Interface\AddOns\Omega_Hub\Modules\Dice\Media\Continuous\d20\land-006-11.png'
00:27.875  render           | Saved: 'E:\Games\Epsilon\_retail_\Interface\AddOns\Omega_Hub\Modules\Dice\Media\Continuous\d20\land-006-12.png'
00:27.954  render           | Saved: 'E:\Games\Epsilon\_retail_\Interface\AddOns\Omega_Hub\Modules\Dice\Media\Continuous\d20\land-006-13.png'
00:28.047  render           | Saved: 'E:\Games\Epsilon\_retail_\Interface\AddOns\Omega_Hub\Modules\Dice\Media\Continuous\d20\land-006-14.png'
00:28.110  render           | Saved: 'E:\Games\Epsilon\_retail_\Interface\AddOns\Omega_Hub\Modules\Dice\Media\Continuous\d20\land-006-15.png'
00:28.219  render           | Saved: 'E:\Games\Epsilon\_retail_\Interface\AddOns\Omega_Hub\Modules\Dice\Media\Continuous\d20\land-006-16.png'
00:28.282  render           | Saved: 'E:\Games\Epsilon\_retail_\Interface\AddOns\Omega_Hub\Modules\Dice\Media\Continuous\d20\land-006-17.png'
00:28.344  render           | Saved: 'E:\Games\Epsilon\_retail_\Interface\AddOns\Omega_Hub\Modules\Dice\Media\Continuous\d20\land-006-18.png'
00:28.422  render           | Saved: 'E:\Games\Epsilon\_retail_\Interface\AddOns\Omega_Hub\Modules\Dice\Media\Continuous\d20\land-006-19.png'
00:28.485  render           | Saved: 'E:\Games\Epsilon\_retail_\Interface\AddOns\Omega_Hub\Modules\Dice\Media\Continuous\d20\land-006-20.png'
00:28.579  render           | Saved: 'E:\Games\Epsilon\_retail_\Interface\AddOns\Omega_Hub\Modules\Dice\Media\Continuous\d20\land-006-21.png'
00:28.735  render           | Saved: 'E:\Games\Epsilon\_retail_\Interface\AddOns\Omega_Hub\Modules\Dice\Media\Continuous\d20\land-006-22.png'
00:28.797  render           | Saved: 'E:\Games\Epsilon\_retail_\Interface\AddOns\Omega_Hub\Modules\Dice\Media\Continuous\d20\land-006-23.png'
00:28.860  render           | Saved: 'E:\Games\Epsilon\_retail_\Interface\AddOns\Omega_Hub\Modules\Dice\Media\Continuous\d20\land-006-24.png'
00:28.969  render           | Saved: 'E:\Games\Epsilon\_retail_\Interface\AddOns\Omega_Hub\Modules\Dice\Media\Continuous\d20\land-006-25.png'
00:29.079  render           | Saved: 'E:\Games\Epsilon\_retail_\Interface\AddOns\Omega_Hub\Modules\Dice\Media\Continuous\d20\land-006-26.png'
00:29.157  render           | Saved: 'E:\Games\Epsilon\_retail_\Interface\AddOns\Omega_Hub\Modules\Dice\Media\Continuous\d20\land-006-27.png'
00:29.219  render           | Saved: 'E:\Games\Epsilon\_retail_\Interface\AddOns\Omega_Hub\Modules\Dice\Media\Continuous\d20\land-006-28.png'
00:29.282  render           | Saved: 'E:\Games\Epsilon\_retail_\Interface\AddOns\Omega_Hub\Modules\Dice\Media\Continuous\d20\land-006-29.png'
00:29.375  render           | Saved: 'E:\Games\Epsilon\_retail_\Interface\AddOns\Omega_Hub\Modules\Dice\Media\Continuous\d20\land-006-30.png'
00:29.500  render           | Saved: 'E:\Games\Epsilon\_retail_\Interface\AddOns\Omega_Hub\Modules\Dice\Media\Continuous\d20\land-006-31.png'
00:29.563  render           | Saved: 'E:\Games\Epsilon\_retail_\Interface\AddOns\Omega_Hub\Modules\Dice\Media\Continuous\d20\land-006-32.png'
00:29.672  render           | Saved: 'E:\Games\Epsilon\_retail_\Interface\AddOns\Omega_Hub\Modules\Dice\Media\Continuous\d20\land-006-33.png'
00:29.750  render           | Saved: 'E:\Games\Epsilon\_retail_\Interface\AddOns\Omega_Hub\Modules\Dice\Media\Continuous\d20\land-006-34.png'
00:29.844  render           | Saved: 'E:\Games\Epsilon\_retail_\Interface\AddOns\Omega_Hub\Modules\Dice\Media\Continuous\d20\land-006-35.png'
00:29.954  render           | Saved: 'E:\Games\Epsilon\_retail_\Interface\AddOns\Omega_Hub\Modules\Dice\Media\Continuous\d20\land-006-36.png'
00:30.016  render           | Saved: 'E:\Games\Epsilon\_retail_\Interface\AddOns\Omega_Hub\Modules\Dice\Media\Continuous\d20\land-006-37.png'
00:30.141  render           | Saved: 'E:\Games\Epsilon\_retail_\Interface\AddOns\Omega_Hub\Modules\Dice\Media\Continuous\d20\land-006-38.png'
00:30.219  render           | Saved: 'E:\Games\Epsilon\_retail_\Interface\AddOns\Omega_Hub\Modules\Dice\Media\Continuous\d20\land-006-39.png'
00:30.360  render           | Saved: 'E:\Games\Epsilon\_retail_\Interface\AddOns\Omega_Hub\Modules\Dice\Media\Continuous\d20\land-006-40.png'
00:30.438  render           | Saved: 'E:\Games\Epsilon\_retail_\Interface\AddOns\Omega_Hub\Modules\Dice\Media\Continuous\d20\land-006-41.png'
00:30.532  render           | Saved: 'E:\Games\Epsilon\_retail_\Interface\AddOns\Omega_Hub\Modules\Dice\Media\Continuous\d20\land-006-42.png'
00:30.594  render           | Saved: 'E:\Games\Epsilon\_retail_\Interface\AddOns\Omega_Hub\Modules\Dice\Media\Continuous\d20\land-006-43.png'
00:30.641  render           | Saved: 'E:\Games\Epsilon\_retail_\Interface\AddOns\Omega_Hub\Modules\Dice\Media\Continuous\d20\land-006-44.png'
00:30.782  render           | Saved: 'E:\Games\Epsilon\_retail_\Interface\AddOns\Omega_Hub\Modules\Dice\Media\Continuous\d20\land-006-45.png'
00:30.891  render           | Saved: 'E:\Games\Epsilon\_retail_\Interface\AddOns\Omega_Hub\Modules\Dice\Media\Continuous\d20\land-006-46.png'
00:31.000  render           | Saved: 'E:\Games\Epsilon\_retail_\Interface\AddOns\Omega_Hub\Modules\Dice\Media\Continuous\d20\land-006-47.png'
00:31.094  render           | Saved: 'E:\Games\Epsilon\_retail_\Interface\AddOns\Omega_Hub\Modules\Dice\Media\Continuous\d20\land-007-00.png'
00:31.172  render           | Saved: 'E:\Games\Epsilon\_retail_\Interface\AddOns\Omega_Hub\Modules\Dice\Media\Continuous\d20\land-007-01.png'
00:31.266  render           | Saved: 'E:\Games\Epsilon\_retail_\Interface\AddOns\Omega_Hub\Modules\Dice\Media\Continuous\d20\land-007-02.png'
00:31.360  render           | Saved: 'E:\Games\Epsilon\_retail_\Interface\AddOns\Omega_Hub\Modules\Dice\Media\Continuous\d20\land-007-03.png'
00:31.454  render           | Saved: 'E:\Games\Epsilon\_retail_\Interface\AddOns\Omega_Hub\Modules\Dice\Media\Continuous\d20\land-007-04.png'
00:31.516  render           | Saved: 'E:\Games\Epsilon\_retail_\Interface\AddOns\Omega_Hub\Modules\Dice\Media\Continuous\d20\land-007-05.png'
00:31.563  render           | Saved: 'E:\Games\Epsilon\_retail_\Interface\AddOns\Omega_Hub\Modules\Dice\Media\Continuous\d20\land-007-06.png'
00:31.657  render           | Saved: 'E:\Games\Epsilon\_retail_\Interface\AddOns\Omega_Hub\Modules\Dice\Media\Continuous\d20\land-007-07.png'
00:31.719  render           | Saved: 'E:\Games\Epsilon\_retail_\Interface\AddOns\Omega_Hub\Modules\Dice\Media\Continuous\d20\land-007-08.png'
00:31.782  render           | Saved: 'E:\Games\Epsilon\_retail_\Interface\AddOns\Omega_Hub\Modules\Dice\Media\Continuous\d20\land-007-09.png'
00:31.891  render           | Saved: 'E:\Games\Epsilon\_retail_\Interface\AddOns\Omega_Hub\Modules\Dice\Media\Continuous\d20\land-007-10.png'
00:31.954  render           | Saved: 'E:\Games\Epsilon\_retail_\Interface\AddOns\Omega_Hub\Modules\Dice\Media\Continuous\d20\land-007-11.png'
00:32.047  render           | Saved: 'E:\Games\Epsilon\_retail_\Interface\AddOns\Omega_Hub\Modules\Dice\Media\Continuous\d20\land-007-12.png'
00:32.157  render           | Saved: 'E:\Games\Epsilon\_retail_\Interface\AddOns\Omega_Hub\Modules\Dice\Media\Continuous\d20\land-007-13.png'
00:32.250  render           | Saved: 'E:\Games\Epsilon\_retail_\Interface\AddOns\Omega_Hub\Modules\Dice\Media\Continuous\d20\land-007-14.png'
00:32.329  render           | Saved: 'E:\Games\Epsilon\_retail_\Interface\AddOns\Omega_Hub\Modules\Dice\Media\Continuous\d20\land-007-15.png'
00:32.391  render           | Saved: 'E:\Games\Epsilon\_retail_\Interface\AddOns\Omega_Hub\Modules\Dice\Media\Continuous\d20\land-007-16.png'
00:32.454  render           | Saved: 'E:\Games\Epsilon\_retail_\Interface\AddOns\Omega_Hub\Modules\Dice\Media\Continuous\d20\land-007-17.png'
00:32.516  render           | Saved: 'E:\Games\Epsilon\_retail_\Interface\AddOns\Omega_Hub\Modules\Dice\Media\Continuous\d20\land-007-18.png'
00:32.594  render           | Saved: 'E:\Games\Epsilon\_retail_\Interface\AddOns\Omega_Hub\Modules\Dice\Media\Continuous\d20\land-007-19.png'
00:32.688  render           | Saved: 'E:\Games\Epsilon\_retail_\Interface\AddOns\Omega_Hub\Modules\Dice\Media\Continuous\d20\land-007-20.png'
00:32.782  render           | Saved: 'E:\Games\Epsilon\_retail_\Interface\AddOns\Omega_Hub\Modules\Dice\Media\Continuous\d20\land-007-21.png'
00:32.844  render           | Saved: 'E:\Games\Epsilon\_retail_\Interface\AddOns\Omega_Hub\Modules\Dice\Media\Continuous\d20\land-007-22.png'
00:32.907  render           | Saved: 'E:\Games\Epsilon\_retail_\Interface\AddOns\Omega_Hub\Modules\Dice\Media\Continuous\d20\land-007-23.png'
00:33.016  render           | Saved: 'E:\Games\Epsilon\_retail_\Interface\AddOns\Omega_Hub\Modules\Dice\Media\Continuous\d20\land-007-24.png'
00:33.141  render           | Saved: 'E:\Games\Epsilon\_retail_\Interface\AddOns\Omega_Hub\Modules\Dice\Media\Continuous\d20\land-007-25.png'
00:33.250  render           | Saved: 'E:\Games\Epsilon\_retail_\Interface\AddOns\Omega_Hub\Modules\Dice\Media\Continuous\d20\land-007-26.png'
00:33.313  render           | Saved: 'E:\Games\Epsilon\_retail_\Interface\AddOns\Omega_Hub\Modules\Dice\Media\Continuous\d20\land-007-27.png'
00:33.407  render           | Saved: 'E:\Games\Epsilon\_retail_\Interface\AddOns\Omega_Hub\Modules\Dice\Media\Continuous\d20\land-007-28.png'
00:33.469  render           | Saved: 'E:\Games\Epsilon\_retail_\Interface\AddOns\Omega_Hub\Modules\Dice\Media\Continuous\d20\land-007-29.png'
00:33.579  render           | Saved: 'E:\Games\Epsilon\_retail_\Interface\AddOns\Omega_Hub\Modules\Dice\Media\Continuous\d20\land-007-30.png'
00:33.688  render           | Saved: 'E:\Games\Epsilon\_retail_\Interface\AddOns\Omega_Hub\Modules\Dice\Media\Continuous\d20\land-007-31.png'
00:33.782  render           | Saved: 'E:\Games\Epsilon\_retail_\Interface\AddOns\Omega_Hub\Modules\Dice\Media\Continuous\d20\land-007-32.png'
00:33.891  render           | Saved: 'E:\Games\Epsilon\_retail_\Interface\AddOns\Omega_Hub\Modules\Dice\Media\Continuous\d20\land-007-33.png'
00:34.000  render           | Saved: 'E:\Games\Epsilon\_retail_\Interface\AddOns\Omega_Hub\Modules\Dice\Media\Continuous\d20\land-007-34.png'
00:34.110  render           | Saved: 'E:\Games\Epsilon\_retail_\Interface\AddOns\Omega_Hub\Modules\Dice\Media\Continuous\d20\land-007-35.png'
00:34.157  render           | Saved: 'E:\Games\Epsilon\_retail_\Interface\AddOns\Omega_Hub\Modules\Dice\Media\Continuous\d20\land-007-36.png'
00:34.235  render           | Saved: 'E:\Games\Epsilon\_retail_\Interface\AddOns\Omega_Hub\Modules\Dice\Media\Continuous\d20\land-007-37.png'
00:34.313  render           | Saved: 'E:\Games\Epsilon\_retail_\Interface\AddOns\Omega_Hub\Modules\Dice\Media\Continuous\d20\land-007-38.png'
00:34.422  render           | Saved: 'E:\Games\Epsilon\_retail_\Interface\AddOns\Omega_Hub\Modules\Dice\Media\Continuous\d20\land-007-39.png'
00:34.500  render           | Saved: 'E:\Games\Epsilon\_retail_\Interface\AddOns\Omega_Hub\Modules\Dice\Media\Continuous\d20\land-007-40.png'
00:34.579  render           | Saved: 'E:\Games\Epsilon\_retail_\Interface\AddOns\Omega_Hub\Modules\Dice\Media\Continuous\d20\land-007-41.png'
00:34.641  render           | Saved: 'E:\Games\Epsilon\_retail_\Interface\AddOns\Omega_Hub\Modules\Dice\Media\Continuous\d20\land-007-42.png'
00:34.750  render           | Saved: 'E:\Games\Epsilon\_retail_\Interface\AddOns\Omega_Hub\Modules\Dice\Media\Continuous\d20\land-007-43.png'
00:34.844  render           | Saved: 'E:\Games\Epsilon\_retail_\Interface\AddOns\Omega_Hub\Modules\Dice\Media\Continuous\d20\land-007-44.png'
00:34.922  render           | Saved: 'E:\Games\Epsilon\_retail_\Interface\AddOns\Omega_Hub\Modules\Dice\Media\Continuous\d20\land-007-45.png'
00:35.016  render           | Saved: 'E:\Games\Epsilon\_retail_\Interface\AddOns\Omega_Hub\Modules\Dice\Media\Continuous\d20\land-007-46.png'
00:35.079  render           | Saved: 'E:\Games\Epsilon\_retail_\Interface\AddOns\Omega_Hub\Modules\Dice\Media\Continuous\d20\land-007-47.png'
00:35.204  render           | Saved: 'E:\Games\Epsilon\_retail_\Interface\AddOns\Omega_Hub\Modules\Dice\Media\Continuous\d20\land-008-00.png'
00:35.313  render           | Saved: 'E:\Games\Epsilon\_retail_\Interface\AddOns\Omega_Hub\Modules\Dice\Media\Continuous\d20\land-008-01.png'
00:35.375  render           | Saved: 'E:\Games\Epsilon\_retail_\Interface\AddOns\Omega_Hub\Modules\Dice\Media\Continuous\d20\land-008-02.png'
00:35.454  render           | Saved: 'E:\Games\Epsilon\_retail_\Interface\AddOns\Omega_Hub\Modules\Dice\Media\Continuous\d20\land-008-03.png'
00:35.532  render           | Saved: 'E:\Games\Epsilon\_retail_\Interface\AddOns\Omega_Hub\Modules\Dice\Media\Continuous\d20\land-008-04.png'
00:35.594  render           | Saved: 'E:\Games\Epsilon\_retail_\Interface\AddOns\Omega_Hub\Modules\Dice\Media\Continuous\d20\land-008-05.png'
00:35.657  render           | Saved: 'E:\Games\Epsilon\_retail_\Interface\AddOns\Omega_Hub\Modules\Dice\Media\Continuous\d20\land-008-06.png'
00:35.750  render           | Saved: 'E:\Games\Epsilon\_retail_\Interface\AddOns\Omega_Hub\Modules\Dice\Media\Continuous\d20\land-008-07.png'
00:35.813  render           | Saved: 'E:\Games\Epsilon\_retail_\Interface\AddOns\Omega_Hub\Modules\Dice\Media\Continuous\d20\land-008-08.png'
00:35.922  render           | Saved: 'E:\Games\Epsilon\_retail_\Interface\AddOns\Omega_Hub\Modules\Dice\Media\Continuous\d20\land-008-09.png'
00:35.985  render           | Saved: 'E:\Games\Epsilon\_retail_\Interface\AddOns\Omega_Hub\Modules\Dice\Media\Continuous\d20\land-008-10.png'
00:36.079  render           | Saved: 'E:\Games\Epsilon\_retail_\Interface\AddOns\Omega_Hub\Modules\Dice\Media\Continuous\d20\land-008-11.png'
00:36.141  render           | Saved: 'E:\Games\Epsilon\_retail_\Interface\AddOns\Omega_Hub\Modules\Dice\Media\Continuous\d20\land-008-12.png'
00:36.204  render           | Saved: 'E:\Games\Epsilon\_retail_\Interface\AddOns\Omega_Hub\Modules\Dice\Media\Continuous\d20\land-008-13.png'
00:36.282  render           | Saved: 'E:\Games\Epsilon\_retail_\Interface\AddOns\Omega_Hub\Modules\Dice\Media\Continuous\d20\land-008-14.png'
00:36.375  render           | Saved: 'E:\Games\Epsilon\_retail_\Interface\AddOns\Omega_Hub\Modules\Dice\Media\Continuous\d20\land-008-15.png'
00:36.438  render           | Saved: 'E:\Games\Epsilon\_retail_\Interface\AddOns\Omega_Hub\Modules\Dice\Media\Continuous\d20\land-008-16.png'
00:36.500  render           | Saved: 'E:\Games\Epsilon\_retail_\Interface\AddOns\Omega_Hub\Modules\Dice\Media\Continuous\d20\land-008-17.png'
00:36.594  render           | Saved: 'E:\Games\Epsilon\_retail_\Interface\AddOns\Omega_Hub\Modules\Dice\Media\Continuous\d20\land-008-18.png'
00:36.672  render           | Saved: 'E:\Games\Epsilon\_retail_\Interface\AddOns\Omega_Hub\Modules\Dice\Media\Continuous\d20\land-008-19.png'
00:36.735  render           | Saved: 'E:\Games\Epsilon\_retail_\Interface\AddOns\Omega_Hub\Modules\Dice\Media\Continuous\d20\land-008-20.png'
00:36.813  render           | Saved: 'E:\Games\Epsilon\_retail_\Interface\AddOns\Omega_Hub\Modules\Dice\Media\Continuous\d20\land-008-21.png'
00:36.938  render           | Saved: 'E:\Games\Epsilon\_retail_\Interface\AddOns\Omega_Hub\Modules\Dice\Media\Continuous\d20\land-008-22.png'
00:37.000  render           | Saved: 'E:\Games\Epsilon\_retail_\Interface\AddOns\Omega_Hub\Modules\Dice\Media\Continuous\d20\land-008-23.png'
00:37.094  render           | Saved: 'E:\Games\Epsilon\_retail_\Interface\AddOns\Omega_Hub\Modules\Dice\Media\Continuous\d20\land-008-24.png'
00:37.172  render           | Saved: 'E:\Games\Epsilon\_retail_\Interface\AddOns\Omega_Hub\Modules\Dice\Media\Continuous\d20\land-008-25.png'
00:37.250  render           | Saved: 'E:\Games\Epsilon\_retail_\Interface\AddOns\Omega_Hub\Modules\Dice\Media\Continuous\d20\land-008-26.png'
00:37.329  render           | Saved: 'E:\Games\Epsilon\_retail_\Interface\AddOns\Omega_Hub\Modules\Dice\Media\Continuous\d20\land-008-27.png'
00:37.391  render           | Saved: 'E:\Games\Epsilon\_retail_\Interface\AddOns\Omega_Hub\Modules\Dice\Media\Continuous\d20\land-008-28.png'
00:37.454  render           | Saved: 'E:\Games\Epsilon\_retail_\Interface\AddOns\Omega_Hub\Modules\Dice\Media\Continuous\d20\land-008-29.png'
00:37.532  render           | Saved: 'E:\Games\Epsilon\_retail_\Interface\AddOns\Omega_Hub\Modules\Dice\Media\Continuous\d20\land-008-30.png'
00:37.610  render           | Saved: 'E:\Games\Epsilon\_retail_\Interface\AddOns\Omega_Hub\Modules\Dice\Media\Continuous\d20\land-008-31.png'
00:37.688  render           | Saved: 'E:\Games\Epsilon\_retail_\Interface\AddOns\Omega_Hub\Modules\Dice\Media\Continuous\d20\land-008-32.png'
00:37.797  render           | Saved: 'E:\Games\Epsilon\_retail_\Interface\AddOns\Omega_Hub\Modules\Dice\Media\Continuous\d20\land-008-33.png'
00:37.844  render           | Saved: 'E:\Games\Epsilon\_retail_\Interface\AddOns\Omega_Hub\Modules\Dice\Media\Continuous\d20\land-008-34.png'
00:37.954  render           | Saved: 'E:\Games\Epsilon\_retail_\Interface\AddOns\Omega_Hub\Modules\Dice\Media\Continuous\d20\land-008-35.png'
00:38.016  render           | Saved: 'E:\Games\Epsilon\_retail_\Interface\AddOns\Omega_Hub\Modules\Dice\Media\Continuous\d20\land-008-36.png'
00:38.125  render           | Saved: 'E:\Games\Epsilon\_retail_\Interface\AddOns\Omega_Hub\Modules\Dice\Media\Continuous\d20\land-008-37.png'
00:38.235  render           | Saved: 'E:\Games\Epsilon\_retail_\Interface\AddOns\Omega_Hub\Modules\Dice\Media\Continuous\d20\land-008-38.png'
00:38.297  render           | Saved: 'E:\Games\Epsilon\_retail_\Interface\AddOns\Omega_Hub\Modules\Dice\Media\Continuous\d20\land-008-39.png'
00:38.422  render           | Saved: 'E:\Games\Epsilon\_retail_\Interface\AddOns\Omega_Hub\Modules\Dice\Media\Continuous\d20\land-008-40.png'
00:38.485  render           | Saved: 'E:\Games\Epsilon\_retail_\Interface\AddOns\Omega_Hub\Modules\Dice\Media\Continuous\d20\land-008-41.png'
00:38.563  render           | Saved: 'E:\Games\Epsilon\_retail_\Interface\AddOns\Omega_Hub\Modules\Dice\Media\Continuous\d20\land-008-42.png'
00:38.688  render           | Saved: 'E:\Games\Epsilon\_retail_\Interface\AddOns\Omega_Hub\Modules\Dice\Media\Continuous\d20\land-008-43.png'
00:38.750  render           | Saved: 'E:\Games\Epsilon\_retail_\Interface\AddOns\Omega_Hub\Modules\Dice\Media\Continuous\d20\land-008-44.png'
00:38.844  render           | Saved: 'E:\Games\Epsilon\_retail_\Interface\AddOns\Omega_Hub\Modules\Dice\Media\Continuous\d20\land-008-45.png'
00:38.922  render           | Saved: 'E:\Games\Epsilon\_retail_\Interface\AddOns\Omega_Hub\Modules\Dice\Media\Continuous\d20\land-008-46.png'
00:38.985  render           | Saved: 'E:\Games\Epsilon\_retail_\Interface\AddOns\Omega_Hub\Modules\Dice\Media\Continuous\d20\land-008-47.png'
00:39.079  render           | Saved: 'E:\Games\Epsilon\_retail_\Interface\AddOns\Omega_Hub\Modules\Dice\Media\Continuous\d20\land-009-00.png'
00:39.125  render           | Saved: 'E:\Games\Epsilon\_retail_\Interface\AddOns\Omega_Hub\Modules\Dice\Media\Continuous\d20\land-009-01.png'
00:39.204  render           | Saved: 'E:\Games\Epsilon\_retail_\Interface\AddOns\Omega_Hub\Modules\Dice\Media\Continuous\d20\land-009-02.png'
00:39.282  render           | Saved: 'E:\Games\Epsilon\_retail_\Interface\AddOns\Omega_Hub\Modules\Dice\Media\Continuous\d20\land-009-03.png'
00:39.360  render           | Saved: 'E:\Games\Epsilon\_retail_\Interface\AddOns\Omega_Hub\Modules\Dice\Media\Continuous\d20\land-009-04.png'
00:39.422  render           | Saved: 'E:\Games\Epsilon\_retail_\Interface\AddOns\Omega_Hub\Modules\Dice\Media\Continuous\d20\land-009-05.png'
00:39.485  render           | Saved: 'E:\Games\Epsilon\_retail_\Interface\AddOns\Omega_Hub\Modules\Dice\Media\Continuous\d20\land-009-06.png'
00:39.563  render           | Saved: 'E:\Games\Epsilon\_retail_\Interface\AddOns\Omega_Hub\Modules\Dice\Media\Continuous\d20\land-009-07.png'
00:39.625  render           | Saved: 'E:\Games\Epsilon\_retail_\Interface\AddOns\Omega_Hub\Modules\Dice\Media\Continuous\d20\land-009-08.png'
00:39.735  render           | Saved: 'E:\Games\Epsilon\_retail_\Interface\AddOns\Omega_Hub\Modules\Dice\Media\Continuous\d20\land-009-09.png'
00:39.860  render           | Saved: 'E:\Games\Epsilon\_retail_\Interface\AddOns\Omega_Hub\Modules\Dice\Media\Continuous\d20\land-009-10.png'
00:39.922  render           | Saved: 'E:\Games\Epsilon\_retail_\Interface\AddOns\Omega_Hub\Modules\Dice\Media\Continuous\d20\land-009-11.png'
00:40.000  render           | Saved: 'E:\Games\Epsilon\_retail_\Interface\AddOns\Omega_Hub\Modules\Dice\Media\Continuous\d20\land-009-12.png'
00:40.047  render           | Saved: 'E:\Games\Epsilon\_retail_\Interface\AddOns\Omega_Hub\Modules\Dice\Media\Continuous\d20\land-009-13.png'
00:40.125  render           | Saved: 'E:\Games\Epsilon\_retail_\Interface\AddOns\Omega_Hub\Modules\Dice\Media\Continuous\d20\land-009-14.png'
00:40.204  render           | Saved: 'E:\Games\Epsilon\_retail_\Interface\AddOns\Omega_Hub\Modules\Dice\Media\Continuous\d20\land-009-15.png'
00:40.266  render           | Saved: 'E:\Games\Epsilon\_retail_\Interface\AddOns\Omega_Hub\Modules\Dice\Media\Continuous\d20\land-009-16.png'
00:40.344  render           | Saved: 'E:\Games\Epsilon\_retail_\Interface\AddOns\Omega_Hub\Modules\Dice\Media\Continuous\d20\land-009-17.png'
00:40.438  render           | Saved: 'E:\Games\Epsilon\_retail_\Interface\AddOns\Omega_Hub\Modules\Dice\Media\Continuous\d20\land-009-18.png'
00:40.485  render           | Saved: 'E:\Games\Epsilon\_retail_\Interface\AddOns\Omega_Hub\Modules\Dice\Media\Continuous\d20\land-009-19.png'
00:40.563  render           | Saved: 'E:\Games\Epsilon\_retail_\Interface\AddOns\Omega_Hub\Modules\Dice\Media\Continuous\d20\land-009-20.png'
00:40.641  render           | Saved: 'E:\Games\Epsilon\_retail_\Interface\AddOns\Omega_Hub\Modules\Dice\Media\Continuous\d20\land-009-21.png'
00:40.719  render           | Saved: 'E:\Games\Epsilon\_retail_\Interface\AddOns\Omega_Hub\Modules\Dice\Media\Continuous\d20\land-009-22.png'
00:40.844  render           | Saved: 'E:\Games\Epsilon\_retail_\Interface\AddOns\Omega_Hub\Modules\Dice\Media\Continuous\d20\land-009-23.png'
00:40.938  render           | Saved: 'E:\Games\Epsilon\_retail_\Interface\AddOns\Omega_Hub\Modules\Dice\Media\Continuous\d20\land-009-24.png'
00:41.000  render           | Saved: 'E:\Games\Epsilon\_retail_\Interface\AddOns\Omega_Hub\Modules\Dice\Media\Continuous\d20\land-009-25.png'
00:41.079  render           | Saved: 'E:\Games\Epsilon\_retail_\Interface\AddOns\Omega_Hub\Modules\Dice\Media\Continuous\d20\land-009-26.png'
00:41.141  render           | Saved: 'E:\Games\Epsilon\_retail_\Interface\AddOns\Omega_Hub\Modules\Dice\Media\Continuous\d20\land-009-27.png'
00:41.204  render           | Saved: 'E:\Games\Epsilon\_retail_\Interface\AddOns\Omega_Hub\Modules\Dice\Media\Continuous\d20\land-009-28.png'
00:41.282  render           | Saved: 'E:\Games\Epsilon\_retail_\Interface\AddOns\Omega_Hub\Modules\Dice\Media\Continuous\d20\land-009-29.png'
00:41.375  render           | Saved: 'E:\Games\Epsilon\_retail_\Interface\AddOns\Omega_Hub\Modules\Dice\Media\Continuous\d20\land-009-30.png'
00:41.454  render           | Saved: 'E:\Games\Epsilon\_retail_\Interface\AddOns\Omega_Hub\Modules\Dice\Media\Continuous\d20\land-009-31.png'
00:41.532  render           | Saved: 'E:\Games\Epsilon\_retail_\Interface\AddOns\Omega_Hub\Modules\Dice\Media\Continuous\d20\land-009-32.png'
00:41.594  render           | Saved: 'E:\Games\Epsilon\_retail_\Interface\AddOns\Omega_Hub\Modules\Dice\Media\Continuous\d20\land-009-33.png'
00:41.704  render           | Saved: 'E:\Games\Epsilon\_retail_\Interface\AddOns\Omega_Hub\Modules\Dice\Media\Continuous\d20\land-009-34.png'
00:41.813  render           | Saved: 'E:\Games\Epsilon\_retail_\Interface\AddOns\Omega_Hub\Modules\Dice\Media\Continuous\d20\land-009-35.png'
00:41.891  render           | Saved: 'E:\Games\Epsilon\_retail_\Interface\AddOns\Omega_Hub\Modules\Dice\Media\Continuous\d20\land-009-36.png'
00:41.985  render           | Saved: 'E:\Games\Epsilon\_retail_\Interface\AddOns\Omega_Hub\Modules\Dice\Media\Continuous\d20\land-009-37.png'
00:42.047  render           | Saved: 'E:\Games\Epsilon\_retail_\Interface\AddOns\Omega_Hub\Modules\Dice\Media\Continuous\d20\land-009-38.png'
00:42.141  render           | Saved: 'E:\Games\Epsilon\_retail_\Interface\AddOns\Omega_Hub\Modules\Dice\Media\Continuous\d20\land-009-39.png'
00:42.235  render           | Saved: 'E:\Games\Epsilon\_retail_\Interface\AddOns\Omega_Hub\Modules\Dice\Media\Continuous\d20\land-009-40.png'
00:42.297  render           | Saved: 'E:\Games\Epsilon\_retail_\Interface\AddOns\Omega_Hub\Modules\Dice\Media\Continuous\d20\land-009-41.png'
00:42.360  render           | Saved: 'E:\Games\Epsilon\_retail_\Interface\AddOns\Omega_Hub\Modules\Dice\Media\Continuous\d20\land-009-42.png'
00:42.438  render           | Saved: 'E:\Games\Epsilon\_retail_\Interface\AddOns\Omega_Hub\Modules\Dice\Media\Continuous\d20\land-009-43.png'
00:42.516  render           | Saved: 'E:\Games\Epsilon\_retail_\Interface\AddOns\Omega_Hub\Modules\Dice\Media\Continuous\d20\land-009-44.png'
00:42.594  render           | Saved: 'E:\Games\Epsilon\_retail_\Interface\AddOns\Omega_Hub\Modules\Dice\Media\Continuous\d20\land-009-45.png'
00:42.688  render           | Saved: 'E:\Games\Epsilon\_retail_\Interface\AddOns\Omega_Hub\Modules\Dice\Media\Continuous\d20\land-009-46.png'
00:42.735  render           | Saved: 'E:\Games\Epsilon\_retail_\Interface\AddOns\Omega_Hub\Modules\Dice\Media\Continuous\d20\land-009-47.png'
00:42.813  render           | Saved: 'E:\Games\Epsilon\_retail_\Interface\AddOns\Omega_Hub\Modules\Dice\Media\Continuous\d20\land-010-00.png'
00:42.891  render           | Saved: 'E:\Games\Epsilon\_retail_\Interface\AddOns\Omega_Hub\Modules\Dice\Media\Continuous\d20\land-010-01.png'
00:42.954  render           | Saved: 'E:\Games\Epsilon\_retail_\Interface\AddOns\Omega_Hub\Modules\Dice\Media\Continuous\d20\land-010-02.png'
00:43.016  render           | Saved: 'E:\Games\Epsilon\_retail_\Interface\AddOns\Omega_Hub\Modules\Dice\Media\Continuous\d20\land-010-03.png'
00:43.110  render           | Saved: 'E:\Games\Epsilon\_retail_\Interface\AddOns\Omega_Hub\Modules\Dice\Media\Continuous\d20\land-010-04.png'
00:43.157  render           | Saved: 'E:\Games\Epsilon\_retail_\Interface\AddOns\Omega_Hub\Modules\Dice\Media\Continuous\d20\land-010-05.png'
00:43.235  render           | Saved: 'E:\Games\Epsilon\_retail_\Interface\AddOns\Omega_Hub\Modules\Dice\Media\Continuous\d20\land-010-06.png'
00:43.313  render           | Saved: 'E:\Games\Epsilon\_retail_\Interface\AddOns\Omega_Hub\Modules\Dice\Media\Continuous\d20\land-010-07.png'
00:43.375  render           | Saved: 'E:\Games\Epsilon\_retail_\Interface\AddOns\Omega_Hub\Modules\Dice\Media\Continuous\d20\land-010-08.png'
00:43.454  render           | Saved: 'E:\Games\Epsilon\_retail_\Interface\AddOns\Omega_Hub\Modules\Dice\Media\Continuous\d20\land-010-09.png'
00:43.579  render           | Saved: 'E:\Games\Epsilon\_retail_\Interface\AddOns\Omega_Hub\Modules\Dice\Media\Continuous\d20\land-010-10.png'
00:43.641  render           | Saved: 'E:\Games\Epsilon\_retail_\Interface\AddOns\Omega_Hub\Modules\Dice\Media\Continuous\d20\land-010-11.png'
00:43.735  render           | Saved: 'E:\Games\Epsilon\_retail_\Interface\AddOns\Omega_Hub\Modules\Dice\Media\Continuous\d20\land-010-12.png'
00:43.813  render           | Saved: 'E:\Games\Epsilon\_retail_\Interface\AddOns\Omega_Hub\Modules\Dice\Media\Continuous\d20\land-010-13.png'
00:43.875  render           | Saved: 'E:\Games\Epsilon\_retail_\Interface\AddOns\Omega_Hub\Modules\Dice\Media\Continuous\d20\land-010-14.png'
00:43.954  render           | Saved: 'E:\Games\Epsilon\_retail_\Interface\AddOns\Omega_Hub\Modules\Dice\Media\Continuous\d20\land-010-15.png'
00:44.016  render           | Saved: 'E:\Games\Epsilon\_retail_\Interface\AddOns\Omega_Hub\Modules\Dice\Media\Continuous\d20\land-010-16.png'
00:44.079  render           | Saved: 'E:\Games\Epsilon\_retail_\Interface\AddOns\Omega_Hub\Modules\Dice\Media\Continuous\d20\land-010-17.png'
00:44.188  render           | Saved: 'E:\Games\Epsilon\_retail_\Interface\AddOns\Omega_Hub\Modules\Dice\Media\Continuous\d20\land-010-18.png'
00:44.266  render           | Saved: 'E:\Games\Epsilon\_retail_\Interface\AddOns\Omega_Hub\Modules\Dice\Media\Continuous\d20\land-010-19.png'
00:44.329  render           | Saved: 'E:\Games\Epsilon\_retail_\Interface\AddOns\Omega_Hub\Modules\Dice\Media\Continuous\d20\land-010-20.png'
00:44.422  render           | Saved: 'E:\Games\Epsilon\_retail_\Interface\AddOns\Omega_Hub\Modules\Dice\Media\Continuous\d20\land-010-21.png'
00:44.500  render           | Saved: 'E:\Games\Epsilon\_retail_\Interface\AddOns\Omega_Hub\Modules\Dice\Media\Continuous\d20\land-010-22.png'
00:44.563  render           | Saved: 'E:\Games\Epsilon\_retail_\Interface\AddOns\Omega_Hub\Modules\Dice\Media\Continuous\d20\land-010-23.png'
00:44.641  render           | Saved: 'E:\Games\Epsilon\_retail_\Interface\AddOns\Omega_Hub\Modules\Dice\Media\Continuous\d20\land-010-24.png'
00:44.750  render           | Saved: 'E:\Games\Epsilon\_retail_\Interface\AddOns\Omega_Hub\Modules\Dice\Media\Continuous\d20\land-010-25.png'
00:44.844  render           | Saved: 'E:\Games\Epsilon\_retail_\Interface\AddOns\Omega_Hub\Modules\Dice\Media\Continuous\d20\land-010-26.png'
00:44.938  render           | Saved: 'E:\Games\Epsilon\_retail_\Interface\AddOns\Omega_Hub\Modules\Dice\Media\Continuous\d20\land-010-27.png'
00:45.063  render           | Saved: 'E:\Games\Epsilon\_retail_\Interface\AddOns\Omega_Hub\Modules\Dice\Media\Continuous\d20\land-010-28.png'
00:45.188  render           | Saved: 'E:\Games\Epsilon\_retail_\Interface\AddOns\Omega_Hub\Modules\Dice\Media\Continuous\d20\land-010-29.png'
00:45.250  render           | Saved: 'E:\Games\Epsilon\_retail_\Interface\AddOns\Omega_Hub\Modules\Dice\Media\Continuous\d20\land-010-30.png'
00:45.329  render           | Saved: 'E:\Games\Epsilon\_retail_\Interface\AddOns\Omega_Hub\Modules\Dice\Media\Continuous\d20\land-010-31.png'
00:45.375  render           | Saved: 'E:\Games\Epsilon\_retail_\Interface\AddOns\Omega_Hub\Modules\Dice\Media\Continuous\d20\land-010-32.png'
00:45.485  render           | Saved: 'E:\Games\Epsilon\_retail_\Interface\AddOns\Omega_Hub\Modules\Dice\Media\Continuous\d20\land-010-33.png'
00:45.563  render           | Saved: 'E:\Games\Epsilon\_retail_\Interface\AddOns\Omega_Hub\Modules\Dice\Media\Continuous\d20\land-010-34.png'
00:45.657  render           | Saved: 'E:\Games\Epsilon\_retail_\Interface\AddOns\Omega_Hub\Modules\Dice\Media\Continuous\d20\land-010-35.png'
00:45.719  render           | Saved: 'E:\Games\Epsilon\_retail_\Interface\AddOns\Omega_Hub\Modules\Dice\Media\Continuous\d20\land-010-36.png'
00:45.797  render           | Saved: 'E:\Games\Epsilon\_retail_\Interface\AddOns\Omega_Hub\Modules\Dice\Media\Continuous\d20\land-010-37.png'
00:45.891  render           | Saved: 'E:\Games\Epsilon\_retail_\Interface\AddOns\Omega_Hub\Modules\Dice\Media\Continuous\d20\land-010-38.png'
00:45.954  render           | Saved: 'E:\Games\Epsilon\_retail_\Interface\AddOns\Omega_Hub\Modules\Dice\Media\Continuous\d20\land-010-39.png'
00:46.016  render           | Saved: 'E:\Games\Epsilon\_retail_\Interface\AddOns\Omega_Hub\Modules\Dice\Media\Continuous\d20\land-010-40.png'
00:46.094  render           | Saved: 'E:\Games\Epsilon\_retail_\Interface\AddOns\Omega_Hub\Modules\Dice\Media\Continuous\d20\land-010-41.png'
00:46.157  render           | Saved: 'E:\Games\Epsilon\_retail_\Interface\AddOns\Omega_Hub\Modules\Dice\Media\Continuous\d20\land-010-42.png'
00:46.235  render           | Saved: 'E:\Games\Epsilon\_retail_\Interface\AddOns\Omega_Hub\Modules\Dice\Media\Continuous\d20\land-010-43.png'
00:46.313  render           | Saved: 'E:\Games\Epsilon\_retail_\Interface\AddOns\Omega_Hub\Modules\Dice\Media\Continuous\d20\land-010-44.png'
00:46.391  render           | Saved: 'E:\Games\Epsilon\_retail_\Interface\AddOns\Omega_Hub\Modules\Dice\Media\Continuous\d20\land-010-45.png'
00:46.469  render           | Saved: 'E:\Games\Epsilon\_retail_\Interface\AddOns\Omega_Hub\Modules\Dice\Media\Continuous\d20\land-010-46.png'
00:46.532  render           | Saved: 'E:\Games\Epsilon\_retail_\Interface\AddOns\Omega_Hub\Modules\Dice\Media\Continuous\d20\land-010-47.png'
00:46.610  render           | Saved: 'E:\Games\Epsilon\_retail_\Interface\AddOns\Omega_Hub\Modules\Dice\Media\Continuous\d20\land-011-00.png'
00:46.672  render           | Saved: 'E:\Games\Epsilon\_retail_\Interface\AddOns\Omega_Hub\Modules\Dice\Media\Continuous\d20\land-011-01.png'
00:46.750  render           | Saved: 'E:\Games\Epsilon\_retail_\Interface\AddOns\Omega_Hub\Modules\Dice\Media\Continuous\d20\land-011-02.png'
00:46.813  render           | Saved: 'E:\Games\Epsilon\_retail_\Interface\AddOns\Omega_Hub\Modules\Dice\Media\Continuous\d20\land-011-03.png'
00:46.922  render           | Saved: 'E:\Games\Epsilon\_retail_\Interface\AddOns\Omega_Hub\Modules\Dice\Media\Continuous\d20\land-011-04.png'
00:46.969  render           | Saved: 'E:\Games\Epsilon\_retail_\Interface\AddOns\Omega_Hub\Modules\Dice\Media\Continuous\d20\land-011-05.png'
00:47.047  render           | Saved: 'E:\Games\Epsilon\_retail_\Interface\AddOns\Omega_Hub\Modules\Dice\Media\Continuous\d20\land-011-06.png'
00:47.110  render           | Saved: 'E:\Games\Epsilon\_retail_\Interface\AddOns\Omega_Hub\Modules\Dice\Media\Continuous\d20\land-011-07.png'
00:47.188  render           | Saved: 'E:\Games\Epsilon\_retail_\Interface\AddOns\Omega_Hub\Modules\Dice\Media\Continuous\d20\land-011-08.png'
00:47.266  render           | Saved: 'E:\Games\Epsilon\_retail_\Interface\AddOns\Omega_Hub\Modules\Dice\Media\Continuous\d20\land-011-09.png'
00:47.329  render           | Saved: 'E:\Games\Epsilon\_retail_\Interface\AddOns\Omega_Hub\Modules\Dice\Media\Continuous\d20\land-011-10.png'
00:47.407  render           | Saved: 'E:\Games\Epsilon\_retail_\Interface\AddOns\Omega_Hub\Modules\Dice\Media\Continuous\d20\land-011-11.png'
00:47.469  render           | Saved: 'E:\Games\Epsilon\_retail_\Interface\AddOns\Omega_Hub\Modules\Dice\Media\Continuous\d20\land-011-12.png'
00:47.547  render           | Saved: 'E:\Games\Epsilon\_retail_\Interface\AddOns\Omega_Hub\Modules\Dice\Media\Continuous\d20\land-011-13.png'
00:47.610  render           | Saved: 'E:\Games\Epsilon\_retail_\Interface\AddOns\Omega_Hub\Modules\Dice\Media\Continuous\d20\land-011-14.png'
00:47.704  render           | Saved: 'E:\Games\Epsilon\_retail_\Interface\AddOns\Omega_Hub\Modules\Dice\Media\Continuous\d20\land-011-15.png'
00:47.797  render           | Saved: 'E:\Games\Epsilon\_retail_\Interface\AddOns\Omega_Hub\Modules\Dice\Media\Continuous\d20\land-011-16.png'
00:47.875  render           | Saved: 'E:\Games\Epsilon\_retail_\Interface\AddOns\Omega_Hub\Modules\Dice\Media\Continuous\d20\land-011-17.png'
00:47.969  render           | Saved: 'E:\Games\Epsilon\_retail_\Interface\AddOns\Omega_Hub\Modules\Dice\Media\Continuous\d20\land-011-18.png'
00:48.047  render           | Saved: 'E:\Games\Epsilon\_retail_\Interface\AddOns\Omega_Hub\Modules\Dice\Media\Continuous\d20\land-011-19.png'
00:48.125  render           | Saved: 'E:\Games\Epsilon\_retail_\Interface\AddOns\Omega_Hub\Modules\Dice\Media\Continuous\d20\land-011-20.png'
00:48.188  render           | Saved: 'E:\Games\Epsilon\_retail_\Interface\AddOns\Omega_Hub\Modules\Dice\Media\Continuous\d20\land-011-21.png'
00:48.266  render           | Saved: 'E:\Games\Epsilon\_retail_\Interface\AddOns\Omega_Hub\Modules\Dice\Media\Continuous\d20\land-011-22.png'
00:48.329  render           | Saved: 'E:\Games\Epsilon\_retail_\Interface\AddOns\Omega_Hub\Modules\Dice\Media\Continuous\d20\land-011-23.png'
00:48.422  render           | Saved: 'E:\Games\Epsilon\_retail_\Interface\AddOns\Omega_Hub\Modules\Dice\Media\Continuous\d20\land-011-24.png'
00:48.485  render           | Saved: 'E:\Games\Epsilon\_retail_\Interface\AddOns\Omega_Hub\Modules\Dice\Media\Continuous\d20\land-011-25.png'
00:48.563  render           | Saved: 'E:\Games\Epsilon\_retail_\Interface\AddOns\Omega_Hub\Modules\Dice\Media\Continuous\d20\land-011-26.png'
00:48.641  render           | Saved: 'E:\Games\Epsilon\_retail_\Interface\AddOns\Omega_Hub\Modules\Dice\Media\Continuous\d20\land-011-27.png'
00:48.704  render           | Saved: 'E:\Games\Epsilon\_retail_\Interface\AddOns\Omega_Hub\Modules\Dice\Media\Continuous\d20\land-011-28.png'
00:48.766  render           | Saved: 'E:\Games\Epsilon\_retail_\Interface\AddOns\Omega_Hub\Modules\Dice\Media\Continuous\d20\land-011-29.png'
00:48.860  render           | Saved: 'E:\Games\Epsilon\_retail_\Interface\AddOns\Omega_Hub\Modules\Dice\Media\Continuous\d20\land-011-30.png'
00:48.922  render           | Saved: 'E:\Games\Epsilon\_retail_\Interface\AddOns\Omega_Hub\Modules\Dice\Media\Continuous\d20\land-011-31.png'
00:48.985  render           | Saved: 'E:\Games\Epsilon\_retail_\Interface\AddOns\Omega_Hub\Modules\Dice\Media\Continuous\d20\land-011-32.png'
00:49.063  render           | Saved: 'E:\Games\Epsilon\_retail_\Interface\AddOns\Omega_Hub\Modules\Dice\Media\Continuous\d20\land-011-33.png'
00:49.141  render           | Saved: 'E:\Games\Epsilon\_retail_\Interface\AddOns\Omega_Hub\Modules\Dice\Media\Continuous\d20\land-011-34.png'
00:49.204  render           | Saved: 'E:\Games\Epsilon\_retail_\Interface\AddOns\Omega_Hub\Modules\Dice\Media\Continuous\d20\land-011-35.png'
00:49.282  render           | Saved: 'E:\Games\Epsilon\_retail_\Interface\AddOns\Omega_Hub\Modules\Dice\Media\Continuous\d20\land-011-36.png'
00:49.344  render           | Saved: 'E:\Games\Epsilon\_retail_\Interface\AddOns\Omega_Hub\Modules\Dice\Media\Continuous\d20\land-011-37.png'
00:49.422  render           | Saved: 'E:\Games\Epsilon\_retail_\Interface\AddOns\Omega_Hub\Modules\Dice\Media\Continuous\d20\land-011-38.png'
00:49.485  render           | Saved: 'E:\Games\Epsilon\_retail_\Interface\AddOns\Omega_Hub\Modules\Dice\Media\Continuous\d20\land-011-39.png'
00:49.579  render           | Saved: 'E:\Games\Epsilon\_retail_\Interface\AddOns\Omega_Hub\Modules\Dice\Media\Continuous\d20\land-011-40.png'
00:49.641  render           | Saved: 'E:\Games\Epsilon\_retail_\Interface\AddOns\Omega_Hub\Modules\Dice\Media\Continuous\d20\land-011-41.png'
00:49.719  render           | Saved: 'E:\Games\Epsilon\_retail_\Interface\AddOns\Omega_Hub\Modules\Dice\Media\Continuous\d20\land-011-42.png'
00:49.797  render           | Saved: 'E:\Games\Epsilon\_retail_\Interface\AddOns\Omega_Hub\Modules\Dice\Media\Continuous\d20\land-011-43.png'
00:49.891  render           | Saved: 'E:\Games\Epsilon\_retail_\Interface\AddOns\Omega_Hub\Modules\Dice\Media\Continuous\d20\land-011-44.png'
00:49.954  render           | Saved: 'E:\Games\Epsilon\_retail_\Interface\AddOns\Omega_Hub\Modules\Dice\Media\Continuous\d20\land-011-45.png'
00:50.016  render           | Saved: 'E:\Games\Epsilon\_retail_\Interface\AddOns\Omega_Hub\Modules\Dice\Media\Continuous\d20\land-011-46.png'
00:50.094  render           | Saved: 'E:\Games\Epsilon\_retail_\Interface\AddOns\Omega_Hub\Modules\Dice\Media\Continuous\d20\land-011-47.png'
00:50.188  render           | Saved: 'E:\Games\Epsilon\_retail_\Interface\AddOns\Omega_Hub\Modules\Dice\Media\Continuous\d20\land-012-00.png'
00:50.282  render           | Saved: 'E:\Games\Epsilon\_retail_\Interface\AddOns\Omega_Hub\Modules\Dice\Media\Continuous\d20\land-012-01.png'
00:50.344  render           | Saved: 'E:\Games\Epsilon\_retail_\Interface\AddOns\Omega_Hub\Modules\Dice\Media\Continuous\d20\land-012-02.png'
00:50.438  render           | Saved: 'E:\Games\Epsilon\_retail_\Interface\AddOns\Omega_Hub\Modules\Dice\Media\Continuous\d20\land-012-03.png'
00:50.500  render           | Saved: 'E:\Games\Epsilon\_retail_\Interface\AddOns\Omega_Hub\Modules\Dice\Media\Continuous\d20\land-012-04.png'
00:50.610  render           | Saved: 'E:\Games\Epsilon\_retail_\Interface\AddOns\Omega_Hub\Modules\Dice\Media\Continuous\d20\land-012-05.png'
00:50.719  render           | Saved: 'E:\Games\Epsilon\_retail_\Interface\AddOns\Omega_Hub\Modules\Dice\Media\Continuous\d20\land-012-06.png'
00:50.782  render           | Saved: 'E:\Games\Epsilon\_retail_\Interface\AddOns\Omega_Hub\Modules\Dice\Media\Continuous\d20\land-012-07.png'
00:50.891  render           | Saved: 'E:\Games\Epsilon\_retail_\Interface\AddOns\Omega_Hub\Modules\Dice\Media\Continuous\d20\land-012-08.png'
00:50.969  render           | Saved: 'E:\Games\Epsilon\_retail_\Interface\AddOns\Omega_Hub\Modules\Dice\Media\Continuous\d20\land-012-09.png'
00:51.063  render           | Saved: 'E:\Games\Epsilon\_retail_\Interface\AddOns\Omega_Hub\Modules\Dice\Media\Continuous\d20\land-012-10.png'
00:51.172  render           | Saved: 'E:\Games\Epsilon\_retail_\Interface\AddOns\Omega_Hub\Modules\Dice\Media\Continuous\d20\land-012-11.png'
00:51.250  render           | Saved: 'E:\Games\Epsilon\_retail_\Interface\AddOns\Omega_Hub\Modules\Dice\Media\Continuous\d20\land-012-12.png'
00:51.344  render           | Saved: 'E:\Games\Epsilon\_retail_\Interface\AddOns\Omega_Hub\Modules\Dice\Media\Continuous\d20\land-012-13.png'
00:51.422  render           | Saved: 'E:\Games\Epsilon\_retail_\Interface\AddOns\Omega_Hub\Modules\Dice\Media\Continuous\d20\land-012-14.png'
00:51.516  render           | Saved: 'E:\Games\Epsilon\_retail_\Interface\AddOns\Omega_Hub\Modules\Dice\Media\Continuous\d20\land-012-15.png'
00:51.641  render           | Saved: 'E:\Games\Epsilon\_retail_\Interface\AddOns\Omega_Hub\Modules\Dice\Media\Continuous\d20\land-012-16.png'
00:51.719  render           | Saved: 'E:\Games\Epsilon\_retail_\Interface\AddOns\Omega_Hub\Modules\Dice\Media\Continuous\d20\land-012-17.png'
00:51.797  render           | Saved: 'E:\Games\Epsilon\_retail_\Interface\AddOns\Omega_Hub\Modules\Dice\Media\Continuous\d20\land-012-18.png'
00:51.907  render           | Saved: 'E:\Games\Epsilon\_retail_\Interface\AddOns\Omega_Hub\Modules\Dice\Media\Continuous\d20\land-012-19.png'
00:51.969  render           | Saved: 'E:\Games\Epsilon\_retail_\Interface\AddOns\Omega_Hub\Modules\Dice\Media\Continuous\d20\land-012-20.png'
00:52.079  render           | Saved: 'E:\Games\Epsilon\_retail_\Interface\AddOns\Omega_Hub\Modules\Dice\Media\Continuous\d20\land-012-21.png'
00:52.141  render           | Saved: 'E:\Games\Epsilon\_retail_\Interface\AddOns\Omega_Hub\Modules\Dice\Media\Continuous\d20\land-012-22.png'
00:52.250  render           | Saved: 'E:\Games\Epsilon\_retail_\Interface\AddOns\Omega_Hub\Modules\Dice\Media\Continuous\d20\land-012-23.png'
00:52.313  render           | Saved: 'E:\Games\Epsilon\_retail_\Interface\AddOns\Omega_Hub\Modules\Dice\Media\Continuous\d20\land-012-24.png'
00:52.407  render           | Saved: 'E:\Games\Epsilon\_retail_\Interface\AddOns\Omega_Hub\Modules\Dice\Media\Continuous\d20\land-012-25.png'
00:52.516  render           | Saved: 'E:\Games\Epsilon\_retail_\Interface\AddOns\Omega_Hub\Modules\Dice\Media\Continuous\d20\land-012-26.png'
00:52.579  render           | Saved: 'E:\Games\Epsilon\_retail_\Interface\AddOns\Omega_Hub\Modules\Dice\Media\Continuous\d20\land-012-27.png'
00:52.672  render           | Saved: 'E:\Games\Epsilon\_retail_\Interface\AddOns\Omega_Hub\Modules\Dice\Media\Continuous\d20\land-012-28.png'
00:52.750  render           | Saved: 'E:\Games\Epsilon\_retail_\Interface\AddOns\Omega_Hub\Modules\Dice\Media\Continuous\d20\land-012-29.png'
00:52.844  render           | Saved: 'E:\Games\Epsilon\_retail_\Interface\AddOns\Omega_Hub\Modules\Dice\Media\Continuous\d20\land-012-30.png'
00:52.969  render           | Saved: 'E:\Games\Epsilon\_retail_\Interface\AddOns\Omega_Hub\Modules\Dice\Media\Continuous\d20\land-012-31.png'
00:53.047  render           | Saved: 'E:\Games\Epsilon\_retail_\Interface\AddOns\Omega_Hub\Modules\Dice\Media\Continuous\d20\land-012-32.png'
00:53.125  render           | Saved: 'E:\Games\Epsilon\_retail_\Interface\AddOns\Omega_Hub\Modules\Dice\Media\Continuous\d20\land-012-33.png'
00:53.188  render           | Saved: 'E:\Games\Epsilon\_retail_\Interface\AddOns\Omega_Hub\Modules\Dice\Media\Continuous\d20\land-012-34.png'
00:53.329  render           | Saved: 'E:\Games\Epsilon\_retail_\Interface\AddOns\Omega_Hub\Modules\Dice\Media\Continuous\d20\land-012-35.png'
00:53.422  render           | Saved: 'E:\Games\Epsilon\_retail_\Interface\AddOns\Omega_Hub\Modules\Dice\Media\Continuous\d20\land-012-36.png'
00:53.485  render           | Saved: 'E:\Games\Epsilon\_retail_\Interface\AddOns\Omega_Hub\Modules\Dice\Media\Continuous\d20\land-012-37.png'
00:53.579  render           | Saved: 'E:\Games\Epsilon\_retail_\Interface\AddOns\Omega_Hub\Modules\Dice\Media\Continuous\d20\land-012-38.png'
00:53.641  render           | Saved: 'E:\Games\Epsilon\_retail_\Interface\AddOns\Omega_Hub\Modules\Dice\Media\Continuous\d20\land-012-39.png'
00:53.704  render           | Saved: 'E:\Games\Epsilon\_retail_\Interface\AddOns\Omega_Hub\Modules\Dice\Media\Continuous\d20\land-012-40.png'
00:53.782  render           | Saved: 'E:\Games\Epsilon\_retail_\Interface\AddOns\Omega_Hub\Modules\Dice\Media\Continuous\d20\land-012-41.png'
00:53.860  render           | Saved: 'E:\Games\Epsilon\_retail_\Interface\AddOns\Omega_Hub\Modules\Dice\Media\Continuous\d20\land-012-42.png'
00:53.938  render           | Saved: 'E:\Games\Epsilon\_retail_\Interface\AddOns\Omega_Hub\Modules\Dice\Media\Continuous\d20\land-012-43.png'
00:54.047  render           | Saved: 'E:\Games\Epsilon\_retail_\Interface\AddOns\Omega_Hub\Modules\Dice\Media\Continuous\d20\land-012-44.png'
00:54.110  render           | Saved: 'E:\Games\Epsilon\_retail_\Interface\AddOns\Omega_Hub\Modules\Dice\Media\Continuous\d20\land-012-45.png'
00:54.235  render           | Saved: 'E:\Games\Epsilon\_retail_\Interface\AddOns\Omega_Hub\Modules\Dice\Media\Continuous\d20\land-012-46.png'
00:54.329  render           | Saved: 'E:\Games\Epsilon\_retail_\Interface\AddOns\Omega_Hub\Modules\Dice\Media\Continuous\d20\land-012-47.png'
00:54.407  render           | Saved: 'E:\Games\Epsilon\_retail_\Interface\AddOns\Omega_Hub\Modules\Dice\Media\Continuous\d20\land-013-00.png'
00:54.532  render           | Saved: 'E:\Games\Epsilon\_retail_\Interface\AddOns\Omega_Hub\Modules\Dice\Media\Continuous\d20\land-013-01.png'
00:54.594  render           | Saved: 'E:\Games\Epsilon\_retail_\Interface\AddOns\Omega_Hub\Modules\Dice\Media\Continuous\d20\land-013-02.png'
00:54.688  render           | Saved: 'E:\Games\Epsilon\_retail_\Interface\AddOns\Omega_Hub\Modules\Dice\Media\Continuous\d20\land-013-03.png'
00:54.797  render           | Saved: 'E:\Games\Epsilon\_retail_\Interface\AddOns\Omega_Hub\Modules\Dice\Media\Continuous\d20\land-013-04.png'
00:54.875  render           | Saved: 'E:\Games\Epsilon\_retail_\Interface\AddOns\Omega_Hub\Modules\Dice\Media\Continuous\d20\land-013-05.png'
00:54.969  render           | Saved: 'E:\Games\Epsilon\_retail_\Interface\AddOns\Omega_Hub\Modules\Dice\Media\Continuous\d20\land-013-06.png'
00:55.047  render           | Saved: 'E:\Games\Epsilon\_retail_\Interface\AddOns\Omega_Hub\Modules\Dice\Media\Continuous\d20\land-013-07.png'
00:55.125  render           | Saved: 'E:\Games\Epsilon\_retail_\Interface\AddOns\Omega_Hub\Modules\Dice\Media\Continuous\d20\land-013-08.png'
00:55.219  render           | Saved: 'E:\Games\Epsilon\_retail_\Interface\AddOns\Omega_Hub\Modules\Dice\Media\Continuous\d20\land-013-09.png'
00:55.282  render           | Saved: 'E:\Games\Epsilon\_retail_\Interface\AddOns\Omega_Hub\Modules\Dice\Media\Continuous\d20\land-013-10.png'
00:55.344  render           | Saved: 'E:\Games\Epsilon\_retail_\Interface\AddOns\Omega_Hub\Modules\Dice\Media\Continuous\d20\land-013-11.png'
00:55.422  render           | Saved: 'E:\Games\Epsilon\_retail_\Interface\AddOns\Omega_Hub\Modules\Dice\Media\Continuous\d20\land-013-12.png'
00:55.485  render           | Saved: 'E:\Games\Epsilon\_retail_\Interface\AddOns\Omega_Hub\Modules\Dice\Media\Continuous\d20\land-013-13.png'
00:55.563  render           | Saved: 'E:\Games\Epsilon\_retail_\Interface\AddOns\Omega_Hub\Modules\Dice\Media\Continuous\d20\land-013-14.png'
00:55.688  render           | Saved: 'E:\Games\Epsilon\_retail_\Interface\AddOns\Omega_Hub\Modules\Dice\Media\Continuous\d20\land-013-15.png'
00:55.813  render           | Saved: 'E:\Games\Epsilon\_retail_\Interface\AddOns\Omega_Hub\Modules\Dice\Media\Continuous\d20\land-013-16.png'
00:55.875  render           | Saved: 'E:\Games\Epsilon\_retail_\Interface\AddOns\Omega_Hub\Modules\Dice\Media\Continuous\d20\land-013-17.png'
00:56.000  render           | Saved: 'E:\Games\Epsilon\_retail_\Interface\AddOns\Omega_Hub\Modules\Dice\Media\Continuous\d20\land-013-18.png'
00:56.047  render           | Saved: 'E:\Games\Epsilon\_retail_\Interface\AddOns\Omega_Hub\Modules\Dice\Media\Continuous\d20\land-013-19.png'
00:56.172  render           | Saved: 'E:\Games\Epsilon\_retail_\Interface\AddOns\Omega_Hub\Modules\Dice\Media\Continuous\d20\land-013-20.png'
00:56.282  render           | Saved: 'E:\Games\Epsilon\_retail_\Interface\AddOns\Omega_Hub\Modules\Dice\Media\Continuous\d20\land-013-21.png'
00:56.360  render           | Saved: 'E:\Games\Epsilon\_retail_\Interface\AddOns\Omega_Hub\Modules\Dice\Media\Continuous\d20\land-013-22.png'
00:56.454  render           | Saved: 'E:\Games\Epsilon\_retail_\Interface\AddOns\Omega_Hub\Modules\Dice\Media\Continuous\d20\land-013-23.png'
00:56.516  render           | Saved: 'E:\Games\Epsilon\_retail_\Interface\AddOns\Omega_Hub\Modules\Dice\Media\Continuous\d20\land-013-24.png'
00:56.610  render           | Saved: 'E:\Games\Epsilon\_retail_\Interface\AddOns\Omega_Hub\Modules\Dice\Media\Continuous\d20\land-013-25.png'
00:56.688  render           | Saved: 'E:\Games\Epsilon\_retail_\Interface\AddOns\Omega_Hub\Modules\Dice\Media\Continuous\d20\land-013-26.png'
00:56.750  render           | Saved: 'E:\Games\Epsilon\_retail_\Interface\AddOns\Omega_Hub\Modules\Dice\Media\Continuous\d20\land-013-27.png'
00:56.844  render           | Saved: 'E:\Games\Epsilon\_retail_\Interface\AddOns\Omega_Hub\Modules\Dice\Media\Continuous\d20\land-013-28.png'
00:56.907  render           | Saved: 'E:\Games\Epsilon\_retail_\Interface\AddOns\Omega_Hub\Modules\Dice\Media\Continuous\d20\land-013-29.png'
00:56.969  render           | Saved: 'E:\Games\Epsilon\_retail_\Interface\AddOns\Omega_Hub\Modules\Dice\Media\Continuous\d20\land-013-30.png'
00:57.047  render           | Saved: 'E:\Games\Epsilon\_retail_\Interface\AddOns\Omega_Hub\Modules\Dice\Media\Continuous\d20\land-013-31.png'
00:57.110  render           | Saved: 'E:\Games\Epsilon\_retail_\Interface\AddOns\Omega_Hub\Modules\Dice\Media\Continuous\d20\land-013-32.png'
00:57.204  render           | Saved: 'E:\Games\Epsilon\_retail_\Interface\AddOns\Omega_Hub\Modules\Dice\Media\Continuous\d20\land-013-33.png'
00:57.329  render           | Saved: 'E:\Games\Epsilon\_retail_\Interface\AddOns\Omega_Hub\Modules\Dice\Media\Continuous\d20\land-013-34.png'
00:57.391  render           | Saved: 'E:\Games\Epsilon\_retail_\Interface\AddOns\Omega_Hub\Modules\Dice\Media\Continuous\d20\land-013-35.png'
00:57.485  render           | Saved: 'E:\Games\Epsilon\_retail_\Interface\AddOns\Omega_Hub\Modules\Dice\Media\Continuous\d20\land-013-36.png'
00:57.563  render           | Saved: 'E:\Games\Epsilon\_retail_\Interface\AddOns\Omega_Hub\Modules\Dice\Media\Continuous\d20\land-013-37.png'
00:57.641  render           | Saved: 'E:\Games\Epsilon\_retail_\Interface\AddOns\Omega_Hub\Modules\Dice\Media\Continuous\d20\land-013-38.png'
00:57.750  render           | Saved: 'E:\Games\Epsilon\_retail_\Interface\AddOns\Omega_Hub\Modules\Dice\Media\Continuous\d20\land-013-39.png'
00:57.797  render           | Saved: 'E:\Games\Epsilon\_retail_\Interface\AddOns\Omega_Hub\Modules\Dice\Media\Continuous\d20\land-013-40.png'
00:57.922  render           | Saved: 'E:\Games\Epsilon\_retail_\Interface\AddOns\Omega_Hub\Modules\Dice\Media\Continuous\d20\land-013-41.png'
00:58.000  render           | Saved: 'E:\Games\Epsilon\_retail_\Interface\AddOns\Omega_Hub\Modules\Dice\Media\Continuous\d20\land-013-42.png'
00:58.094  render           | Saved: 'E:\Games\Epsilon\_retail_\Interface\AddOns\Omega_Hub\Modules\Dice\Media\Continuous\d20\land-013-43.png'
00:58.219  render           | Saved: 'E:\Games\Epsilon\_retail_\Interface\AddOns\Omega_Hub\Modules\Dice\Media\Continuous\d20\land-013-44.png'
00:58.297  render           | Saved: 'E:\Games\Epsilon\_retail_\Interface\AddOns\Omega_Hub\Modules\Dice\Media\Continuous\d20\land-013-45.png'
00:58.391  render           | Saved: 'E:\Games\Epsilon\_retail_\Interface\AddOns\Omega_Hub\Modules\Dice\Media\Continuous\d20\land-013-46.png'
00:58.469  render           | Saved: 'E:\Games\Epsilon\_retail_\Interface\AddOns\Omega_Hub\Modules\Dice\Media\Continuous\d20\land-013-47.png'
00:58.547  render           | Saved: 'E:\Games\Epsilon\_retail_\Interface\AddOns\Omega_Hub\Modules\Dice\Media\Continuous\d20\land-014-00.png'
00:58.625  render           | Saved: 'E:\Games\Epsilon\_retail_\Interface\AddOns\Omega_Hub\Modules\Dice\Media\Continuous\d20\land-014-01.png'
00:58.704  render           | Saved: 'E:\Games\Epsilon\_retail_\Interface\AddOns\Omega_Hub\Modules\Dice\Media\Continuous\d20\land-014-02.png'
00:58.766  render           | Saved: 'E:\Games\Epsilon\_retail_\Interface\AddOns\Omega_Hub\Modules\Dice\Media\Continuous\d20\land-014-03.png'
00:58.860  render           | Saved: 'E:\Games\Epsilon\_retail_\Interface\AddOns\Omega_Hub\Modules\Dice\Media\Continuous\d20\land-014-04.png'
00:58.954  render           | Saved: 'E:\Games\Epsilon\_retail_\Interface\AddOns\Omega_Hub\Modules\Dice\Media\Continuous\d20\land-014-05.png'
00:59.016  render           | Saved: 'E:\Games\Epsilon\_retail_\Interface\AddOns\Omega_Hub\Modules\Dice\Media\Continuous\d20\land-014-06.png'
00:59.110  render           | Saved: 'E:\Games\Epsilon\_retail_\Interface\AddOns\Omega_Hub\Modules\Dice\Media\Continuous\d20\land-014-07.png'
00:59.172  render           | Saved: 'E:\Games\Epsilon\_retail_\Interface\AddOns\Omega_Hub\Modules\Dice\Media\Continuous\d20\land-014-08.png'
00:59.282  render           | Saved: 'E:\Games\Epsilon\_retail_\Interface\AddOns\Omega_Hub\Modules\Dice\Media\Continuous\d20\land-014-09.png'
00:59.360  render           | Saved: 'E:\Games\Epsilon\_retail_\Interface\AddOns\Omega_Hub\Modules\Dice\Media\Continuous\d20\land-014-10.png'
00:59.469  render           | Saved: 'E:\Games\Epsilon\_retail_\Interface\AddOns\Omega_Hub\Modules\Dice\Media\Continuous\d20\land-014-11.png'
00:59.532  render           | Saved: 'E:\Games\Epsilon\_retail_\Interface\AddOns\Omega_Hub\Modules\Dice\Media\Continuous\d20\land-014-12.png'
00:59.610  render           | Saved: 'E:\Games\Epsilon\_retail_\Interface\AddOns\Omega_Hub\Modules\Dice\Media\Continuous\d20\land-014-13.png'
00:59.688  render           | Saved: 'E:\Games\Epsilon\_retail_\Interface\AddOns\Omega_Hub\Modules\Dice\Media\Continuous\d20\land-014-14.png'
00:59.797  render           | Saved: 'E:\Games\Epsilon\_retail_\Interface\AddOns\Omega_Hub\Modules\Dice\Media\Continuous\d20\land-014-15.png'
00:59.938  render           | Saved: 'E:\Games\Epsilon\_retail_\Interface\AddOns\Omega_Hub\Modules\Dice\Media\Continuous\d20\land-014-16.png'
01:00.063  render           | Saved: 'E:\Games\Epsilon\_retail_\Interface\AddOns\Omega_Hub\Modules\Dice\Media\Continuous\d20\land-014-17.png'
01:00.125  render           | Saved: 'E:\Games\Epsilon\_retail_\Interface\AddOns\Omega_Hub\Modules\Dice\Media\Continuous\d20\land-014-18.png'
01:00.250  render           | Saved: 'E:\Games\Epsilon\_retail_\Interface\AddOns\Omega_Hub\Modules\Dice\Media\Continuous\d20\land-014-19.png'
01:00.375  render           | Saved: 'E:\Games\Epsilon\_retail_\Interface\AddOns\Omega_Hub\Modules\Dice\Media\Continuous\d20\land-014-20.png'
01:00.469  render           | Saved: 'E:\Games\Epsilon\_retail_\Interface\AddOns\Omega_Hub\Modules\Dice\Media\Continuous\d20\land-014-21.png'
01:00.563  render           | Saved: 'E:\Games\Epsilon\_retail_\Interface\AddOns\Omega_Hub\Modules\Dice\Media\Continuous\d20\land-014-22.png'
01:00.641  render           | Saved: 'E:\Games\Epsilon\_retail_\Interface\AddOns\Omega_Hub\Modules\Dice\Media\Continuous\d20\land-014-23.png'
01:00.735  render           | Saved: 'E:\Games\Epsilon\_retail_\Interface\AddOns\Omega_Hub\Modules\Dice\Media\Continuous\d20\land-014-24.png'
01:00.829  render           | Saved: 'E:\Games\Epsilon\_retail_\Interface\AddOns\Omega_Hub\Modules\Dice\Media\Continuous\d20\land-014-25.png'
01:00.922  render           | Saved: 'E:\Games\Epsilon\_retail_\Interface\AddOns\Omega_Hub\Modules\Dice\Media\Continuous\d20\land-014-26.png'
01:01.047  render           | Saved: 'E:\Games\Epsilon\_retail_\Interface\AddOns\Omega_Hub\Modules\Dice\Media\Continuous\d20\land-014-27.png'
01:01.141  render           | Saved: 'E:\Games\Epsilon\_retail_\Interface\AddOns\Omega_Hub\Modules\Dice\Media\Continuous\d20\land-014-28.png'
01:01.235  render           | Saved: 'E:\Games\Epsilon\_retail_\Interface\AddOns\Omega_Hub\Modules\Dice\Media\Continuous\d20\land-014-29.png'
01:01.297  render           | Saved: 'E:\Games\Epsilon\_retail_\Interface\AddOns\Omega_Hub\Modules\Dice\Media\Continuous\d20\land-014-30.png'
01:01.375  render           | Saved: 'E:\Games\Epsilon\_retail_\Interface\AddOns\Omega_Hub\Modules\Dice\Media\Continuous\d20\land-014-31.png'
01:01.454  render           | Saved: 'E:\Games\Epsilon\_retail_\Interface\AddOns\Omega_Hub\Modules\Dice\Media\Continuous\d20\land-014-32.png'
01:01.579  render           | Saved: 'E:\Games\Epsilon\_retail_\Interface\AddOns\Omega_Hub\Modules\Dice\Media\Continuous\d20\land-014-33.png'
01:01.704  render           | Saved: 'E:\Games\Epsilon\_retail_\Interface\AddOns\Omega_Hub\Modules\Dice\Media\Continuous\d20\land-014-34.png'
01:01.813  render           | Saved: 'E:\Games\Epsilon\_retail_\Interface\AddOns\Omega_Hub\Modules\Dice\Media\Continuous\d20\land-014-35.png'
01:01.875  render           | Saved: 'E:\Games\Epsilon\_retail_\Interface\AddOns\Omega_Hub\Modules\Dice\Media\Continuous\d20\land-014-36.png'
01:01.969  render           | Saved: 'E:\Games\Epsilon\_retail_\Interface\AddOns\Omega_Hub\Modules\Dice\Media\Continuous\d20\land-014-37.png'
01:02.047  render           | Saved: 'E:\Games\Epsilon\_retail_\Interface\AddOns\Omega_Hub\Modules\Dice\Media\Continuous\d20\land-014-38.png'
01:02.157  render           | Saved: 'E:\Games\Epsilon\_retail_\Interface\AddOns\Omega_Hub\Modules\Dice\Media\Continuous\d20\land-014-39.png'
01:02.250  render           | Saved: 'E:\Games\Epsilon\_retail_\Interface\AddOns\Omega_Hub\Modules\Dice\Media\Continuous\d20\land-014-40.png'
01:02.313  render           | Saved: 'E:\Games\Epsilon\_retail_\Interface\AddOns\Omega_Hub\Modules\Dice\Media\Continuous\d20\land-014-41.png'
01:02.375  render           | Saved: 'E:\Games\Epsilon\_retail_\Interface\AddOns\Omega_Hub\Modules\Dice\Media\Continuous\d20\land-014-42.png'
01:02.469  render           | Saved: 'E:\Games\Epsilon\_retail_\Interface\AddOns\Omega_Hub\Modules\Dice\Media\Continuous\d20\land-014-43.png'
01:02.532  render           | Saved: 'E:\Games\Epsilon\_retail_\Interface\AddOns\Omega_Hub\Modules\Dice\Media\Continuous\d20\land-014-44.png'
01:02.610  render           | Saved: 'E:\Games\Epsilon\_retail_\Interface\AddOns\Omega_Hub\Modules\Dice\Media\Continuous\d20\land-014-45.png'
01:02.672  render           | Saved: 'E:\Games\Epsilon\_retail_\Interface\AddOns\Omega_Hub\Modules\Dice\Media\Continuous\d20\land-014-46.png'
01:02.750  render           | Saved: 'E:\Games\Epsilon\_retail_\Interface\AddOns\Omega_Hub\Modules\Dice\Media\Continuous\d20\land-014-47.png'
01:02.829  render           | Saved: 'E:\Games\Epsilon\_retail_\Interface\AddOns\Omega_Hub\Modules\Dice\Media\Continuous\d20\land-015-00.png'
01:02.922  render           | Saved: 'E:\Games\Epsilon\_retail_\Interface\AddOns\Omega_Hub\Modules\Dice\Media\Continuous\d20\land-015-01.png'
01:02.985  render           | Saved: 'E:\Games\Epsilon\_retail_\Interface\AddOns\Omega_Hub\Modules\Dice\Media\Continuous\d20\land-015-02.png'
01:03.094  render           | Saved: 'E:\Games\Epsilon\_retail_\Interface\AddOns\Omega_Hub\Modules\Dice\Media\Continuous\d20\land-015-03.png'
01:03.188  render           | Saved: 'E:\Games\Epsilon\_retail_\Interface\AddOns\Omega_Hub\Modules\Dice\Media\Continuous\d20\land-015-04.png'
01:03.250  render           | Saved: 'E:\Games\Epsilon\_retail_\Interface\AddOns\Omega_Hub\Modules\Dice\Media\Continuous\d20\land-015-05.png'
01:03.344  render           | Saved: 'E:\Games\Epsilon\_retail_\Interface\AddOns\Omega_Hub\Modules\Dice\Media\Continuous\d20\land-015-06.png'
01:03.407  render           | Saved: 'E:\Games\Epsilon\_retail_\Interface\AddOns\Omega_Hub\Modules\Dice\Media\Continuous\d20\land-015-07.png'
01:03.532  render           | Saved: 'E:\Games\Epsilon\_retail_\Interface\AddOns\Omega_Hub\Modules\Dice\Media\Continuous\d20\land-015-08.png'
01:03.657  render           | Saved: 'E:\Games\Epsilon\_retail_\Interface\AddOns\Omega_Hub\Modules\Dice\Media\Continuous\d20\land-015-09.png'
01:03.735  render           | Saved: 'E:\Games\Epsilon\_retail_\Interface\AddOns\Omega_Hub\Modules\Dice\Media\Continuous\d20\land-015-10.png'
01:03.829  render           | Saved: 'E:\Games\Epsilon\_retail_\Interface\AddOns\Omega_Hub\Modules\Dice\Media\Continuous\d20\land-015-11.png'
01:03.891  render           | Saved: 'E:\Games\Epsilon\_retail_\Interface\AddOns\Omega_Hub\Modules\Dice\Media\Continuous\d20\land-015-12.png'
01:04.000  render           | Saved: 'E:\Games\Epsilon\_retail_\Interface\AddOns\Omega_Hub\Modules\Dice\Media\Continuous\d20\land-015-13.png'
01:04.110  render           | Saved: 'E:\Games\Epsilon\_retail_\Interface\AddOns\Omega_Hub\Modules\Dice\Media\Continuous\d20\land-015-14.png'
01:04.188  render           | Saved: 'E:\Games\Epsilon\_retail_\Interface\AddOns\Omega_Hub\Modules\Dice\Media\Continuous\d20\land-015-15.png'
01:04.266  render           | Saved: 'E:\Games\Epsilon\_retail_\Interface\AddOns\Omega_Hub\Modules\Dice\Media\Continuous\d20\land-015-16.png'
01:04.329  render           | Saved: 'E:\Games\Epsilon\_retail_\Interface\AddOns\Omega_Hub\Modules\Dice\Media\Continuous\d20\land-015-17.png'
01:04.438  render           | Saved: 'E:\Games\Epsilon\_retail_\Interface\AddOns\Omega_Hub\Modules\Dice\Media\Continuous\d20\land-015-18.png'
01:04.563  render           | Saved: 'E:\Games\Epsilon\_retail_\Interface\AddOns\Omega_Hub\Modules\Dice\Media\Continuous\d20\land-015-19.png'
01:04.625  render           | Saved: 'E:\Games\Epsilon\_retail_\Interface\AddOns\Omega_Hub\Modules\Dice\Media\Continuous\d20\land-015-20.png'
01:04.719  render           | Saved: 'E:\Games\Epsilon\_retail_\Interface\AddOns\Omega_Hub\Modules\Dice\Media\Continuous\d20\land-015-21.png'
01:04.782  render           | Saved: 'E:\Games\Epsilon\_retail_\Interface\AddOns\Omega_Hub\Modules\Dice\Media\Continuous\d20\land-015-22.png'
01:04.875  render           | Saved: 'E:\Games\Epsilon\_retail_\Interface\AddOns\Omega_Hub\Modules\Dice\Media\Continuous\d20\land-015-23.png'
01:04.969  render           | Saved: 'E:\Games\Epsilon\_retail_\Interface\AddOns\Omega_Hub\Modules\Dice\Media\Continuous\d20\land-015-24.png'
01:05.063  render           | Saved: 'E:\Games\Epsilon\_retail_\Interface\AddOns\Omega_Hub\Modules\Dice\Media\Continuous\d20\land-015-25.png'
01:05.172  render           | Saved: 'E:\Games\Epsilon\_retail_\Interface\AddOns\Omega_Hub\Modules\Dice\Media\Continuous\d20\land-015-26.png'
01:05.235  render           | Saved: 'E:\Games\Epsilon\_retail_\Interface\AddOns\Omega_Hub\Modules\Dice\Media\Continuous\d20\land-015-27.png'
01:05.329  render           | Saved: 'E:\Games\Epsilon\_retail_\Interface\AddOns\Omega_Hub\Modules\Dice\Media\Continuous\d20\land-015-28.png'
01:05.391  render           | Saved: 'E:\Games\Epsilon\_retail_\Interface\AddOns\Omega_Hub\Modules\Dice\Media\Continuous\d20\land-015-29.png'
01:05.485  render           | Saved: 'E:\Games\Epsilon\_retail_\Interface\AddOns\Omega_Hub\Modules\Dice\Media\Continuous\d20\land-015-30.png'
01:05.547  render           | Saved: 'E:\Games\Epsilon\_retail_\Interface\AddOns\Omega_Hub\Modules\Dice\Media\Continuous\d20\land-015-31.png'
01:05.610  render           | Saved: 'E:\Games\Epsilon\_retail_\Interface\AddOns\Omega_Hub\Modules\Dice\Media\Continuous\d20\land-015-32.png'
01:05.688  render           | Saved: 'E:\Games\Epsilon\_retail_\Interface\AddOns\Omega_Hub\Modules\Dice\Media\Continuous\d20\land-015-33.png'
01:05.766  render           | Saved: 'E:\Games\Epsilon\_retail_\Interface\AddOns\Omega_Hub\Modules\Dice\Media\Continuous\d20\land-015-34.png'
01:05.844  render           | Saved: 'E:\Games\Epsilon\_retail_\Interface\AddOns\Omega_Hub\Modules\Dice\Media\Continuous\d20\land-015-35.png'
01:05.938  render           | Saved: 'E:\Games\Epsilon\_retail_\Interface\AddOns\Omega_Hub\Modules\Dice\Media\Continuous\d20\land-015-36.png'
01:06.063  render           | Saved: 'E:\Games\Epsilon\_retail_\Interface\AddOns\Omega_Hub\Modules\Dice\Media\Continuous\d20\land-015-37.png'
01:06.125  render           | Saved: 'E:\Games\Epsilon\_retail_\Interface\AddOns\Omega_Hub\Modules\Dice\Media\Continuous\d20\land-015-38.png'
01:06.219  render           | Saved: 'E:\Games\Epsilon\_retail_\Interface\AddOns\Omega_Hub\Modules\Dice\Media\Continuous\d20\land-015-39.png'
01:06.282  render           | Saved: 'E:\Games\Epsilon\_retail_\Interface\AddOns\Omega_Hub\Modules\Dice\Media\Continuous\d20\land-015-40.png'
01:06.375  render           | Saved: 'E:\Games\Epsilon\_retail_\Interface\AddOns\Omega_Hub\Modules\Dice\Media\Continuous\d20\land-015-41.png'
01:06.438  render           | Saved: 'E:\Games\Epsilon\_retail_\Interface\AddOns\Omega_Hub\Modules\Dice\Media\Continuous\d20\land-015-42.png'
01:06.500  render           | Saved: 'E:\Games\Epsilon\_retail_\Interface\AddOns\Omega_Hub\Modules\Dice\Media\Continuous\d20\land-015-43.png'
01:06.563  render           | Saved: 'E:\Games\Epsilon\_retail_\Interface\AddOns\Omega_Hub\Modules\Dice\Media\Continuous\d20\land-015-44.png'
01:06.672  render           | Saved: 'E:\Games\Epsilon\_retail_\Interface\AddOns\Omega_Hub\Modules\Dice\Media\Continuous\d20\land-015-45.png'
01:06.735  render           | Saved: 'E:\Games\Epsilon\_retail_\Interface\AddOns\Omega_Hub\Modules\Dice\Media\Continuous\d20\land-015-46.png'
01:06.813  render           | Saved: 'E:\Games\Epsilon\_retail_\Interface\AddOns\Omega_Hub\Modules\Dice\Media\Continuous\d20\land-015-47.png'
01:06.907  render           | Saved: 'E:\Games\Epsilon\_retail_\Interface\AddOns\Omega_Hub\Modules\Dice\Media\Continuous\d20\land-016-00.png'
01:06.969  render           | Saved: 'E:\Games\Epsilon\_retail_\Interface\AddOns\Omega_Hub\Modules\Dice\Media\Continuous\d20\land-016-01.png'
01:07.032  render           | Saved: 'E:\Games\Epsilon\_retail_\Interface\AddOns\Omega_Hub\Modules\Dice\Media\Continuous\d20\land-016-02.png'
01:07.188  render           | Saved: 'E:\Games\Epsilon\_retail_\Interface\AddOns\Omega_Hub\Modules\Dice\Media\Continuous\d20\land-016-03.png'
01:07.266  render           | Saved: 'E:\Games\Epsilon\_retail_\Interface\AddOns\Omega_Hub\Modules\Dice\Media\Continuous\d20\land-016-04.png'
01:07.375  render           | Saved: 'E:\Games\Epsilon\_retail_\Interface\AddOns\Omega_Hub\Modules\Dice\Media\Continuous\d20\land-016-05.png'
01:07.438  render           | Saved: 'E:\Games\Epsilon\_retail_\Interface\AddOns\Omega_Hub\Modules\Dice\Media\Continuous\d20\land-016-06.png'
01:07.516  render           | Saved: 'E:\Games\Epsilon\_retail_\Interface\AddOns\Omega_Hub\Modules\Dice\Media\Continuous\d20\land-016-07.png'
01:07.610  render           | Saved: 'E:\Games\Epsilon\_retail_\Interface\AddOns\Omega_Hub\Modules\Dice\Media\Continuous\d20\land-016-08.png'
01:07.704  render           | Saved: 'E:\Games\Epsilon\_retail_\Interface\AddOns\Omega_Hub\Modules\Dice\Media\Continuous\d20\land-016-09.png'
01:07.797  render           | Saved: 'E:\Games\Epsilon\_retail_\Interface\AddOns\Omega_Hub\Modules\Dice\Media\Continuous\d20\land-016-10.png'
01:07.860  render           | Saved: 'E:\Games\Epsilon\_retail_\Interface\AddOns\Omega_Hub\Modules\Dice\Media\Continuous\d20\land-016-11.png'
01:07.922  render           | Saved: 'E:\Games\Epsilon\_retail_\Interface\AddOns\Omega_Hub\Modules\Dice\Media\Continuous\d20\land-016-12.png'
01:08.016  render           | Saved: 'E:\Games\Epsilon\_retail_\Interface\AddOns\Omega_Hub\Modules\Dice\Media\Continuous\d20\land-016-13.png'
01:08.079  render           | Saved: 'E:\Games\Epsilon\_retail_\Interface\AddOns\Omega_Hub\Modules\Dice\Media\Continuous\d20\land-016-14.png'
01:08.157  render           | Saved: 'E:\Games\Epsilon\_retail_\Interface\AddOns\Omega_Hub\Modules\Dice\Media\Continuous\d20\land-016-15.png'
01:08.266  render           | Saved: 'E:\Games\Epsilon\_retail_\Interface\AddOns\Omega_Hub\Modules\Dice\Media\Continuous\d20\land-016-16.png'
01:08.329  render           | Saved: 'E:\Games\Epsilon\_retail_\Interface\AddOns\Omega_Hub\Modules\Dice\Media\Continuous\d20\land-016-17.png'
01:08.391  render           | Saved: 'E:\Games\Epsilon\_retail_\Interface\AddOns\Omega_Hub\Modules\Dice\Media\Continuous\d20\land-016-18.png'
01:08.516  render           | Saved: 'E:\Games\Epsilon\_retail_\Interface\AddOns\Omega_Hub\Modules\Dice\Media\Continuous\d20\land-016-19.png'
01:08.625  render           | Saved: 'E:\Games\Epsilon\_retail_\Interface\AddOns\Omega_Hub\Modules\Dice\Media\Continuous\d20\land-016-20.png'
01:08.719  render           | Saved: 'E:\Games\Epsilon\_retail_\Interface\AddOns\Omega_Hub\Modules\Dice\Media\Continuous\d20\land-016-21.png'
01:08.797  render           | Saved: 'E:\Games\Epsilon\_retail_\Interface\AddOns\Omega_Hub\Modules\Dice\Media\Continuous\d20\land-016-22.png'
01:08.875  render           | Saved: 'E:\Games\Epsilon\_retail_\Interface\AddOns\Omega_Hub\Modules\Dice\Media\Continuous\d20\land-016-23.png'
01:08.985  render           | Saved: 'E:\Games\Epsilon\_retail_\Interface\AddOns\Omega_Hub\Modules\Dice\Media\Continuous\d20\land-016-24.png'
01:09.094  render           | Saved: 'E:\Games\Epsilon\_retail_\Interface\AddOns\Omega_Hub\Modules\Dice\Media\Continuous\d20\land-016-25.png'
01:09.157  render           | Saved: 'E:\Games\Epsilon\_retail_\Interface\AddOns\Omega_Hub\Modules\Dice\Media\Continuous\d20\land-016-26.png'
01:09.266  render           | Saved: 'E:\Games\Epsilon\_retail_\Interface\AddOns\Omega_Hub\Modules\Dice\Media\Continuous\d20\land-016-27.png'
01:09.344  render           | Saved: 'E:\Games\Epsilon\_retail_\Interface\AddOns\Omega_Hub\Modules\Dice\Media\Continuous\d20\land-016-28.png'
01:09.422  render           | Saved: 'E:\Games\Epsilon\_retail_\Interface\AddOns\Omega_Hub\Modules\Dice\Media\Continuous\d20\land-016-29.png'
01:09.532  render           | Saved: 'E:\Games\Epsilon\_retail_\Interface\AddOns\Omega_Hub\Modules\Dice\Media\Continuous\d20\land-016-30.png'
01:09.610  render           | Saved: 'E:\Games\Epsilon\_retail_\Interface\AddOns\Omega_Hub\Modules\Dice\Media\Continuous\d20\land-016-31.png'
01:09.719  render           | Saved: 'E:\Games\Epsilon\_retail_\Interface\AddOns\Omega_Hub\Modules\Dice\Media\Continuous\d20\land-016-32.png'
01:09.797  render           | Saved: 'E:\Games\Epsilon\_retail_\Interface\AddOns\Omega_Hub\Modules\Dice\Media\Continuous\d20\land-016-33.png'
01:09.875  render           | Saved: 'E:\Games\Epsilon\_retail_\Interface\AddOns\Omega_Hub\Modules\Dice\Media\Continuous\d20\land-016-34.png'
01:09.969  render           | Saved: 'E:\Games\Epsilon\_retail_\Interface\AddOns\Omega_Hub\Modules\Dice\Media\Continuous\d20\land-016-35.png'
01:10.032  render           | Saved: 'E:\Games\Epsilon\_retail_\Interface\AddOns\Omega_Hub\Modules\Dice\Media\Continuous\d20\land-016-36.png'
01:10.110  render           | Saved: 'E:\Games\Epsilon\_retail_\Interface\AddOns\Omega_Hub\Modules\Dice\Media\Continuous\d20\land-016-37.png'
01:10.172  render           | Saved: 'E:\Games\Epsilon\_retail_\Interface\AddOns\Omega_Hub\Modules\Dice\Media\Continuous\d20\land-016-38.png'
01:10.282  render           | Saved: 'E:\Games\Epsilon\_retail_\Interface\AddOns\Omega_Hub\Modules\Dice\Media\Continuous\d20\land-016-39.png'
01:10.344  render           | Saved: 'E:\Games\Epsilon\_retail_\Interface\AddOns\Omega_Hub\Modules\Dice\Media\Continuous\d20\land-016-40.png'
01:10.438  render           | Saved: 'E:\Games\Epsilon\_retail_\Interface\AddOns\Omega_Hub\Modules\Dice\Media\Continuous\d20\land-016-41.png'
01:10.516  render           | Saved: 'E:\Games\Epsilon\_retail_\Interface\AddOns\Omega_Hub\Modules\Dice\Media\Continuous\d20\land-016-42.png'
01:10.625  render           | Saved: 'E:\Games\Epsilon\_retail_\Interface\AddOns\Omega_Hub\Modules\Dice\Media\Continuous\d20\land-016-43.png'
01:10.704  render           | Saved: 'E:\Games\Epsilon\_retail_\Interface\AddOns\Omega_Hub\Modules\Dice\Media\Continuous\d20\land-016-44.png'
01:10.766  render           | Saved: 'E:\Games\Epsilon\_retail_\Interface\AddOns\Omega_Hub\Modules\Dice\Media\Continuous\d20\land-016-45.png'
01:10.829  render           | Saved: 'E:\Games\Epsilon\_retail_\Interface\AddOns\Omega_Hub\Modules\Dice\Media\Continuous\d20\land-016-46.png'
01:10.922  render           | Saved: 'E:\Games\Epsilon\_retail_\Interface\AddOns\Omega_Hub\Modules\Dice\Media\Continuous\d20\land-016-47.png'
01:11.032  render           | Saved: 'E:\Games\Epsilon\_retail_\Interface\AddOns\Omega_Hub\Modules\Dice\Media\Continuous\d20\land-017-00.png'
01:11.110  render           | Saved: 'E:\Games\Epsilon\_retail_\Interface\AddOns\Omega_Hub\Modules\Dice\Media\Continuous\d20\land-017-01.png'
01:11.204  render           | Saved: 'E:\Games\Epsilon\_retail_\Interface\AddOns\Omega_Hub\Modules\Dice\Media\Continuous\d20\land-017-02.png'
01:11.297  render           | Saved: 'E:\Games\Epsilon\_retail_\Interface\AddOns\Omega_Hub\Modules\Dice\Media\Continuous\d20\land-017-03.png'
01:11.375  render           | Saved: 'E:\Games\Epsilon\_retail_\Interface\AddOns\Omega_Hub\Modules\Dice\Media\Continuous\d20\land-017-04.png'
01:11.454  render           | Saved: 'E:\Games\Epsilon\_retail_\Interface\AddOns\Omega_Hub\Modules\Dice\Media\Continuous\d20\land-017-05.png'
01:11.516  render           | Saved: 'E:\Games\Epsilon\_retail_\Interface\AddOns\Omega_Hub\Modules\Dice\Media\Continuous\d20\land-017-06.png'
01:11.625  render           | Saved: 'E:\Games\Epsilon\_retail_\Interface\AddOns\Omega_Hub\Modules\Dice\Media\Continuous\d20\land-017-07.png'
01:11.688  render           | Saved: 'E:\Games\Epsilon\_retail_\Interface\AddOns\Omega_Hub\Modules\Dice\Media\Continuous\d20\land-017-08.png'
01:11.813  render           | Saved: 'E:\Games\Epsilon\_retail_\Interface\AddOns\Omega_Hub\Modules\Dice\Media\Continuous\d20\land-017-09.png'
01:11.875  render           | Saved: 'E:\Games\Epsilon\_retail_\Interface\AddOns\Omega_Hub\Modules\Dice\Media\Continuous\d20\land-017-10.png'
01:11.938  render           | Saved: 'E:\Games\Epsilon\_retail_\Interface\AddOns\Omega_Hub\Modules\Dice\Media\Continuous\d20\land-017-11.png'
01:12.016  render           | Saved: 'E:\Games\Epsilon\_retail_\Interface\AddOns\Omega_Hub\Modules\Dice\Media\Continuous\d20\land-017-12.png'
01:12.125  render           | Saved: 'E:\Games\Epsilon\_retail_\Interface\AddOns\Omega_Hub\Modules\Dice\Media\Continuous\d20\land-017-13.png'
01:12.235  render           | Saved: 'E:\Games\Epsilon\_retail_\Interface\AddOns\Omega_Hub\Modules\Dice\Media\Continuous\d20\land-017-14.png'
01:12.297  render           | Saved: 'E:\Games\Epsilon\_retail_\Interface\AddOns\Omega_Hub\Modules\Dice\Media\Continuous\d20\land-017-15.png'
01:12.375  render           | Saved: 'E:\Games\Epsilon\_retail_\Interface\AddOns\Omega_Hub\Modules\Dice\Media\Continuous\d20\land-017-16.png'
01:12.454  render           | Saved: 'E:\Games\Epsilon\_retail_\Interface\AddOns\Omega_Hub\Modules\Dice\Media\Continuous\d20\land-017-17.png'
01:12.563  render           | Saved: 'E:\Games\Epsilon\_retail_\Interface\AddOns\Omega_Hub\Modules\Dice\Media\Continuous\d20\land-017-18.png'
01:12.657  render           | Saved: 'E:\Games\Epsilon\_retail_\Interface\AddOns\Omega_Hub\Modules\Dice\Media\Continuous\d20\land-017-19.png'
01:12.750  render           | Saved: 'E:\Games\Epsilon\_retail_\Interface\AddOns\Omega_Hub\Modules\Dice\Media\Continuous\d20\land-017-20.png'
01:12.844  render           | Saved: 'E:\Games\Epsilon\_retail_\Interface\AddOns\Omega_Hub\Modules\Dice\Media\Continuous\d20\land-017-21.png'
01:12.922  render           | Saved: 'E:\Games\Epsilon\_retail_\Interface\AddOns\Omega_Hub\Modules\Dice\Media\Continuous\d20\land-017-22.png'
01:13.016  render           | Saved: 'E:\Games\Epsilon\_retail_\Interface\AddOns\Omega_Hub\Modules\Dice\Media\Continuous\d20\land-017-23.png'
01:13.110  render           | Saved: 'E:\Games\Epsilon\_retail_\Interface\AddOns\Omega_Hub\Modules\Dice\Media\Continuous\d20\land-017-24.png'
01:13.188  render           | Saved: 'E:\Games\Epsilon\_retail_\Interface\AddOns\Omega_Hub\Modules\Dice\Media\Continuous\d20\land-017-25.png'
01:13.313  render           | Saved: 'E:\Games\Epsilon\_retail_\Interface\AddOns\Omega_Hub\Modules\Dice\Media\Continuous\d20\land-017-26.png'
01:13.375  render           | Saved: 'E:\Games\Epsilon\_retail_\Interface\AddOns\Omega_Hub\Modules\Dice\Media\Continuous\d20\land-017-27.png'
01:13.454  render           | Saved: 'E:\Games\Epsilon\_retail_\Interface\AddOns\Omega_Hub\Modules\Dice\Media\Continuous\d20\land-017-28.png'
01:13.547  render           | Saved: 'E:\Games\Epsilon\_retail_\Interface\AddOns\Omega_Hub\Modules\Dice\Media\Continuous\d20\land-017-29.png'
01:13.610  render           | Saved: 'E:\Games\Epsilon\_retail_\Interface\AddOns\Omega_Hub\Modules\Dice\Media\Continuous\d20\land-017-30.png'
01:13.672  render           | Saved: 'E:\Games\Epsilon\_retail_\Interface\AddOns\Omega_Hub\Modules\Dice\Media\Continuous\d20\land-017-31.png'
01:13.766  render           | Saved: 'E:\Games\Epsilon\_retail_\Interface\AddOns\Omega_Hub\Modules\Dice\Media\Continuous\d20\land-017-32.png'
01:13.860  render           | Saved: 'E:\Games\Epsilon\_retail_\Interface\AddOns\Omega_Hub\Modules\Dice\Media\Continuous\d20\land-017-33.png'
01:13.922  render           | Saved: 'E:\Games\Epsilon\_retail_\Interface\AddOns\Omega_Hub\Modules\Dice\Media\Continuous\d20\land-017-34.png'
01:14.047  render           | Saved: 'E:\Games\Epsilon\_retail_\Interface\AddOns\Omega_Hub\Modules\Dice\Media\Continuous\d20\land-017-35.png'
01:14.157  render           | Saved: 'E:\Games\Epsilon\_retail_\Interface\AddOns\Omega_Hub\Modules\Dice\Media\Continuous\d20\land-017-36.png'
01:14.250  render           | Saved: 'E:\Games\Epsilon\_retail_\Interface\AddOns\Omega_Hub\Modules\Dice\Media\Continuous\d20\land-017-37.png'
01:14.391  render           | Saved: 'E:\Games\Epsilon\_retail_\Interface\AddOns\Omega_Hub\Modules\Dice\Media\Continuous\d20\land-017-38.png'
01:14.454  render           | Saved: 'E:\Games\Epsilon\_retail_\Interface\AddOns\Omega_Hub\Modules\Dice\Media\Continuous\d20\land-017-39.png'
01:14.532  render           | Saved: 'E:\Games\Epsilon\_retail_\Interface\AddOns\Omega_Hub\Modules\Dice\Media\Continuous\d20\land-017-40.png'
01:14.594  render           | Saved: 'E:\Games\Epsilon\_retail_\Interface\AddOns\Omega_Hub\Modules\Dice\Media\Continuous\d20\land-017-41.png'
01:14.688  render           | Saved: 'E:\Games\Epsilon\_retail_\Interface\AddOns\Omega_Hub\Modules\Dice\Media\Continuous\d20\land-017-42.png'
01:14.750  render           | Saved: 'E:\Games\Epsilon\_retail_\Interface\AddOns\Omega_Hub\Modules\Dice\Media\Continuous\d20\land-017-43.png'
01:14.844  render           | Saved: 'E:\Games\Epsilon\_retail_\Interface\AddOns\Omega_Hub\Modules\Dice\Media\Continuous\d20\land-017-44.png'
01:14.922  render           | Saved: 'E:\Games\Epsilon\_retail_\Interface\AddOns\Omega_Hub\Modules\Dice\Media\Continuous\d20\land-017-45.png'
01:15.000  render           | Saved: 'E:\Games\Epsilon\_retail_\Interface\AddOns\Omega_Hub\Modules\Dice\Media\Continuous\d20\land-017-46.png'
01:15.079  render           | Saved: 'E:\Games\Epsilon\_retail_\Interface\AddOns\Omega_Hub\Modules\Dice\Media\Continuous\d20\land-017-47.png'
01:15.188  render           | Saved: 'E:\Games\Epsilon\_retail_\Interface\AddOns\Omega_Hub\Modules\Dice\Media\Continuous\d20\land-018-00.png'
01:15.297  render           | Saved: 'E:\Games\Epsilon\_retail_\Interface\AddOns\Omega_Hub\Modules\Dice\Media\Continuous\d20\land-018-01.png'
01:15.407  render           | Saved: 'E:\Games\Epsilon\_retail_\Interface\AddOns\Omega_Hub\Modules\Dice\Media\Continuous\d20\land-018-02.png'
01:15.485  render           | Saved: 'E:\Games\Epsilon\_retail_\Interface\AddOns\Omega_Hub\Modules\Dice\Media\Continuous\d20\land-018-03.png'
01:15.547  render           | Saved: 'E:\Games\Epsilon\_retail_\Interface\AddOns\Omega_Hub\Modules\Dice\Media\Continuous\d20\land-018-04.png'
01:15.625  render           | Saved: 'E:\Games\Epsilon\_retail_\Interface\AddOns\Omega_Hub\Modules\Dice\Media\Continuous\d20\land-018-05.png'
01:15.704  render           | Saved: 'E:\Games\Epsilon\_retail_\Interface\AddOns\Omega_Hub\Modules\Dice\Media\Continuous\d20\land-018-06.png'
01:15.782  render           | Saved: 'E:\Games\Epsilon\_retail_\Interface\AddOns\Omega_Hub\Modules\Dice\Media\Continuous\d20\land-018-07.png'
01:15.860  render           | Saved: 'E:\Games\Epsilon\_retail_\Interface\AddOns\Omega_Hub\Modules\Dice\Media\Continuous\d20\land-018-08.png'
01:15.938  render           | Saved: 'E:\Games\Epsilon\_retail_\Interface\AddOns\Omega_Hub\Modules\Dice\Media\Continuous\d20\land-018-09.png'
01:16.063  render           | Saved: 'E:\Games\Epsilon\_retail_\Interface\AddOns\Omega_Hub\Modules\Dice\Media\Continuous\d20\land-018-10.png'
01:16.204  render           | Saved: 'E:\Games\Epsilon\_retail_\Interface\AddOns\Omega_Hub\Modules\Dice\Media\Continuous\d20\land-018-11.png'
01:16.313  render           | Saved: 'E:\Games\Epsilon\_retail_\Interface\AddOns\Omega_Hub\Modules\Dice\Media\Continuous\d20\land-018-12.png'
01:16.407  render           | Saved: 'E:\Games\Epsilon\_retail_\Interface\AddOns\Omega_Hub\Modules\Dice\Media\Continuous\d20\land-018-13.png'
01:16.532  render           | Saved: 'E:\Games\Epsilon\_retail_\Interface\AddOns\Omega_Hub\Modules\Dice\Media\Continuous\d20\land-018-14.png'
01:16.594  render           | Saved: 'E:\Games\Epsilon\_retail_\Interface\AddOns\Omega_Hub\Modules\Dice\Media\Continuous\d20\land-018-15.png'
01:16.672  render           | Saved: 'E:\Games\Epsilon\_retail_\Interface\AddOns\Omega_Hub\Modules\Dice\Media\Continuous\d20\land-018-16.png'
01:16.782  render           | Saved: 'E:\Games\Epsilon\_retail_\Interface\AddOns\Omega_Hub\Modules\Dice\Media\Continuous\d20\land-018-17.png'
01:16.875  render           | Saved: 'E:\Games\Epsilon\_retail_\Interface\AddOns\Omega_Hub\Modules\Dice\Media\Continuous\d20\land-018-18.png'
01:17.000  render           | Saved: 'E:\Games\Epsilon\_retail_\Interface\AddOns\Omega_Hub\Modules\Dice\Media\Continuous\d20\land-018-19.png'
01:17.063  render           | Saved: 'E:\Games\Epsilon\_retail_\Interface\AddOns\Omega_Hub\Modules\Dice\Media\Continuous\d20\land-018-20.png'
01:17.141  render           | Saved: 'E:\Games\Epsilon\_retail_\Interface\AddOns\Omega_Hub\Modules\Dice\Media\Continuous\d20\land-018-21.png'
01:17.266  render           | Saved: 'E:\Games\Epsilon\_retail_\Interface\AddOns\Omega_Hub\Modules\Dice\Media\Continuous\d20\land-018-22.png'
01:17.360  render           | Saved: 'E:\Games\Epsilon\_retail_\Interface\AddOns\Omega_Hub\Modules\Dice\Media\Continuous\d20\land-018-23.png'
01:17.485  render           | Saved: 'E:\Games\Epsilon\_retail_\Interface\AddOns\Omega_Hub\Modules\Dice\Media\Continuous\d20\land-018-24.png'
01:17.547  render           | Saved: 'E:\Games\Epsilon\_retail_\Interface\AddOns\Omega_Hub\Modules\Dice\Media\Continuous\d20\land-018-25.png'
01:17.610  render           | Saved: 'E:\Games\Epsilon\_retail_\Interface\AddOns\Omega_Hub\Modules\Dice\Media\Continuous\d20\land-018-26.png'
01:17.704  render           | Saved: 'E:\Games\Epsilon\_retail_\Interface\AddOns\Omega_Hub\Modules\Dice\Media\Continuous\d20\land-018-27.png'
01:17.813  render           | Saved: 'E:\Games\Epsilon\_retail_\Interface\AddOns\Omega_Hub\Modules\Dice\Media\Continuous\d20\land-018-28.png'
01:17.954  render           | Saved: 'E:\Games\Epsilon\_retail_\Interface\AddOns\Omega_Hub\Modules\Dice\Media\Continuous\d20\land-018-29.png'
01:18.016  render           | Saved: 'E:\Games\Epsilon\_retail_\Interface\AddOns\Omega_Hub\Modules\Dice\Media\Continuous\d20\land-018-30.png'
01:18.141  render           | Saved: 'E:\Games\Epsilon\_retail_\Interface\AddOns\Omega_Hub\Modules\Dice\Media\Continuous\d20\land-018-31.png'
01:18.266  render           | Saved: 'E:\Games\Epsilon\_retail_\Interface\AddOns\Omega_Hub\Modules\Dice\Media\Continuous\d20\land-018-32.png'
01:18.375  render           | Saved: 'E:\Games\Epsilon\_retail_\Interface\AddOns\Omega_Hub\Modules\Dice\Media\Continuous\d20\land-018-33.png'
01:18.438  render           | Saved: 'E:\Games\Epsilon\_retail_\Interface\AddOns\Omega_Hub\Modules\Dice\Media\Continuous\d20\land-018-34.png'
01:18.516  render           | Saved: 'E:\Games\Epsilon\_retail_\Interface\AddOns\Omega_Hub\Modules\Dice\Media\Continuous\d20\land-018-35.png'
01:18.594  render           | Saved: 'E:\Games\Epsilon\_retail_\Interface\AddOns\Omega_Hub\Modules\Dice\Media\Continuous\d20\land-018-36.png'
01:18.719  render           | Saved: 'E:\Games\Epsilon\_retail_\Interface\AddOns\Omega_Hub\Modules\Dice\Media\Continuous\d20\land-018-37.png'
01:18.797  render           | Saved: 'E:\Games\Epsilon\_retail_\Interface\AddOns\Omega_Hub\Modules\Dice\Media\Continuous\d20\land-018-38.png'
01:18.875  render           | Saved: 'E:\Games\Epsilon\_retail_\Interface\AddOns\Omega_Hub\Modules\Dice\Media\Continuous\d20\land-018-39.png'
01:18.954  render           | Saved: 'E:\Games\Epsilon\_retail_\Interface\AddOns\Omega_Hub\Modules\Dice\Media\Continuous\d20\land-018-40.png'
01:19.063  render           | Saved: 'E:\Games\Epsilon\_retail_\Interface\AddOns\Omega_Hub\Modules\Dice\Media\Continuous\d20\land-018-41.png'
01:19.188  render           | Saved: 'E:\Games\Epsilon\_retail_\Interface\AddOns\Omega_Hub\Modules\Dice\Media\Continuous\d20\land-018-42.png'
01:19.266  render           | Saved: 'E:\Games\Epsilon\_retail_\Interface\AddOns\Omega_Hub\Modules\Dice\Media\Continuous\d20\land-018-43.png'
01:19.344  render           | Saved: 'E:\Games\Epsilon\_retail_\Interface\AddOns\Omega_Hub\Modules\Dice\Media\Continuous\d20\land-018-44.png'
01:19.438  render           | Saved: 'E:\Games\Epsilon\_retail_\Interface\AddOns\Omega_Hub\Modules\Dice\Media\Continuous\d20\land-018-45.png'
01:19.532  render           | Saved: 'E:\Games\Epsilon\_retail_\Interface\AddOns\Omega_Hub\Modules\Dice\Media\Continuous\d20\land-018-46.png'
01:19.672  render           | Saved: 'E:\Games\Epsilon\_retail_\Interface\AddOns\Omega_Hub\Modules\Dice\Media\Continuous\d20\land-018-47.png'
01:19.797  render           | Saved: 'E:\Games\Epsilon\_retail_\Interface\AddOns\Omega_Hub\Modules\Dice\Media\Continuous\d20\land-019-00.png'
01:19.875  render           | Saved: 'E:\Games\Epsilon\_retail_\Interface\AddOns\Omega_Hub\Modules\Dice\Media\Continuous\d20\land-019-01.png'
01:20.000  render           | Saved: 'E:\Games\Epsilon\_retail_\Interface\AddOns\Omega_Hub\Modules\Dice\Media\Continuous\d20\land-019-02.png'
01:20.125  render           | Saved: 'E:\Games\Epsilon\_retail_\Interface\AddOns\Omega_Hub\Modules\Dice\Media\Continuous\d20\land-019-03.png'
01:20.188  render           | Saved: 'E:\Games\Epsilon\_retail_\Interface\AddOns\Omega_Hub\Modules\Dice\Media\Continuous\d20\land-019-04.png'
01:20.282  render           | Saved: 'E:\Games\Epsilon\_retail_\Interface\AddOns\Omega_Hub\Modules\Dice\Media\Continuous\d20\land-019-05.png'
01:20.344  render           | Saved: 'E:\Games\Epsilon\_retail_\Interface\AddOns\Omega_Hub\Modules\Dice\Media\Continuous\d20\land-019-06.png'
01:20.469  render           | Saved: 'E:\Games\Epsilon\_retail_\Interface\AddOns\Omega_Hub\Modules\Dice\Media\Continuous\d20\land-019-07.png'
01:20.563  render           | Saved: 'E:\Games\Epsilon\_retail_\Interface\AddOns\Omega_Hub\Modules\Dice\Media\Continuous\d20\land-019-08.png'
01:20.641  render           | Saved: 'E:\Games\Epsilon\_retail_\Interface\AddOns\Omega_Hub\Modules\Dice\Media\Continuous\d20\land-019-09.png'
01:20.719  render           | Saved: 'E:\Games\Epsilon\_retail_\Interface\AddOns\Omega_Hub\Modules\Dice\Media\Continuous\d20\land-019-10.png'
01:20.782  render           | Saved: 'E:\Games\Epsilon\_retail_\Interface\AddOns\Omega_Hub\Modules\Dice\Media\Continuous\d20\land-019-11.png'
01:20.891  render           | Saved: 'E:\Games\Epsilon\_retail_\Interface\AddOns\Omega_Hub\Modules\Dice\Media\Continuous\d20\land-019-12.png'
01:21.000  render           | Saved: 'E:\Games\Epsilon\_retail_\Interface\AddOns\Omega_Hub\Modules\Dice\Media\Continuous\d20\land-019-13.png'
01:21.063  render           | Saved: 'E:\Games\Epsilon\_retail_\Interface\AddOns\Omega_Hub\Modules\Dice\Media\Continuous\d20\land-019-14.png'
01:21.172  render           | Saved: 'E:\Games\Epsilon\_retail_\Interface\AddOns\Omega_Hub\Modules\Dice\Media\Continuous\d20\land-019-15.png'
01:21.235  render           | Saved: 'E:\Games\Epsilon\_retail_\Interface\AddOns\Omega_Hub\Modules\Dice\Media\Continuous\d20\land-019-16.png'
01:21.360  render           | Saved: 'E:\Games\Epsilon\_retail_\Interface\AddOns\Omega_Hub\Modules\Dice\Media\Continuous\d20\land-019-17.png'
01:21.500  render           | Saved: 'E:\Games\Epsilon\_retail_\Interface\AddOns\Omega_Hub\Modules\Dice\Media\Continuous\d20\land-019-18.png'
01:21.610  render           | Saved: 'E:\Games\Epsilon\_retail_\Interface\AddOns\Omega_Hub\Modules\Dice\Media\Continuous\d20\land-019-19.png'
01:21.719  render           | Saved: 'E:\Games\Epsilon\_retail_\Interface\AddOns\Omega_Hub\Modules\Dice\Media\Continuous\d20\land-019-20.png'
01:21.797  render           | Saved: 'E:\Games\Epsilon\_retail_\Interface\AddOns\Omega_Hub\Modules\Dice\Media\Continuous\d20\land-019-21.png'
01:21.891  render           | Saved: 'E:\Games\Epsilon\_retail_\Interface\AddOns\Omega_Hub\Modules\Dice\Media\Continuous\d20\land-019-22.png'
01:22.016  render           | Saved: 'E:\Games\Epsilon\_retail_\Interface\AddOns\Omega_Hub\Modules\Dice\Media\Continuous\d20\land-019-23.png'
01:22.125  render           | Saved: 'E:\Games\Epsilon\_retail_\Interface\AddOns\Omega_Hub\Modules\Dice\Media\Continuous\d20\land-019-24.png'
01:22.235  render           | Saved: 'E:\Games\Epsilon\_retail_\Interface\AddOns\Omega_Hub\Modules\Dice\Media\Continuous\d20\land-019-25.png'
01:22.329  render           | Saved: 'E:\Games\Epsilon\_retail_\Interface\AddOns\Omega_Hub\Modules\Dice\Media\Continuous\d20\land-019-26.png'
01:22.391  render           | Saved: 'E:\Games\Epsilon\_retail_\Interface\AddOns\Omega_Hub\Modules\Dice\Media\Continuous\d20\land-019-27.png'
01:22.485  render           | Saved: 'E:\Games\Epsilon\_retail_\Interface\AddOns\Omega_Hub\Modules\Dice\Media\Continuous\d20\land-019-28.png'
01:22.594  render           | Saved: 'E:\Games\Epsilon\_retail_\Interface\AddOns\Omega_Hub\Modules\Dice\Media\Continuous\d20\land-019-29.png'
01:22.719  render           | Saved: 'E:\Games\Epsilon\_retail_\Interface\AddOns\Omega_Hub\Modules\Dice\Media\Continuous\d20\land-019-30.png'
01:22.829  render           | Saved: 'E:\Games\Epsilon\_retail_\Interface\AddOns\Omega_Hub\Modules\Dice\Media\Continuous\d20\land-019-31.png'
01:22.907  render           | Saved: 'E:\Games\Epsilon\_retail_\Interface\AddOns\Omega_Hub\Modules\Dice\Media\Continuous\d20\land-019-32.png'
01:22.969  render           | Saved: 'E:\Games\Epsilon\_retail_\Interface\AddOns\Omega_Hub\Modules\Dice\Media\Continuous\d20\land-019-33.png'
01:23.063  render           | Saved: 'E:\Games\Epsilon\_retail_\Interface\AddOns\Omega_Hub\Modules\Dice\Media\Continuous\d20\land-019-34.png'
01:23.157  render           | Saved: 'E:\Games\Epsilon\_retail_\Interface\AddOns\Omega_Hub\Modules\Dice\Media\Continuous\d20\land-019-35.png'
01:23.219  render           | Saved: 'E:\Games\Epsilon\_retail_\Interface\AddOns\Omega_Hub\Modules\Dice\Media\Continuous\d20\land-019-36.png'
01:23.282  render           | Saved: 'E:\Games\Epsilon\_retail_\Interface\AddOns\Omega_Hub\Modules\Dice\Media\Continuous\d20\land-019-37.png'
01:23.360  render           | Saved: 'E:\Games\Epsilon\_retail_\Interface\AddOns\Omega_Hub\Modules\Dice\Media\Continuous\d20\land-019-38.png'
01:23.422  render           | Saved: 'E:\Games\Epsilon\_retail_\Interface\AddOns\Omega_Hub\Modules\Dice\Media\Continuous\d20\land-019-39.png'
01:23.532  render           | Saved: 'E:\Games\Epsilon\_retail_\Interface\AddOns\Omega_Hub\Modules\Dice\Media\Continuous\d20\land-019-40.png'
01:23.625  render           | Saved: 'E:\Games\Epsilon\_retail_\Interface\AddOns\Omega_Hub\Modules\Dice\Media\Continuous\d20\land-019-41.png'
01:23.719  render           | Saved: 'E:\Games\Epsilon\_retail_\Interface\AddOns\Omega_Hub\Modules\Dice\Media\Continuous\d20\land-019-42.png'
01:23.782  render           | Saved: 'E:\Games\Epsilon\_retail_\Interface\AddOns\Omega_Hub\Modules\Dice\Media\Continuous\d20\land-019-43.png'
01:23.875  render           | Saved: 'E:\Games\Epsilon\_retail_\Interface\AddOns\Omega_Hub\Modules\Dice\Media\Continuous\d20\land-019-44.png'
01:23.969  render           | Saved: 'E:\Games\Epsilon\_retail_\Interface\AddOns\Omega_Hub\Modules\Dice\Media\Continuous\d20\land-019-45.png'
01:24.063  render           | Saved: 'E:\Games\Epsilon\_retail_\Interface\AddOns\Omega_Hub\Modules\Dice\Media\Continuous\d20\land-019-46.png'
01:24.125  render           | Saved: 'E:\Games\Epsilon\_retail_\Interface\AddOns\Omega_Hub\Modules\Dice\Media\Continuous\d20\land-019-47.png'
01:24.219  render           | Saved: 'E:\Games\Epsilon\_retail_\Interface\AddOns\Omega_Hub\Modules\Dice\Media\Continuous\d20\land-020-00.png'
01:24.344  render           | Saved: 'E:\Games\Epsilon\_retail_\Interface\AddOns\Omega_Hub\Modules\Dice\Media\Continuous\d20\land-020-01.png'
01:24.422  render           | Saved: 'E:\Games\Epsilon\_retail_\Interface\AddOns\Omega_Hub\Modules\Dice\Media\Continuous\d20\land-020-02.png'
01:24.516  render           | Saved: 'E:\Games\Epsilon\_retail_\Interface\AddOns\Omega_Hub\Modules\Dice\Media\Continuous\d20\land-020-03.png'
01:24.657  render           | Saved: 'E:\Games\Epsilon\_retail_\Interface\AddOns\Omega_Hub\Modules\Dice\Media\Continuous\d20\land-020-04.png'
01:24.766  render           | Saved: 'E:\Games\Epsilon\_retail_\Interface\AddOns\Omega_Hub\Modules\Dice\Media\Continuous\d20\land-020-05.png'
01:24.844  render           | Saved: 'E:\Games\Epsilon\_retail_\Interface\AddOns\Omega_Hub\Modules\Dice\Media\Continuous\d20\land-020-06.png'
01:24.938  render           | Saved: 'E:\Games\Epsilon\_retail_\Interface\AddOns\Omega_Hub\Modules\Dice\Media\Continuous\d20\land-020-07.png'
01:25.047  render           | Saved: 'E:\Games\Epsilon\_retail_\Interface\AddOns\Omega_Hub\Modules\Dice\Media\Continuous\d20\land-020-08.png'
01:25.110  render           | Saved: 'E:\Games\Epsilon\_retail_\Interface\AddOns\Omega_Hub\Modules\Dice\Media\Continuous\d20\land-020-09.png'
01:25.204  render           | Saved: 'E:\Games\Epsilon\_retail_\Interface\AddOns\Omega_Hub\Modules\Dice\Media\Continuous\d20\land-020-10.png'
01:25.297  render           | Saved: 'E:\Games\Epsilon\_retail_\Interface\AddOns\Omega_Hub\Modules\Dice\Media\Continuous\d20\land-020-11.png'
01:25.360  render           | Saved: 'E:\Games\Epsilon\_retail_\Interface\AddOns\Omega_Hub\Modules\Dice\Media\Continuous\d20\land-020-12.png'
01:25.422  render           | Saved: 'E:\Games\Epsilon\_retail_\Interface\AddOns\Omega_Hub\Modules\Dice\Media\Continuous\d20\land-020-13.png'
01:25.516  render           | Saved: 'E:\Games\Epsilon\_retail_\Interface\AddOns\Omega_Hub\Modules\Dice\Media\Continuous\d20\land-020-14.png'
01:25.641  render           | Saved: 'E:\Games\Epsilon\_retail_\Interface\AddOns\Omega_Hub\Modules\Dice\Media\Continuous\d20\land-020-15.png'
01:25.766  render           | Saved: 'E:\Games\Epsilon\_retail_\Interface\AddOns\Omega_Hub\Modules\Dice\Media\Continuous\d20\land-020-16.png'
01:25.829  render           | Saved: 'E:\Games\Epsilon\_retail_\Interface\AddOns\Omega_Hub\Modules\Dice\Media\Continuous\d20\land-020-17.png'
01:25.938  render           | Saved: 'E:\Games\Epsilon\_retail_\Interface\AddOns\Omega_Hub\Modules\Dice\Media\Continuous\d20\land-020-18.png'
01:26.079  render           | Saved: 'E:\Games\Epsilon\_retail_\Interface\AddOns\Omega_Hub\Modules\Dice\Media\Continuous\d20\land-020-19.png'
01:26.188  render           | Saved: 'E:\Games\Epsilon\_retail_\Interface\AddOns\Omega_Hub\Modules\Dice\Media\Continuous\d20\land-020-20.png'
01:26.250  render           | Saved: 'E:\Games\Epsilon\_retail_\Interface\AddOns\Omega_Hub\Modules\Dice\Media\Continuous\d20\land-020-21.png'
01:26.360  render           | Saved: 'E:\Games\Epsilon\_retail_\Interface\AddOns\Omega_Hub\Modules\Dice\Media\Continuous\d20\land-020-22.png'
01:26.469  render           | Saved: 'E:\Games\Epsilon\_retail_\Interface\AddOns\Omega_Hub\Modules\Dice\Media\Continuous\d20\land-020-23.png'
01:26.610  render           | Saved: 'E:\Games\Epsilon\_retail_\Interface\AddOns\Omega_Hub\Modules\Dice\Media\Continuous\d20\land-020-24.png'
01:26.672  render           | Saved: 'E:\Games\Epsilon\_retail_\Interface\AddOns\Omega_Hub\Modules\Dice\Media\Continuous\d20\land-020-25.png'
01:26.766  render           | Saved: 'E:\Games\Epsilon\_retail_\Interface\AddOns\Omega_Hub\Modules\Dice\Media\Continuous\d20\land-020-26.png'
01:26.891  render           | Saved: 'E:\Games\Epsilon\_retail_\Interface\AddOns\Omega_Hub\Modules\Dice\Media\Continuous\d20\land-020-27.png'
01:26.985  render           | Saved: 'E:\Games\Epsilon\_retail_\Interface\AddOns\Omega_Hub\Modules\Dice\Media\Continuous\d20\land-020-28.png'
01:27.047  render           | Saved: 'E:\Games\Epsilon\_retail_\Interface\AddOns\Omega_Hub\Modules\Dice\Media\Continuous\d20\land-020-29.png'
01:27.125  render           | Saved: 'E:\Games\Epsilon\_retail_\Interface\AddOns\Omega_Hub\Modules\Dice\Media\Continuous\d20\land-020-30.png'
01:27.204  render           | Saved: 'E:\Games\Epsilon\_retail_\Interface\AddOns\Omega_Hub\Modules\Dice\Media\Continuous\d20\land-020-31.png'
01:27.313  render           | Saved: 'E:\Games\Epsilon\_retail_\Interface\AddOns\Omega_Hub\Modules\Dice\Media\Continuous\d20\land-020-32.png'
01:27.391  render           | Saved: 'E:\Games\Epsilon\_retail_\Interface\AddOns\Omega_Hub\Modules\Dice\Media\Continuous\d20\land-020-33.png'
01:27.469  render           | Saved: 'E:\Games\Epsilon\_retail_\Interface\AddOns\Omega_Hub\Modules\Dice\Media\Continuous\d20\land-020-34.png'
01:27.594  render           | Saved: 'E:\Games\Epsilon\_retail_\Interface\AddOns\Omega_Hub\Modules\Dice\Media\Continuous\d20\land-020-35.png'
01:27.719  render           | Saved: 'E:\Games\Epsilon\_retail_\Interface\AddOns\Omega_Hub\Modules\Dice\Media\Continuous\d20\land-020-36.png'
01:27.813  render           | Saved: 'E:\Games\Epsilon\_retail_\Interface\AddOns\Omega_Hub\Modules\Dice\Media\Continuous\d20\land-020-37.png'
01:27.875  render           | Saved: 'E:\Games\Epsilon\_retail_\Interface\AddOns\Omega_Hub\Modules\Dice\Media\Continuous\d20\land-020-38.png'
01:27.969  render           | Saved: 'E:\Games\Epsilon\_retail_\Interface\AddOns\Omega_Hub\Modules\Dice\Media\Continuous\d20\land-020-39.png'
01:28.047  render           | Saved: 'E:\Games\Epsilon\_retail_\Interface\AddOns\Omega_Hub\Modules\Dice\Media\Continuous\d20\land-020-40.png'
01:28.157  render           | Saved: 'E:\Games\Epsilon\_retail_\Interface\AddOns\Omega_Hub\Modules\Dice\Media\Continuous\d20\land-020-41.png'
01:28.282  render           | Saved: 'E:\Games\Epsilon\_retail_\Interface\AddOns\Omega_Hub\Modules\Dice\Media\Continuous\d20\land-020-42.png'
01:28.344  render           | Saved: 'E:\Games\Epsilon\_retail_\Interface\AddOns\Omega_Hub\Modules\Dice\Media\Continuous\d20\land-020-43.png'
01:28.407  render           | Saved: 'E:\Games\Epsilon\_retail_\Interface\AddOns\Omega_Hub\Modules\Dice\Media\Continuous\d20\land-020-44.png'
01:28.547  render           | Saved: 'E:\Games\Epsilon\_retail_\Interface\AddOns\Omega_Hub\Modules\Dice\Media\Continuous\d20\land-020-45.png'
01:28.641  render           | Saved: 'E:\Games\Epsilon\_retail_\Interface\AddOns\Omega_Hub\Modules\Dice\Media\Continuous\d20\land-020-46.png'
01:28.704  render           | Saved: 'E:\Games\Epsilon\_retail_\Interface\AddOns\Omega_Hub\Modules\Dice\Media\Continuous\d20\land-020-47.png'
Blender 5.0.1 (hash a3db93c5b259 built 2025-12-16 01:32:30)

Blender quit
