E:\Games\Epsilon\_retail_\Interface\AddOns\Omega_Hub\Modules\Dice\Tools\blender_dice.py:24: DeprecationWarning: 'Material.use_nodes' is expected to be removed in Blender 6.0
  mat=bpy.data.materials.new(name);mat.diffuse_color=(*color,1);mat.use_nodes=True
00:01.531  render           | Saved: 'E:\Games\Epsilon\_retail_\Interface\AddOns\Omega_Hub\Modules\Dice\Media\Smooth\d20\roll-00.png'
00:01.593  render           | Saved: 'E:\Games\Epsilon\_retail_\Interface\AddOns\Omega_Hub\Modules\Dice\Media\Smooth\d20\roll-01.png'
00:01.671  render           | Saved: 'E:\Games\Epsilon\_retail_\Interface\AddOns\Omega_Hub\Modules\Dice\Media\Smooth\d20\roll-02.png'
00:01.734  render           | Saved: 'E:\Games\Epsilon\_retail_\Interface\AddOns\Omega_Hub\Modules\Dice\Media\Smooth\d20\roll-03.png'
00:01.812  render           | Saved: 'E:\Games\Epsilon\_retail_\Interface\AddOns\Omega_Hub\Modules\Dice\Media\Smooth\d20\roll-04.png'
00:01.875  render           | Saved: 'E:\Games\Epsilon\_retail_\Interface\AddOns\Omega_Hub\Modules\Dice\Media\Smooth\d20\roll-05.png'
00:01.937  render           | Saved: 'E:\Games\Epsilon\_retail_\Interface\AddOns\Omega_Hub\Modules\Dice\Media\Smooth\d20\roll-06.png'
00:02.015  render           | Saved: 'E:\Games\Epsilon\_retail_\Interface\AddOns\Omega_Hub\Modules\Dice\Media\Smooth\d20\roll-07.png'
00:02.078  render           | Saved: 'E:\Games\Epsilon\_retail_\Interface\AddOns\Omega_Hub\Modules\Dice\Media\Smooth\d20\roll-08.png'
00:02.156  render           | Saved: 'E:\Games\Epsilon\_retail_\Interface\AddOns\Omega_Hub\Modules\Dice\Media\Smooth\d20\roll-09.png'
00:02.203  render           | Saved: 'E:\Games\Epsilon\_retail_\Interface\AddOns\Omega_Hub\Modules\Dice\Media\Smooth\d20\roll-10.png'
00:02.281  render           | Saved: 'E:\Games\Epsilon\_retail_\Interface\AddOns\Omega_Hub\Modules\Dice\Media\Smooth\d20\roll-11.png'
00:02.343  render           | Saved: 'E:\Games\Epsilon\_retail_\Interface\AddOns\Omega_Hub\Modules\Dice\Media\Smooth\d20\roll-12.png'
00:02.406  render           | Saved: 'E:\Games\Epsilon\_retail_\Interface\AddOns\Omega_Hub\Modules\Dice\Media\Smooth\d20\roll-13.png'
00:02.468  render           | Saved: 'E:\Games\Epsilon\_retail_\Interface\AddOns\Omega_Hub\Modules\Dice\Media\Smooth\d20\roll-14.png'
00:02.531  render           | Saved: 'E:\Games\Epsilon\_retail_\Interface\AddOns\Omega_Hub\Modules\Dice\Media\Smooth\d20\roll-15.png'
00:02.609  render           | Saved: 'E:\Games\Epsilon\_retail_\Interface\AddOns\Omega_Hub\Modules\Dice\Media\Smooth\d20\roll-16.png'
00:02.671  render           | Saved: 'E:\Games\Epsilon\_retail_\Interface\AddOns\Omega_Hub\Modules\Dice\Media\Smooth\d20\roll-17.png'
00:02.734  render           | Saved: 'E:\Games\Epsilon\_retail_\Interface\AddOns\Omega_Hub\Modules\Dice\Media\Smooth\d20\roll-18.png'
00:02.796  render           | Saved: 'E:\Games\Epsilon\_retail_\Interface\AddOns\Omega_Hub\Modules\Dice\Media\Smooth\d20\roll-19.png'
00:02.859  render           | Saved: 'E:\Games\Epsilon\_retail_\Interface\AddOns\Omega_Hub\Modules\Dice\Media\Smooth\d20\roll-20.png'
00:02.921  render           | Saved: 'E:\Games\Epsilon\_retail_\Interface\AddOns\Omega_Hub\Modules\Dice\Media\Smooth\d20\roll-21.png'
00:02.984  render           | Saved: 'E:\Games\Epsilon\_retail_\Interface\AddOns\Omega_Hub\Modules\Dice\Media\Smooth\d20\roll-22.png'
00:03.046  render           | Saved: 'E:\Games\Epsilon\_retail_\Interface\AddOns\Omega_Hub\Modules\Dice\Media\Smooth\d20\roll-23.png'
00:03.125  render           | Saved: 'E:\Games\Epsilon\_retail_\Interface\AddOns\Omega_Hub\Modules\Dice\Media\Smooth\d20\roll-24.png'
00:03.203  render           | Saved: 'E:\Games\Epsilon\_retail_\Interface\AddOns\Omega_Hub\Modules\Dice\Media\Smooth\d20\roll-25.png'
00:03.265  render           | Saved: 'E:\Games\Epsilon\_retail_\Interface\AddOns\Omega_Hub\Modules\Dice\Media\Smooth\d20\roll-26.png'
00:03.343  render           | Saved: 'E:\Games\Epsilon\_retail_\Interface\AddOns\Omega_Hub\Modules\Dice\Media\Smooth\d20\roll-27.png'
00:03.421  render           | Saved: 'E:\Games\Epsilon\_retail_\Interface\AddOns\Omega_Hub\Modules\Dice\Media\Smooth\d20\roll-28.png'
00:03.484  render           | Saved: 'E:\Games\Epsilon\_retail_\Interface\AddOns\Omega_Hub\Modules\Dice\Media\Smooth\d20\roll-29.png'
00:03.562  render           | Saved: 'E:\Games\Epsilon\_retail_\Interface\AddOns\Omega_Hub\Modules\Dice\Media\Smooth\d20\roll-30.png'
00:03.656  render           | Saved: 'E:\Games\Epsilon\_retail_\Interface\AddOns\Omega_Hub\Modules\Dice\Media\Smooth\d20\roll-31.png'
00:03.718  render           | Saved: 'E:\Games\Epsilon\_retail_\Interface\AddOns\Omega_Hub\Modules\Dice\Media\Smooth\d20\roll-32.png'
00:03.812  render           | Saved: 'E:\Games\Epsilon\_retail_\Interface\AddOns\Omega_Hub\Modules\Dice\Media\Smooth\d20\roll-33.png'
00:03.875  render           | Saved: 'E:\Games\Epsilon\_retail_\Interface\AddOns\Omega_Hub\Modules\Dice\Media\Smooth\d20\roll-34.png'
00:03.953  render           | Saved: 'E:\Games\Epsilon\_retail_\Interface\AddOns\Omega_Hub\Modules\Dice\Media\Smooth\d20\roll-35.png'
00:04.015  render           | Saved: 'E:\Games\Epsilon\_retail_\Interface\AddOns\Omega_Hub\Modules\Dice\Media\Smooth\d20\roll-36.png'
00:04.093  render           | Saved: 'E:\Games\Epsilon\_retail_\Interface\AddOns\Omega_Hub\Modules\Dice\Media\Smooth\d20\roll-37.png'
00:04.156  render           | Saved: 'E:\Games\Epsilon\_retail_\Interface\AddOns\Omega_Hub\Modules\Dice\Media\Smooth\d20\roll-38.png'
00:04.234  render           | Saved: 'E:\Games\Epsilon\_retail_\Interface\AddOns\Omega_Hub\Modules\Dice\Media\Smooth\d20\roll-39.png'
00:04.296  render           | Saved: 'E:\Games\Epsilon\_retail_\Interface\AddOns\Omega_Hub\Modules\Dice\Media\Smooth\d20\roll-40.png'
00:04.375  render           | Saved: 'E:\Games\Epsilon\_retail_\Interface\AddOns\Omega_Hub\Modules\Dice\Media\Smooth\d20\roll-41.png'
00:04.453  render           | Saved: 'E:\Games\Epsilon\_retail_\Interface\AddOns\Omega_Hub\Modules\Dice\Media\Smooth\d20\roll-42.png'
00:04.531  render           | Saved: 'E:\Games\Epsilon\_retail_\Interface\AddOns\Omega_Hub\Modules\Dice\Media\Smooth\d20\roll-43.png'
00:04.593  render           | Saved: 'E:\Games\Epsilon\_retail_\Interface\AddOns\Omega_Hub\Modules\Dice\Media\Smooth\d20\roll-44.png'
00:04.671  render           | Saved: 'E:\Games\Epsilon\_retail_\Interface\AddOns\Omega_Hub\Modules\Dice\Media\Smooth\d20\roll-45.png'
00:04.750  render           | Saved: 'E:\Games\Epsilon\_retail_\Interface\AddOns\Omega_Hub\Modules\Dice\Media\Smooth\d20\roll-46.png'
00:04.812  render           | Saved: 'E:\Games\Epsilon\_retail_\Interface\AddOns\Omega_Hub\Modules\Dice\Media\Smooth\d20\roll-47.png'
00:04.890  render           | Saved: 'E:\Games\Epsilon\_retail_\Interface\AddOns\Omega_Hub\Modules\Dice\Media\Smooth\d20\roll-48.png'
00:04.953  render           | Saved: 'E:\Games\Epsilon\_retail_\Interface\AddOns\Omega_Hub\Modules\Dice\Media\Smooth\d20\roll-49.png'
00:05.015  render           | Saved: 'E:\Games\Epsilon\_retail_\Interface\AddOns\Omega_Hub\Modules\Dice\Media\Smooth\d20\roll-50.png'
00:05.093  render           | Saved: 'E:\Games\Epsilon\_retail_\Interface\AddOns\Omega_Hub\Modules\Dice\Media\Smooth\d20\roll-51.png'
00:05.171  render           | Saved: 'E:\Games\Epsilon\_retail_\Interface\AddOns\Omega_Hub\Modules\Dice\Media\Smooth\d20\roll-52.png'
00:05.234  render           | Saved: 'E:\Games\Epsilon\_retail_\Interface\AddOns\Omega_Hub\Modules\Dice\Media\Smooth\d20\roll-53.png'
00:05.312  render           | Saved: 'E:\Games\Epsilon\_retail_\Interface\AddOns\Omega_Hub\Modules\Dice\Media\Smooth\d20\roll-54.png'
00:05.390  render           | Saved: 'E:\Games\Epsilon\_retail_\Interface\AddOns\Omega_Hub\Modules\Dice\Media\Smooth\d20\roll-55.png'
00:05.453  render           | Saved: 'E:\Games\Epsilon\_retail_\Interface\AddOns\Omega_Hub\Modules\Dice\Media\Smooth\d20\roll-56.png'
00:05.500  render           | Saved: 'E:\Games\Epsilon\_retail_\Interface\AddOns\Omega_Hub\Modules\Dice\Media\Smooth\d20\roll-57.png'
00:05.578  render           | Saved: 'E:\Games\Epsilon\_retail_\Interface\AddOns\Omega_Hub\Modules\Dice\Media\Smooth\d20\roll-58.png'
00:05.640  render           | Saved: 'E:\Games\Epsilon\_retail_\Interface\AddOns\Omega_Hub\Modules\Dice\Media\Smooth\d20\roll-59.png'
00:05.703  render           | Saved: 'E:\Games\Epsilon\_retail_\Interface\AddOns\Omega_Hub\Modules\Dice\Media\Smooth\d20\roll-60.png'
00:05.781  render           | Saved: 'E:\Games\Epsilon\_retail_\Interface\AddOns\Omega_Hub\Modules\Dice\Media\Smooth\d20\roll-61.png'
00:05.843  render           | Saved: 'E:\Games\Epsilon\_retail_\Interface\AddOns\Omega_Hub\Modules\Dice\Media\Smooth\d20\roll-62.png'
00:05.906  render           | Saved: 'E:\Games\Epsilon\_retail_\Interface\AddOns\Omega_Hub\Modules\Dice\Media\Smooth\d20\roll-63.png'
00:05.968  render           | Saved: 'E:\Games\Epsilon\_retail_\Interface\AddOns\Omega_Hub\Modules\Dice\Media\Smooth\d20\roll-64.png'
00:06.031  render           | Saved: 'E:\Games\Epsilon\_retail_\Interface\AddOns\Omega_Hub\Modules\Dice\Media\Smooth\d20\roll-65.png'
00:06.093  render           | Saved: 'E:\Games\Epsilon\_retail_\Interface\AddOns\Omega_Hub\Modules\Dice\Media\Smooth\d20\roll-66.png'
00:06.156  render           | Saved: 'E:\Games\Epsilon\_retail_\Interface\AddOns\Omega_Hub\Modules\Dice\Media\Smooth\d20\roll-67.png'
00:06.218  render           | Saved: 'E:\Games\Epsilon\_retail_\Interface\AddOns\Omega_Hub\Modules\Dice\Media\Smooth\d20\roll-68.png'
00:06.281  render           | Saved: 'E:\Games\Epsilon\_retail_\Interface\AddOns\Omega_Hub\Modules\Dice\Media\Smooth\d20\roll-69.png'
00:06.359  render           | Saved: 'E:\Games\Epsilon\_retail_\Interface\AddOns\Omega_Hub\Modules\Dice\Media\Smooth\d20\roll-70.png'
00:06.406  render           | Saved: 'E:\Games\Epsilon\_retail_\Interface\AddOns\Omega_Hub\Modules\Dice\Media\Smooth\d20\roll-71.png'
00:06.468  render           | Saved: 'E:\Games\Epsilon\_retail_\Interface\AddOns\Omega_Hub\Modules\Dice\Media\Smooth\d20\roll-72.png'
00:06.531  render           | Saved: 'E:\Games\Epsilon\_retail_\Interface\AddOns\Omega_Hub\Modules\Dice\Media\Smooth\d20\roll-73.png'
00:06.609  render           | Saved: 'E:\Games\Epsilon\_retail_\Interface\AddOns\Omega_Hub\Modules\Dice\Media\Smooth\d20\roll-74.png'
00:06.671  render           | Saved: 'E:\Games\Epsilon\_retail_\Interface\AddOns\Omega_Hub\Modules\Dice\Media\Smooth\d20\roll-75.png'
00:06.734  render           | Saved: 'E:\Games\Epsilon\_retail_\Interface\AddOns\Omega_Hub\Modules\Dice\Media\Smooth\d20\roll-76.png'
00:06.796  render           | Saved: 'E:\Games\Epsilon\_retail_\Interface\AddOns\Omega_Hub\Modules\Dice\Media\Smooth\d20\roll-77.png'
00:06.875  render           | Saved: 'E:\Games\Epsilon\_retail_\Interface\AddOns\Omega_Hub\Modules\Dice\Media\Smooth\d20\roll-78.png'
00:06.937  render           | Saved: 'E:\Games\Epsilon\_retail_\Interface\AddOns\Omega_Hub\Modules\Dice\Media\Smooth\d20\roll-79.png'
00:07.000  render           | Saved: 'E:\Games\Epsilon\_retail_\Interface\AddOns\Omega_Hub\Modules\Dice\Media\Smooth\d20\roll-80.png'
00:07.078  render           | Saved: 'E:\Games\Epsilon\_retail_\Interface\AddOns\Omega_Hub\Modules\Dice\Media\Smooth\d20\roll-81.png'
00:07.140  render           | Saved: 'E:\Games\Epsilon\_retail_\Interface\AddOns\Omega_Hub\Modules\Dice\Media\Smooth\d20\roll-82.png'
00:07.218  render           | Saved: 'E:\Games\Epsilon\_retail_\Interface\AddOns\Omega_Hub\Modules\Dice\Media\Smooth\d20\roll-83.png'
00:07.281  render           | Saved: 'E:\Games\Epsilon\_retail_\Interface\AddOns\Omega_Hub\Modules\Dice\Media\Smooth\d20\roll-84.png'
00:07.359  render           | Saved: 'E:\Games\Epsilon\_retail_\Interface\AddOns\Omega_Hub\Modules\Dice\Media\Smooth\d20\roll-85.png'
00:07.421  render           | Saved: 'E:\Games\Epsilon\_retail_\Interface\AddOns\Omega_Hub\Modules\Dice\Media\Smooth\d20\roll-86.png'
00:07.484  render           | Saved: 'E:\Games\Epsilon\_retail_\Interface\AddOns\Omega_Hub\Modules\Dice\Media\Smooth\d20\roll-87.png'
00:07.609  render           | Saved: 'E:\Games\Epsilon\_retail_\Interface\AddOns\Omega_Hub\Modules\Dice\Media\Smooth\d20\roll-88.png'
00:07.687  render           | Saved: 'E:\Games\Epsilon\_retail_\Interface\AddOns\Omega_Hub\Modules\Dice\Media\Smooth\d20\roll-89.png'
00:07.765  render           | Saved: 'E:\Games\Epsilon\_retail_\Interface\AddOns\Omega_Hub\Modules\Dice\Media\Smooth\d20\roll-90.png'
00:07.828  render           | Saved: 'E:\Games\Epsilon\_retail_\Interface\AddOns\Omega_Hub\Modules\Dice\Media\Smooth\d20\roll-91.png'
00:07.890  render           | Saved: 'E:\Games\Epsilon\_retail_\Interface\AddOns\Omega_Hub\Modules\Dice\Media\Smooth\d20\roll-92.png'
00:08.015  render           | Saved: 'E:\Games\Epsilon\_retail_\Interface\AddOns\Omega_Hub\Modules\Dice\Media\Smooth\d20\roll-93.png'
00:08.078  render           | Saved: 'E:\Games\Epsilon\_retail_\Interface\AddOns\Omega_Hub\Modules\Dice\Media\Smooth\d20\roll-94.png'
00:08.140  render           | Saved: 'E:\Games\Epsilon\_retail_\Interface\AddOns\Omega_Hub\Modules\Dice\Media\Smooth\d20\roll-95.png'
00:08.187  render           | Saved: 'E:\Games\Epsilon\_retail_\Interface\AddOns\Omega_Hub\Modules\Dice\Media\Smooth\d20\land-001-00.png'
00:08.281  render           | Saved: 'E:\Games\Epsilon\_retail_\Interface\AddOns\Omega_Hub\Modules\Dice\Media\Smooth\d20\land-001-01.png'
00:08.390  render           | Saved: 'E:\Games\Epsilon\_retail_\Interface\AddOns\Omega_Hub\Modules\Dice\Media\Smooth\d20\land-001-02.png'
00:08.468  render           | Saved: 'E:\Games\Epsilon\_retail_\Interface\AddOns\Omega_Hub\Modules\Dice\Media\Smooth\d20\land-001-03.png'
00:08.531  render           | Saved: 'E:\Games\Epsilon\_retail_\Interface\AddOns\Omega_Hub\Modules\Dice\Media\Smooth\d20\land-001-04.png'
00:08.593  render           | Saved: 'E:\Games\Epsilon\_retail_\Interface\AddOns\Omega_Hub\Modules\Dice\Media\Smooth\d20\land-001-05.png'
00:08.671  render           | Saved: 'E:\Games\Epsilon\_retail_\Interface\AddOns\Omega_Hub\Modules\Dice\Media\Smooth\d20\land-001-06.png'
00:08.765  render           | Saved: 'E:\Games\Epsilon\_retail_\Interface\AddOns\Omega_Hub\Modules\Dice\Media\Smooth\d20\land-001-07.png'
00:08.828  render           | Saved: 'E:\Games\Epsilon\_retail_\Interface\AddOns\Omega_Hub\Modules\Dice\Media\Smooth\d20\land-001-08.png'
00:08.906  render           | Saved: 'E:\Games\Epsilon\_retail_\Interface\AddOns\Omega_Hub\Modules\Dice\Media\Smooth\d20\land-001-09.png'
00:08.953  render           | Saved: 'E:\Games\Epsilon\_retail_\Interface\AddOns\Omega_Hub\Modules\Dice\Media\Smooth\d20\land-001-10.png'
00:09.031  render           | Saved: 'E:\Games\Epsilon\_retail_\Interface\AddOns\Omega_Hub\Modules\Dice\Media\Smooth\d20\land-001-11.png'
00:09.125  render           | Saved: 'E:\Games\Epsilon\_retail_\Interface\AddOns\Omega_Hub\Modules\Dice\Media\Smooth\d20\land-001-12.png'
00:09.234  render           | Saved: 'E:\Games\Epsilon\_retail_\Interface\AddOns\Omega_Hub\Modules\Dice\Media\Smooth\d20\land-001-13.png'
00:09.328  render           | Saved: 'E:\Games\Epsilon\_retail_\Interface\AddOns\Omega_Hub\Modules\Dice\Media\Smooth\d20\land-001-14.png'
00:09.406  render           | Saved: 'E:\Games\Epsilon\_retail_\Interface\AddOns\Omega_Hub\Modules\Dice\Media\Smooth\d20\land-001-15.png'
00:09.468  render           | Saved: 'E:\Games\Epsilon\_retail_\Interface\AddOns\Omega_Hub\Modules\Dice\Media\Smooth\d20\land-001-16.png'
00:09.531  render           | Saved: 'E:\Games\Epsilon\_retail_\Interface\AddOns\Omega_Hub\Modules\Dice\Media\Smooth\d20\land-001-17.png'
00:09.625  render           | Saved: 'E:\Games\Epsilon\_retail_\Interface\AddOns\Omega_Hub\Modules\Dice\Media\Smooth\d20\land-001-18.png'
00:09.734  render           | Saved: 'E:\Games\Epsilon\_retail_\Interface\AddOns\Omega_Hub\Modules\Dice\Media\Smooth\d20\land-001-19.png'
00:09.796  render           | Saved: 'E:\Games\Epsilon\_retail_\Interface\AddOns\Omega_Hub\Modules\Dice\Media\Smooth\d20\land-001-20.png'
00:09.859  render           | Saved: 'E:\Games\Epsilon\_retail_\Interface\AddOns\Omega_Hub\Modules\Dice\Media\Smooth\d20\land-001-21.png'
00:09.937  render           | Saved: 'E:\Games\Epsilon\_retail_\Interface\AddOns\Omega_Hub\Modules\Dice\Media\Smooth\d20\land-001-22.png'
00:10.000  render           | Saved: 'E:\Games\Epsilon\_retail_\Interface\AddOns\Omega_Hub\Modules\Dice\Media\Smooth\d20\land-001-23.png'
00:10.062  render           | Saved: 'E:\Games\Epsilon\_retail_\Interface\AddOns\Omega_Hub\Modules\Dice\Media\Smooth\d20\land-001-24.png'
00:10.171  render           | Saved: 'E:\Games\Epsilon\_retail_\Interface\AddOns\Omega_Hub\Modules\Dice\Media\Smooth\d20\land-001-25.png'
00:10.234  render           | Saved: 'E:\Games\Epsilon\_retail_\Interface\AddOns\Omega_Hub\Modules\Dice\Media\Smooth\d20\land-001-26.png'
00:10.312  render           | Saved: 'E:\Games\Epsilon\_retail_\Interface\AddOns\Omega_Hub\Modules\Dice\Media\Smooth\d20\land-001-27.png'
00:10.359  render           | Saved: 'E:\Games\Epsilon\_retail_\Interface\AddOns\Omega_Hub\Modules\Dice\Media\Smooth\d20\land-001-28.png'
00:10.421  render           | Saved: 'E:\Games\Epsilon\_retail_\Interface\AddOns\Omega_Hub\Modules\Dice\Media\Smooth\d20\land-001-29.png'
00:10.500  render           | Saved: 'E:\Games\Epsilon\_retail_\Interface\AddOns\Omega_Hub\Modules\Dice\Media\Smooth\d20\land-001-30.png'
00:10.578  render           | Saved: 'E:\Games\Epsilon\_retail_\Interface\AddOns\Omega_Hub\Modules\Dice\Media\Smooth\d20\land-001-31.png'
00:10.640  render           | Saved: 'E:\Games\Epsilon\_retail_\Interface\AddOns\Omega_Hub\Modules\Dice\Media\Smooth\d20\land-001-32.png'
00:10.703  render           | Saved: 'E:\Games\Epsilon\_retail_\Interface\AddOns\Omega_Hub\Modules\Dice\Media\Smooth\d20\land-001-33.png'
00:10.750  render           | Saved: 'E:\Games\Epsilon\_retail_\Interface\AddOns\Omega_Hub\Modules\Dice\Media\Smooth\d20\land-001-34.png'
00:10.812  render           | Saved: 'E:\Games\Epsilon\_retail_\Interface\AddOns\Omega_Hub\Modules\Dice\Media\Smooth\d20\land-001-35.png'
00:10.875  render           | Saved: 'E:\Games\Epsilon\_retail_\Interface\AddOns\Omega_Hub\Modules\Dice\Media\Smooth\d20\land-001-36.png'
00:10.984  render           | Saved: 'E:\Games\Epsilon\_retail_\Interface\AddOns\Omega_Hub\Modules\Dice\Media\Smooth\d20\land-001-37.png'
00:11.046  render           | Saved: 'E:\Games\Epsilon\_retail_\Interface\AddOns\Omega_Hub\Modules\Dice\Media\Smooth\d20\land-001-38.png'
00:11.109  render           | Saved: 'E:\Games\Epsilon\_retail_\Interface\AddOns\Omega_Hub\Modules\Dice\Media\Smooth\d20\land-001-39.png'
00:11.171  render           | Saved: 'E:\Games\Epsilon\_retail_\Interface\AddOns\Omega_Hub\Modules\Dice\Media\Smooth\d20\land-001-40.png'
00:11.234  render           | Saved: 'E:\Games\Epsilon\_retail_\Interface\AddOns\Omega_Hub\Modules\Dice\Media\Smooth\d20\land-001-41.png'
00:11.296  render           | Saved: 'E:\Games\Epsilon\_retail_\Interface\AddOns\Omega_Hub\Modules\Dice\Media\Smooth\d20\land-001-42.png'
00:11.421  render           | Saved: 'E:\Games\Epsilon\_retail_\Interface\AddOns\Omega_Hub\Modules\Dice\Media\Smooth\d20\land-001-43.png'
00:11.468  render           | Saved: 'E:\Games\Epsilon\_retail_\Interface\AddOns\Omega_Hub\Modules\Dice\Media\Smooth\d20\land-001-44.png'
00:11.546  render           | Saved: 'E:\Games\Epsilon\_retail_\Interface\AddOns\Omega_Hub\Modules\Dice\Media\Smooth\d20\land-001-45.png'
00:11.593  render           | Saved: 'E:\Games\Epsilon\_retail_\Interface\AddOns\Omega_Hub\Modules\Dice\Media\Smooth\d20\land-001-46.png'
00:11.656  render           | Saved: 'E:\Games\Epsilon\_retail_\Interface\AddOns\Omega_Hub\Modules\Dice\Media\Smooth\d20\land-001-47.png'
00:11.734  render           | Saved: 'E:\Games\Epsilon\_retail_\Interface\AddOns\Omega_Hub\Modules\Dice\Media\Smooth\d20\land-002-00.png'
00:11.843  render           | Saved: 'E:\Games\Epsilon\_retail_\Interface\AddOns\Omega_Hub\Modules\Dice\Media\Smooth\d20\land-002-01.png'
00:11.906  render           | Saved: 'E:\Games\Epsilon\_retail_\Interface\AddOns\Omega_Hub\Modules\Dice\Media\Smooth\d20\land-002-02.png'
00:11.968  render           | Saved: 'E:\Games\Epsilon\_retail_\Interface\AddOns\Omega_Hub\Modules\Dice\Media\Smooth\d20\land-002-03.png'
00:12.031  render           | Saved: 'E:\Games\Epsilon\_retail_\Interface\AddOns\Omega_Hub\Modules\Dice\Media\Smooth\d20\land-002-04.png'
00:12.109  render           | Saved: 'E:\Games\Epsilon\_retail_\Interface\AddOns\Omega_Hub\Modules\Dice\Media\Smooth\d20\land-002-05.png'
00:12.187  render           | Saved: 'E:\Games\Epsilon\_retail_\Interface\AddOns\Omega_Hub\Modules\Dice\Media\Smooth\d20\land-002-06.png'
00:12.296  render           | Saved: 'E:\Games\Epsilon\_retail_\Interface\AddOns\Omega_Hub\Modules\Dice\Media\Smooth\d20\land-002-07.png'
00:12.359  render           | Saved: 'E:\Games\Epsilon\_retail_\Interface\AddOns\Omega_Hub\Modules\Dice\Media\Smooth\d20\land-002-08.png'
00:12.437  render           | Saved: 'E:\Games\Epsilon\_retail_\Interface\AddOns\Omega_Hub\Modules\Dice\Media\Smooth\d20\land-002-09.png'
00:12.562  render           | Saved: 'E:\Games\Epsilon\_retail_\Interface\AddOns\Omega_Hub\Modules\Dice\Media\Smooth\d20\land-002-10.png'
00:12.625  render           | Saved: 'E:\Games\Epsilon\_retail_\Interface\AddOns\Omega_Hub\Modules\Dice\Media\Smooth\d20\land-002-11.png'
00:12.750  render           | Saved: 'E:\Games\Epsilon\_retail_\Interface\AddOns\Omega_Hub\Modules\Dice\Media\Smooth\d20\land-002-12.png'
00:12.812  render           | Saved: 'E:\Games\Epsilon\_retail_\Interface\AddOns\Omega_Hub\Modules\Dice\Media\Smooth\d20\land-002-13.png'
00:12.906  render           | Saved: 'E:\Games\Epsilon\_retail_\Interface\AddOns\Omega_Hub\Modules\Dice\Media\Smooth\d20\land-002-14.png'
00:12.968  render           | Saved: 'E:\Games\Epsilon\_retail_\Interface\AddOns\Omega_Hub\Modules\Dice\Media\Smooth\d20\land-002-15.png'
00:13.031  render           | Saved: 'E:\Games\Epsilon\_retail_\Interface\AddOns\Omega_Hub\Modules\Dice\Media\Smooth\d20\land-002-16.png'
00:13.125  render           | Saved: 'E:\Games\Epsilon\_retail_\Interface\AddOns\Omega_Hub\Modules\Dice\Media\Smooth\d20\land-002-17.png'
00:13.234  render           | Saved: 'E:\Games\Epsilon\_retail_\Interface\AddOns\Omega_Hub\Modules\Dice\Media\Smooth\d20\land-002-18.png'
00:13.359  render           | Saved: 'E:\Games\Epsilon\_retail_\Interface\AddOns\Omega_Hub\Modules\Dice\Media\Smooth\d20\land-002-19.png'
00:13.421  render           | Saved: 'E:\Games\Epsilon\_retail_\Interface\AddOns\Omega_Hub\Modules\Dice\Media\Smooth\d20\land-002-20.png'
00:13.484  render           | Saved: 'E:\Games\Epsilon\_retail_\Interface\AddOns\Omega_Hub\Modules\Dice\Media\Smooth\d20\land-002-21.png'
00:13.562  render           | Saved: 'E:\Games\Epsilon\_retail_\Interface\AddOns\Omega_Hub\Modules\Dice\Media\Smooth\d20\land-002-22.png'
00:13.687  render           | Saved: 'E:\Games\Epsilon\_retail_\Interface\AddOns\Omega_Hub\Modules\Dice\Media\Smooth\d20\land-002-23.png'
00:13.796  render           | Saved: 'E:\Games\Epsilon\_retail_\Interface\AddOns\Omega_Hub\Modules\Dice\Media\Smooth\d20\land-002-24.png'
00:13.859  render           | Saved: 'E:\Games\Epsilon\_retail_\Interface\AddOns\Omega_Hub\Modules\Dice\Media\Smooth\d20\land-002-25.png'
00:13.921  render           | Saved: 'E:\Games\Epsilon\_retail_\Interface\AddOns\Omega_Hub\Modules\Dice\Media\Smooth\d20\land-002-26.png'
00:13.984  render           | Saved: 'E:\Games\Epsilon\_retail_\Interface\AddOns\Omega_Hub\Modules\Dice\Media\Smooth\d20\land-002-27.png'
00:14.078  render           | Saved: 'E:\Games\Epsilon\_retail_\Interface\AddOns\Omega_Hub\Modules\Dice\Media\Smooth\d20\land-002-28.png'
00:14.187  render           | Saved: 'E:\Games\Epsilon\_retail_\Interface\AddOns\Omega_Hub\Modules\Dice\Media\Smooth\d20\land-002-29.png'
00:14.250  render           | Saved: 'E:\Games\Epsilon\_retail_\Interface\AddOns\Omega_Hub\Modules\Dice\Media\Smooth\d20\land-002-30.png'
00:14.312  render           | Saved: 'E:\Games\Epsilon\_retail_\Interface\AddOns\Omega_Hub\Modules\Dice\Media\Smooth\d20\land-002-31.png'
00:14.375  render           | Saved: 'E:\Games\Epsilon\_retail_\Interface\AddOns\Omega_Hub\Modules\Dice\Media\Smooth\d20\land-002-32.png'
00:14.453  render           | Saved: 'E:\Games\Epsilon\_retail_\Interface\AddOns\Omega_Hub\Modules\Dice\Media\Smooth\d20\land-002-33.png'
00:14.531  render           | Saved: 'E:\Games\Epsilon\_retail_\Interface\AddOns\Omega_Hub\Modules\Dice\Media\Smooth\d20\land-002-34.png'
00:14.609  render           | Saved: 'E:\Games\Epsilon\_retail_\Interface\AddOns\Omega_Hub\Modules\Dice\Media\Smooth\d20\land-002-35.png'
00:14.656  render           | Saved: 'E:\Games\Epsilon\_retail_\Interface\AddOns\Omega_Hub\Modules\Dice\Media\Smooth\d20\land-002-36.png'
00:14.718  render           | Saved: 'E:\Games\Epsilon\_retail_\Interface\AddOns\Omega_Hub\Modules\Dice\Media\Smooth\d20\land-002-37.png'
00:14.828  render           | Saved: 'E:\Games\Epsilon\_retail_\Interface\AddOns\Omega_Hub\Modules\Dice\Media\Smooth\d20\land-002-38.png'
00:14.921  render           | Saved: 'E:\Games\Epsilon\_retail_\Interface\AddOns\Omega_Hub\Modules\Dice\Media\Smooth\d20\land-002-39.png'
00:15.000  render           | Saved: 'E:\Games\Epsilon\_retail_\Interface\AddOns\Omega_Hub\Modules\Dice\Media\Smooth\d20\land-002-40.png'
00:15.062  render           | Saved: 'E:\Games\Epsilon\_retail_\Interface\AddOns\Omega_Hub\Modules\Dice\Media\Smooth\d20\land-002-41.png'
00:15.140  render           | Saved: 'E:\Games\Epsilon\_retail_\Interface\AddOns\Omega_Hub\Modules\Dice\Media\Smooth\d20\land-002-42.png'
00:15.265  render           | Saved: 'E:\Games\Epsilon\_retail_\Interface\AddOns\Omega_Hub\Modules\Dice\Media\Smooth\d20\land-002-43.png'
00:15.343  render           | Saved: 'E:\Games\Epsilon\_retail_\Interface\AddOns\Omega_Hub\Modules\Dice\Media\Smooth\d20\land-002-44.png'
00:15.421  render           | Saved: 'E:\Games\Epsilon\_retail_\Interface\AddOns\Omega_Hub\Modules\Dice\Media\Smooth\d20\land-002-45.png'
00:15.484  render           | Saved: 'E:\Games\Epsilon\_retail_\Interface\AddOns\Omega_Hub\Modules\Dice\Media\Smooth\d20\land-002-46.png'
00:15.578  render           | Saved: 'E:\Games\Epsilon\_retail_\Interface\AddOns\Omega_Hub\Modules\Dice\Media\Smooth\d20\land-002-47.png'
00:15.671  render           | Saved: 'E:\Games\Epsilon\_retail_\Interface\AddOns\Omega_Hub\Modules\Dice\Media\Smooth\d20\land-003-00.png'
00:15.734  render           | Saved: 'E:\Games\Epsilon\_retail_\Interface\AddOns\Omega_Hub\Modules\Dice\Media\Smooth\d20\land-003-01.png'
00:15.812  render           | Saved: 'E:\Games\Epsilon\_retail_\Interface\AddOns\Omega_Hub\Modules\Dice\Media\Smooth\d20\land-003-02.png'
00:15.875  render           | Saved: 'E:\Games\Epsilon\_retail_\Interface\AddOns\Omega_Hub\Modules\Dice\Media\Smooth\d20\land-003-03.png'
00:15.953  render           | Saved: 'E:\Games\Epsilon\_retail_\Interface\AddOns\Omega_Hub\Modules\Dice\Media\Smooth\d20\land-003-04.png'
00:16.046  render           | Saved: 'E:\Games\Epsilon\_retail_\Interface\AddOns\Omega_Hub\Modules\Dice\Media\Smooth\d20\land-003-05.png'
00:16.125  render           | Saved: 'E:\Games\Epsilon\_retail_\Interface\AddOns\Omega_Hub\Modules\Dice\Media\Smooth\d20\land-003-06.png'
00:16.234  render           | Saved: 'E:\Games\Epsilon\_retail_\Interface\AddOns\Omega_Hub\Modules\Dice\Media\Smooth\d20\land-003-07.png'
00:16.296  render           | Saved: 'E:\Games\Epsilon\_retail_\Interface\AddOns\Omega_Hub\Modules\Dice\Media\Smooth\d20\land-003-08.png'
00:16.343  render           | Saved: 'E:\Games\Epsilon\_retail_\Interface\AddOns\Omega_Hub\Modules\Dice\Media\Smooth\d20\land-003-09.png'
00:16.421  render           | Saved: 'E:\Games\Epsilon\_retail_\Interface\AddOns\Omega_Hub\Modules\Dice\Media\Smooth\d20\land-003-10.png'
00:16.515  render           | Saved: 'E:\Games\Epsilon\_retail_\Interface\AddOns\Omega_Hub\Modules\Dice\Media\Smooth\d20\land-003-11.png'
00:16.578  render           | Saved: 'E:\Games\Epsilon\_retail_\Interface\AddOns\Omega_Hub\Modules\Dice\Media\Smooth\d20\land-003-12.png'
00:16.703  render           | Saved: 'E:\Games\Epsilon\_retail_\Interface\AddOns\Omega_Hub\Modules\Dice\Media\Smooth\d20\land-003-13.png'
00:16.765  render           | Saved: 'E:\Games\Epsilon\_retail_\Interface\AddOns\Omega_Hub\Modules\Dice\Media\Smooth\d20\land-003-14.png'
00:16.890  render           | Saved: 'E:\Games\Epsilon\_retail_\Interface\AddOns\Omega_Hub\Modules\Dice\Media\Smooth\d20\land-003-15.png'
00:16.953  render           | Saved: 'E:\Games\Epsilon\_retail_\Interface\AddOns\Omega_Hub\Modules\Dice\Media\Smooth\d20\land-003-16.png'
00:17.031  render           | Saved: 'E:\Games\Epsilon\_retail_\Interface\AddOns\Omega_Hub\Modules\Dice\Media\Smooth\d20\land-003-17.png'
00:17.109  render           | Saved: 'E:\Games\Epsilon\_retail_\Interface\AddOns\Omega_Hub\Modules\Dice\Media\Smooth\d20\land-003-18.png'
00:17.187  render           | Saved: 'E:\Games\Epsilon\_retail_\Interface\AddOns\Omega_Hub\Modules\Dice\Media\Smooth\d20\land-003-19.png'
00:17.234  render           | Saved: 'E:\Games\Epsilon\_retail_\Interface\AddOns\Omega_Hub\Modules\Dice\Media\Smooth\d20\land-003-20.png'
00:17.328  render           | Saved: 'E:\Games\Epsilon\_retail_\Interface\AddOns\Omega_Hub\Modules\Dice\Media\Smooth\d20\land-003-21.png'
00:17.390  render           | Saved: 'E:\Games\Epsilon\_retail_\Interface\AddOns\Omega_Hub\Modules\Dice\Media\Smooth\d20\land-003-22.png'
00:17.500  render           | Saved: 'E:\Games\Epsilon\_retail_\Interface\AddOns\Omega_Hub\Modules\Dice\Media\Smooth\d20\land-003-23.png'
00:17.562  render           | Saved: 'E:\Games\Epsilon\_retail_\Interface\AddOns\Omega_Hub\Modules\Dice\Media\Smooth\d20\land-003-24.png'
00:17.671  render           | Saved: 'E:\Games\Epsilon\_retail_\Interface\AddOns\Omega_Hub\Modules\Dice\Media\Smooth\d20\land-003-25.png'
00:17.765  render           | Saved: 'E:\Games\Epsilon\_retail_\Interface\AddOns\Omega_Hub\Modules\Dice\Media\Smooth\d20\land-003-26.png'
00:17.890  render           | Saved: 'E:\Games\Epsilon\_retail_\Interface\AddOns\Omega_Hub\Modules\Dice\Media\Smooth\d20\land-003-27.png'
00:17.953  render           | Saved: 'E:\Games\Epsilon\_retail_\Interface\AddOns\Omega_Hub\Modules\Dice\Media\Smooth\d20\land-003-28.png'
00:18.000  render           | Saved: 'E:\Games\Epsilon\_retail_\Interface\AddOns\Omega_Hub\Modules\Dice\Media\Smooth\d20\land-003-29.png'
00:18.078  render           | Saved: 'E:\Games\Epsilon\_retail_\Interface\AddOns\Omega_Hub\Modules\Dice\Media\Smooth\d20\land-003-30.png'
00:18.156  render           | Saved: 'E:\Games\Epsilon\_retail_\Interface\AddOns\Omega_Hub\Modules\Dice\Media\Smooth\d20\land-003-31.png'
00:18.281  render           | Saved: 'E:\Games\Epsilon\_retail_\Interface\AddOns\Omega_Hub\Modules\Dice\Media\Smooth\d20\land-003-32.png'
00:18.343  render           | Saved: 'E:\Games\Epsilon\_retail_\Interface\AddOns\Omega_Hub\Modules\Dice\Media\Smooth\d20\land-003-33.png'
00:18.390  render           | Saved: 'E:\Games\Epsilon\_retail_\Interface\AddOns\Omega_Hub\Modules\Dice\Media\Smooth\d20\land-003-34.png'
00:18.453  render           | Saved: 'E:\Games\Epsilon\_retail_\Interface\AddOns\Omega_Hub\Modules\Dice\Media\Smooth\d20\land-003-35.png'
00:18.531  render           | Saved: 'E:\Games\Epsilon\_retail_\Interface\AddOns\Omega_Hub\Modules\Dice\Media\Smooth\d20\land-003-36.png'
00:18.593  render           | Saved: 'E:\Games\Epsilon\_retail_\Interface\AddOns\Omega_Hub\Modules\Dice\Media\Smooth\d20\land-003-37.png'
00:18.671  render           | Saved: 'E:\Games\Epsilon\_retail_\Interface\AddOns\Omega_Hub\Modules\Dice\Media\Smooth\d20\land-003-38.png'
00:18.750  render           | Saved: 'E:\Games\Epsilon\_retail_\Interface\AddOns\Omega_Hub\Modules\Dice\Media\Smooth\d20\land-003-39.png'
00:18.812  render           | Saved: 'E:\Games\Epsilon\_retail_\Interface\AddOns\Omega_Hub\Modules\Dice\Media\Smooth\d20\land-003-40.png'
00:18.890  render           | Saved: 'E:\Games\Epsilon\_retail_\Interface\AddOns\Omega_Hub\Modules\Dice\Media\Smooth\d20\land-003-41.png'
00:19.015  render           | Saved: 'E:\Games\Epsilon\_retail_\Interface\AddOns\Omega_Hub\Modules\Dice\Media\Smooth\d20\land-003-42.png'
00:19.078  render           | Saved: 'E:\Games\Epsilon\_retail_\Interface\AddOns\Omega_Hub\Modules\Dice\Media\Smooth\d20\land-003-43.png'
00:19.140  render           | Saved: 'E:\Games\Epsilon\_retail_\Interface\AddOns\Omega_Hub\Modules\Dice\Media\Smooth\d20\land-003-44.png'
00:19.203  render           | Saved: 'E:\Games\Epsilon\_retail_\Interface\AddOns\Omega_Hub\Modules\Dice\Media\Smooth\d20\land-003-45.png'
00:19.328  render           | Saved: 'E:\Games\Epsilon\_retail_\Interface\AddOns\Omega_Hub\Modules\Dice\Media\Smooth\d20\land-003-46.png'
00:19.453  render           | Saved: 'E:\Games\Epsilon\_retail_\Interface\AddOns\Omega_Hub\Modules\Dice\Media\Smooth\d20\land-003-47.png'
00:19.515  render           | Saved: 'E:\Games\Epsilon\_retail_\Interface\AddOns\Omega_Hub\Modules\Dice\Media\Smooth\d20\land-004-00.png'
00:19.578  render           | Saved: 'E:\Games\Epsilon\_retail_\Interface\AddOns\Omega_Hub\Modules\Dice\Media\Smooth\d20\land-004-01.png'
00:19.625  render           | Saved: 'E:\Games\Epsilon\_retail_\Interface\AddOns\Omega_Hub\Modules\Dice\Media\Smooth\d20\land-004-02.png'
00:19.750  render           | Saved: 'E:\Games\Epsilon\_retail_\Interface\AddOns\Omega_Hub\Modules\Dice\Media\Smooth\d20\land-004-03.png'
00:19.859  render           | Saved: 'E:\Games\Epsilon\_retail_\Interface\AddOns\Omega_Hub\Modules\Dice\Media\Smooth\d20\land-004-04.png'
00:19.921  render           | Saved: 'E:\Games\Epsilon\_retail_\Interface\AddOns\Omega_Hub\Modules\Dice\Media\Smooth\d20\land-004-05.png'
00:19.984  render           | Saved: 'E:\Games\Epsilon\_retail_\Interface\AddOns\Omega_Hub\Modules\Dice\Media\Smooth\d20\land-004-06.png'
00:20.046  render           | Saved: 'E:\Games\Epsilon\_retail_\Interface\AddOns\Omega_Hub\Modules\Dice\Media\Smooth\d20\land-004-07.png'
00:20.218  render           | Saved: 'E:\Games\Epsilon\_retail_\Interface\AddOns\Omega_Hub\Modules\Dice\Media\Smooth\d20\land-004-08.png'
00:20.328  render           | Saved: 'E:\Games\Epsilon\_retail_\Interface\AddOns\Omega_Hub\Modules\Dice\Media\Smooth\d20\land-004-09.png'
00:20.390  render           | Saved: 'E:\Games\Epsilon\_retail_\Interface\AddOns\Omega_Hub\Modules\Dice\Media\Smooth\d20\land-004-10.png'
00:20.468  render           | Saved: 'E:\Games\Epsilon\_retail_\Interface\AddOns\Omega_Hub\Modules\Dice\Media\Smooth\d20\land-004-11.png'
00:20.531  render           | Saved: 'E:\Games\Epsilon\_retail_\Interface\AddOns\Omega_Hub\Modules\Dice\Media\Smooth\d20\land-004-12.png'
00:20.640  render           | Saved: 'E:\Games\Epsilon\_retail_\Interface\AddOns\Omega_Hub\Modules\Dice\Media\Smooth\d20\land-004-13.png'
00:20.750  render           | Saved: 'E:\Games\Epsilon\_retail_\Interface\AddOns\Omega_Hub\Modules\Dice\Media\Smooth\d20\land-004-14.png'
00:20.812  render           | Saved: 'E:\Games\Epsilon\_retail_\Interface\AddOns\Omega_Hub\Modules\Dice\Media\Smooth\d20\land-004-15.png'
00:20.875  render           | Saved: 'E:\Games\Epsilon\_retail_\Interface\AddOns\Omega_Hub\Modules\Dice\Media\Smooth\d20\land-004-16.png'
00:20.937  render           | Saved: 'E:\Games\Epsilon\_retail_\Interface\AddOns\Omega_Hub\Modules\Dice\Media\Smooth\d20\land-004-17.png'
00:21.015  render           | Saved: 'E:\Games\Epsilon\_retail_\Interface\AddOns\Omega_Hub\Modules\Dice\Media\Smooth\d20\land-004-18.png'
00:21.109  render           | Saved: 'E:\Games\Epsilon\_retail_\Interface\AddOns\Omega_Hub\Modules\Dice\Media\Smooth\d20\land-004-19.png'
00:21.187  render           | Saved: 'E:\Games\Epsilon\_retail_\Interface\AddOns\Omega_Hub\Modules\Dice\Media\Smooth\d20\land-004-20.png'
00:21.250  render           | Saved: 'E:\Games\Epsilon\_retail_\Interface\AddOns\Omega_Hub\Modules\Dice\Media\Smooth\d20\land-004-21.png'
00:21.328  render           | Saved: 'E:\Games\Epsilon\_retail_\Interface\AddOns\Omega_Hub\Modules\Dice\Media\Smooth\d20\land-004-22.png'
00:21.421  render           | Saved: 'E:\Games\Epsilon\_retail_\Interface\AddOns\Omega_Hub\Modules\Dice\Media\Smooth\d20\land-004-23.png'
00:21.484  render           | Saved: 'E:\Games\Epsilon\_retail_\Interface\AddOns\Omega_Hub\Modules\Dice\Media\Smooth\d20\land-004-24.png'
00:21.578  render           | Saved: 'E:\Games\Epsilon\_retail_\Interface\AddOns\Omega_Hub\Modules\Dice\Media\Smooth\d20\land-004-25.png'
00:21.640  render           | Saved: 'E:\Games\Epsilon\_retail_\Interface\AddOns\Omega_Hub\Modules\Dice\Media\Smooth\d20\land-004-26.png'
00:21.718  render           | Saved: 'E:\Games\Epsilon\_retail_\Interface\AddOns\Omega_Hub\Modules\Dice\Media\Smooth\d20\land-004-27.png'
00:21.812  render           | Saved: 'E:\Games\Epsilon\_retail_\Interface\AddOns\Omega_Hub\Modules\Dice\Media\Smooth\d20\land-004-28.png'
00:21.890  render           | Saved: 'E:\Games\Epsilon\_retail_\Interface\AddOns\Omega_Hub\Modules\Dice\Media\Smooth\d20\land-004-29.png'
00:21.984  render           | Saved: 'E:\Games\Epsilon\_retail_\Interface\AddOns\Omega_Hub\Modules\Dice\Media\Smooth\d20\land-004-30.png'
00:22.046  render           | Saved: 'E:\Games\Epsilon\_retail_\Interface\AddOns\Omega_Hub\Modules\Dice\Media\Smooth\d20\land-004-31.png'
00:22.109  render           | Saved: 'E:\Games\Epsilon\_retail_\Interface\AddOns\Omega_Hub\Modules\Dice\Media\Smooth\d20\land-004-32.png'
00:22.203  render           | Saved: 'E:\Games\Epsilon\_retail_\Interface\AddOns\Omega_Hub\Modules\Dice\Media\Smooth\d20\land-004-33.png'
00:22.281  render           | Saved: 'E:\Games\Epsilon\_retail_\Interface\AddOns\Omega_Hub\Modules\Dice\Media\Smooth\d20\land-004-34.png'
00:22.390  render           | Saved: 'E:\Games\Epsilon\_retail_\Interface\AddOns\Omega_Hub\Modules\Dice\Media\Smooth\d20\land-004-35.png'
00:22.453  render           | Saved: 'E:\Games\Epsilon\_retail_\Interface\AddOns\Omega_Hub\Modules\Dice\Media\Smooth\d20\land-004-36.png'
00:22.515  render           | Saved: 'E:\Games\Epsilon\_retail_\Interface\AddOns\Omega_Hub\Modules\Dice\Media\Smooth\d20\land-004-37.png'
00:22.625  render           | Saved: 'E:\Games\Epsilon\_retail_\Interface\AddOns\Omega_Hub\Modules\Dice\Media\Smooth\d20\land-004-38.png'
00:22.703  render           | Saved: 'E:\Games\Epsilon\_retail_\Interface\AddOns\Omega_Hub\Modules\Dice\Media\Smooth\d20\land-004-39.png'
00:22.828  render           | Saved: 'E:\Games\Epsilon\_retail_\Interface\AddOns\Omega_Hub\Modules\Dice\Media\Smooth\d20\land-004-40.png'
00:22.906  render           | Saved: 'E:\Games\Epsilon\_retail_\Interface\AddOns\Omega_Hub\Modules\Dice\Media\Smooth\d20\land-004-41.png'
00:22.953  render           | Saved: 'E:\Games\Epsilon\_retail_\Interface\AddOns\Omega_Hub\Modules\Dice\Media\Smooth\d20\land-004-42.png'
00:23.015  render           | Saved: 'E:\Games\Epsilon\_retail_\Interface\AddOns\Omega_Hub\Modules\Dice\Media\Smooth\d20\land-004-43.png'
00:23.093  render           | Saved: 'E:\Games\Epsilon\_retail_\Interface\AddOns\Omega_Hub\Modules\Dice\Media\Smooth\d20\land-004-44.png'
00:23.187  render           | Saved: 'E:\Games\Epsilon\_retail_\Interface\AddOns\Omega_Hub\Modules\Dice\Media\Smooth\d20\land-004-45.png'
00:23.250  render           | Saved: 'E:\Games\Epsilon\_retail_\Interface\AddOns\Omega_Hub\Modules\Dice\Media\Smooth\d20\land-004-46.png'
00:23.312  render           | Saved: 'E:\Games\Epsilon\_retail_\Interface\AddOns\Omega_Hub\Modules\Dice\Media\Smooth\d20\land-004-47.png'
00:23.359  render           | Saved: 'E:\Games\Epsilon\_retail_\Interface\AddOns\Omega_Hub\Modules\Dice\Media\Smooth\d20\land-005-00.png'
00:23.500  render           | Saved: 'E:\Games\Epsilon\_retail_\Interface\AddOns\Omega_Hub\Modules\Dice\Media\Smooth\d20\land-005-01.png'
00:23.625  render           | Saved: 'E:\Games\Epsilon\_retail_\Interface\AddOns\Omega_Hub\Modules\Dice\Media\Smooth\d20\land-005-02.png'
00:23.687  render           | Saved: 'E:\Games\Epsilon\_retail_\Interface\AddOns\Omega_Hub\Modules\Dice\Media\Smooth\d20\land-005-03.png'
00:23.750  render           | Saved: 'E:\Games\Epsilon\_retail_\Interface\AddOns\Omega_Hub\Modules\Dice\Media\Smooth\d20\land-005-04.png'
00:23.796  render           | Saved: 'E:\Games\Epsilon\_retail_\Interface\AddOns\Omega_Hub\Modules\Dice\Media\Smooth\d20\land-005-05.png'
00:23.937  render           | Saved: 'E:\Games\Epsilon\_retail_\Interface\AddOns\Omega_Hub\Modules\Dice\Media\Smooth\d20\land-005-06.png'
00:24.046  render           | Saved: 'E:\Games\Epsilon\_retail_\Interface\AddOns\Omega_Hub\Modules\Dice\Media\Smooth\d20\land-005-07.png'
00:24.125  render           | Saved: 'E:\Games\Epsilon\_retail_\Interface\AddOns\Omega_Hub\Modules\Dice\Media\Smooth\d20\land-005-08.png'
00:24.171  render           | Saved: 'E:\Games\Epsilon\_retail_\Interface\AddOns\Omega_Hub\Modules\Dice\Media\Smooth\d20\land-005-09.png'
00:24.234  render           | Saved: 'E:\Games\Epsilon\_retail_\Interface\AddOns\Omega_Hub\Modules\Dice\Media\Smooth\d20\land-005-10.png'
00:24.343  render           | Saved: 'E:\Games\Epsilon\_retail_\Interface\AddOns\Omega_Hub\Modules\Dice\Media\Smooth\d20\land-005-11.png'
00:24.468  render           | Saved: 'E:\Games\Epsilon\_retail_\Interface\AddOns\Omega_Hub\Modules\Dice\Media\Smooth\d20\land-005-12.png'
00:24.531  render           | Saved: 'E:\Games\Epsilon\_retail_\Interface\AddOns\Omega_Hub\Modules\Dice\Media\Smooth\d20\land-005-13.png'
00:24.609  render           | Saved: 'E:\Games\Epsilon\_retail_\Interface\AddOns\Omega_Hub\Modules\Dice\Media\Smooth\d20\land-005-14.png'
00:24.718  render           | Saved: 'E:\Games\Epsilon\_retail_\Interface\AddOns\Omega_Hub\Modules\Dice\Media\Smooth\d20\land-005-15.png'
00:24.796  render           | Saved: 'E:\Games\Epsilon\_retail_\Interface\AddOns\Omega_Hub\Modules\Dice\Media\Smooth\d20\land-005-16.png'
00:24.875  render           | Saved: 'E:\Games\Epsilon\_retail_\Interface\AddOns\Omega_Hub\Modules\Dice\Media\Smooth\d20\land-005-17.png'
00:24.937  render           | Saved: 'E:\Games\Epsilon\_retail_\Interface\AddOns\Omega_Hub\Modules\Dice\Media\Smooth\d20\land-005-18.png'
00:25.000  render           | Saved: 'E:\Games\Epsilon\_retail_\Interface\AddOns\Omega_Hub\Modules\Dice\Media\Smooth\d20\land-005-19.png'
00:25.062  render           | Saved: 'E:\Games\Epsilon\_retail_\Interface\AddOns\Omega_Hub\Modules\Dice\Media\Smooth\d20\land-005-20.png'
00:25.171  render           | Saved: 'E:\Games\Epsilon\_retail_\Interface\AddOns\Omega_Hub\Modules\Dice\Media\Smooth\d20\land-005-21.png'
00:25.281  render           | Saved: 'E:\Games\Epsilon\_retail_\Interface\AddOns\Omega_Hub\Modules\Dice\Media\Smooth\d20\land-005-22.png'
00:25.343  render           | Saved: 'E:\Games\Epsilon\_retail_\Interface\AddOns\Omega_Hub\Modules\Dice\Media\Smooth\d20\land-005-23.png'
00:25.406  render           | Saved: 'E:\Games\Epsilon\_retail_\Interface\AddOns\Omega_Hub\Modules\Dice\Media\Smooth\d20\land-005-24.png'
00:25.453  render           | Saved: 'E:\Games\Epsilon\_retail_\Interface\AddOns\Omega_Hub\Modules\Dice\Media\Smooth\d20\land-005-25.png'
00:25.515  render           | Saved: 'E:\Games\Epsilon\_retail_\Interface\AddOns\Omega_Hub\Modules\Dice\Media\Smooth\d20\land-005-26.png'
00:25.609  render           | Saved: 'E:\Games\Epsilon\_retail_\Interface\AddOns\Omega_Hub\Modules\Dice\Media\Smooth\d20\land-005-27.png'
00:25.718  render           | Saved: 'E:\Games\Epsilon\_retail_\Interface\AddOns\Omega_Hub\Modules\Dice\Media\Smooth\d20\land-005-28.png'
00:25.765  render           | Saved: 'E:\Games\Epsilon\_retail_\Interface\AddOns\Omega_Hub\Modules\Dice\Media\Smooth\d20\land-005-29.png'
00:25.828  render           | Saved: 'E:\Games\Epsilon\_retail_\Interface\AddOns\Omega_Hub\Modules\Dice\Media\Smooth\d20\land-005-30.png'
00:25.906  render           | Saved: 'E:\Games\Epsilon\_retail_\Interface\AddOns\Omega_Hub\Modules\Dice\Media\Smooth\d20\land-005-31.png'
00:26.000  render           | Saved: 'E:\Games\Epsilon\_retail_\Interface\AddOns\Omega_Hub\Modules\Dice\Media\Smooth\d20\land-005-32.png'
00:26.140  render           | Saved: 'E:\Games\Epsilon\_retail_\Interface\AddOns\Omega_Hub\Modules\Dice\Media\Smooth\d20\land-005-33.png'
00:26.203  render           | Saved: 'E:\Games\Epsilon\_retail_\Interface\AddOns\Omega_Hub\Modules\Dice\Media\Smooth\d20\land-005-34.png'
00:26.265  render           | Saved: 'E:\Games\Epsilon\_retail_\Interface\AddOns\Omega_Hub\Modules\Dice\Media\Smooth\d20\land-005-35.png'
00:26.375  render           | Saved: 'E:\Games\Epsilon\_retail_\Interface\AddOns\Omega_Hub\Modules\Dice\Media\Smooth\d20\land-005-36.png'
00:26.453  render           | Saved: 'E:\Games\Epsilon\_retail_\Interface\AddOns\Omega_Hub\Modules\Dice\Media\Smooth\d20\land-005-37.png'
00:26.531  render           | Saved: 'E:\Games\Epsilon\_retail_\Interface\AddOns\Omega_Hub\Modules\Dice\Media\Smooth\d20\land-005-38.png'
00:26.593  render           | Saved: 'E:\Games\Epsilon\_retail_\Interface\AddOns\Omega_Hub\Modules\Dice\Media\Smooth\d20\land-005-39.png'
00:26.640  render           | Saved: 'E:\Games\Epsilon\_retail_\Interface\AddOns\Omega_Hub\Modules\Dice\Media\Smooth\d20\land-005-40.png'
00:26.703  render           | Saved: 'E:\Games\Epsilon\_retail_\Interface\AddOns\Omega_Hub\Modules\Dice\Media\Smooth\d20\land-005-41.png'
00:26.796  render           | Saved: 'E:\Games\Epsilon\_retail_\Interface\AddOns\Omega_Hub\Modules\Dice\Media\Smooth\d20\land-005-42.png'
00:26.906  render           | Saved: 'E:\Games\Epsilon\_retail_\Interface\AddOns\Omega_Hub\Modules\Dice\Media\Smooth\d20\land-005-43.png'
00:26.984  render           | Saved: 'E:\Games\Epsilon\_retail_\Interface\AddOns\Omega_Hub\Modules\Dice\Media\Smooth\d20\land-005-44.png'
00:27.046  render           | Saved: 'E:\Games\Epsilon\_retail_\Interface\AddOns\Omega_Hub\Modules\Dice\Media\Smooth\d20\land-005-45.png'
00:27.156  render           | Saved: 'E:\Games\Epsilon\_retail_\Interface\AddOns\Omega_Hub\Modules\Dice\Media\Smooth\d20\land-005-46.png'
00:27.218  render           | Saved: 'E:\Games\Epsilon\_retail_\Interface\AddOns\Omega_Hub\Modules\Dice\Media\Smooth\d20\land-005-47.png'
00:27.312  render           | Saved: 'E:\Games\Epsilon\_retail_\Interface\AddOns\Omega_Hub\Modules\Dice\Media\Smooth\d20\land-006-00.png'
00:27.375  render           | Saved: 'E:\Games\Epsilon\_retail_\Interface\AddOns\Omega_Hub\Modules\Dice\Media\Smooth\d20\land-006-01.png'
00:27.437  render           | Saved: 'E:\Games\Epsilon\_retail_\Interface\AddOns\Omega_Hub\Modules\Dice\Media\Smooth\d20\land-006-02.png'
00:27.500  render           | Saved: 'E:\Games\Epsilon\_retail_\Interface\AddOns\Omega_Hub\Modules\Dice\Media\Smooth\d20\land-006-03.png'
00:27.625  render           | Saved: 'E:\Games\Epsilon\_retail_\Interface\AddOns\Omega_Hub\Modules\Dice\Media\Smooth\d20\land-006-04.png'
00:27.734  render           | Saved: 'E:\Games\Epsilon\_retail_\Interface\AddOns\Omega_Hub\Modules\Dice\Media\Smooth\d20\land-006-05.png'
00:27.796  render           | Saved: 'E:\Games\Epsilon\_retail_\Interface\AddOns\Omega_Hub\Modules\Dice\Media\Smooth\d20\land-006-06.png'
00:27.843  render           | Saved: 'E:\Games\Epsilon\_retail_\Interface\AddOns\Omega_Hub\Modules\Dice\Media\Smooth\d20\land-006-07.png'
00:27.921  render           | Saved: 'E:\Games\Epsilon\_retail_\Interface\AddOns\Omega_Hub\Modules\Dice\Media\Smooth\d20\land-006-08.png'
00:28.000  render           | Saved: 'E:\Games\Epsilon\_retail_\Interface\AddOns\Omega_Hub\Modules\Dice\Media\Smooth\d20\land-006-09.png'
00:28.078  render           | Saved: 'E:\Games\Epsilon\_retail_\Interface\AddOns\Omega_Hub\Modules\Dice\Media\Smooth\d20\land-006-10.png'
00:28.140  render           | Saved: 'E:\Games\Epsilon\_retail_\Interface\AddOns\Omega_Hub\Modules\Dice\Media\Smooth\d20\land-006-11.png'
00:28.187  render           | Saved: 'E:\Games\Epsilon\_retail_\Interface\AddOns\Omega_Hub\Modules\Dice\Media\Smooth\d20\land-006-12.png'
00:28.250  render           | Saved: 'E:\Games\Epsilon\_retail_\Interface\AddOns\Omega_Hub\Modules\Dice\Media\Smooth\d20\land-006-13.png'
00:28.312  render           | Saved: 'E:\Games\Epsilon\_retail_\Interface\AddOns\Omega_Hub\Modules\Dice\Media\Smooth\d20\land-006-14.png'
00:28.390  render           | Saved: 'E:\Games\Epsilon\_retail_\Interface\AddOns\Omega_Hub\Modules\Dice\Media\Smooth\d20\land-006-15.png'
00:28.468  render           | Saved: 'E:\Games\Epsilon\_retail_\Interface\AddOns\Omega_Hub\Modules\Dice\Media\Smooth\d20\land-006-16.png'
00:28.546  render           | Saved: 'E:\Games\Epsilon\_retail_\Interface\AddOns\Omega_Hub\Modules\Dice\Media\Smooth\d20\land-006-17.png'
00:28.609  render           | Saved: 'E:\Games\Epsilon\_retail_\Interface\AddOns\Omega_Hub\Modules\Dice\Media\Smooth\d20\land-006-18.png'
00:28.656  render           | Saved: 'E:\Games\Epsilon\_retail_\Interface\AddOns\Omega_Hub\Modules\Dice\Media\Smooth\d20\land-006-19.png'
00:28.718  render           | Saved: 'E:\Games\Epsilon\_retail_\Interface\AddOns\Omega_Hub\Modules\Dice\Media\Smooth\d20\land-006-20.png'
00:28.796  render           | Saved: 'E:\Games\Epsilon\_retail_\Interface\AddOns\Omega_Hub\Modules\Dice\Media\Smooth\d20\land-006-21.png'
00:28.859  render           | Saved: 'E:\Games\Epsilon\_retail_\Interface\AddOns\Omega_Hub\Modules\Dice\Media\Smooth\d20\land-006-22.png'
00:28.937  render           | Saved: 'E:\Games\Epsilon\_retail_\Interface\AddOns\Omega_Hub\Modules\Dice\Media\Smooth\d20\land-006-23.png'
00:28.984  render           | Saved: 'E:\Games\Epsilon\_retail_\Interface\AddOns\Omega_Hub\Modules\Dice\Media\Smooth\d20\land-006-24.png'
00:29.046  render           | Saved: 'E:\Games\Epsilon\_retail_\Interface\AddOns\Omega_Hub\Modules\Dice\Media\Smooth\d20\land-006-25.png'
00:29.109  render           | Saved: 'E:\Games\Epsilon\_retail_\Interface\AddOns\Omega_Hub\Modules\Dice\Media\Smooth\d20\land-006-26.png'
00:29.218  render           | Saved: 'E:\Games\Epsilon\_retail_\Interface\AddOns\Omega_Hub\Modules\Dice\Media\Smooth\d20\land-006-27.png'
00:29.328  render           | Saved: 'E:\Games\Epsilon\_retail_\Interface\AddOns\Omega_Hub\Modules\Dice\Media\Smooth\d20\land-006-28.png'
00:29.390  render           | Saved: 'E:\Games\Epsilon\_retail_\Interface\AddOns\Omega_Hub\Modules\Dice\Media\Smooth\d20\land-006-29.png'
00:29.453  render           | Saved: 'E:\Games\Epsilon\_retail_\Interface\AddOns\Omega_Hub\Modules\Dice\Media\Smooth\d20\land-006-30.png'
00:29.515  render           | Saved: 'E:\Games\Epsilon\_retail_\Interface\AddOns\Omega_Hub\Modules\Dice\Media\Smooth\d20\land-006-31.png'
00:29.609  render           | Saved: 'E:\Games\Epsilon\_retail_\Interface\AddOns\Omega_Hub\Modules\Dice\Media\Smooth\d20\land-006-32.png'
00:29.718  render           | Saved: 'E:\Games\Epsilon\_retail_\Interface\AddOns\Omega_Hub\Modules\Dice\Media\Smooth\d20\land-006-33.png'
00:29.765  render           | Saved: 'E:\Games\Epsilon\_retail_\Interface\AddOns\Omega_Hub\Modules\Dice\Media\Smooth\d20\land-006-34.png'
00:29.828  render           | Saved: 'E:\Games\Epsilon\_retail_\Interface\AddOns\Omega_Hub\Modules\Dice\Media\Smooth\d20\land-006-35.png'
00:29.890  render           | Saved: 'E:\Games\Epsilon\_retail_\Interface\AddOns\Omega_Hub\Modules\Dice\Media\Smooth\d20\land-006-36.png'
00:30.031  render           | Saved: 'E:\Games\Epsilon\_retail_\Interface\AddOns\Omega_Hub\Modules\Dice\Media\Smooth\d20\land-006-37.png'
00:30.125  render           | Saved: 'E:\Games\Epsilon\_retail_\Interface\AddOns\Omega_Hub\Modules\Dice\Media\Smooth\d20\land-006-38.png'
00:30.187  render           | Saved: 'E:\Games\Epsilon\_retail_\Interface\AddOns\Omega_Hub\Modules\Dice\Media\Smooth\d20\land-006-39.png'
00:30.250  render           | Saved: 'E:\Games\Epsilon\_retail_\Interface\AddOns\Omega_Hub\Modules\Dice\Media\Smooth\d20\land-006-40.png'
00:30.328  render           | Saved: 'E:\Games\Epsilon\_retail_\Interface\AddOns\Omega_Hub\Modules\Dice\Media\Smooth\d20\land-006-41.png'
00:30.453  render           | Saved: 'E:\Games\Epsilon\_retail_\Interface\AddOns\Omega_Hub\Modules\Dice\Media\Smooth\d20\land-006-42.png'
00:30.578  render           | Saved: 'E:\Games\Epsilon\_retail_\Interface\AddOns\Omega_Hub\Modules\Dice\Media\Smooth\d20\land-006-43.png'
00:30.640  render           | Saved: 'E:\Games\Epsilon\_retail_\Interface\AddOns\Omega_Hub\Modules\Dice\Media\Smooth\d20\land-006-44.png'
00:30.765  render           | Saved: 'E:\Games\Epsilon\_retail_\Interface\AddOns\Omega_Hub\Modules\Dice\Media\Smooth\d20\land-006-45.png'
00:30.890  render           | Saved: 'E:\Games\Epsilon\_retail_\Interface\AddOns\Omega_Hub\Modules\Dice\Media\Smooth\d20\land-006-46.png'
00:31.015  render           | Saved: 'E:\Games\Epsilon\_retail_\Interface\AddOns\Omega_Hub\Modules\Dice\Media\Smooth\d20\land-006-47.png'
00:31.140  render           | Saved: 'E:\Games\Epsilon\_retail_\Interface\AddOns\Omega_Hub\Modules\Dice\Media\Smooth\d20\land-007-00.png'
00:31.203  render           | Saved: 'E:\Games\Epsilon\_retail_\Interface\AddOns\Omega_Hub\Modules\Dice\Media\Smooth\d20\land-007-01.png'
00:31.312  render           | Saved: 'E:\Games\Epsilon\_retail_\Interface\AddOns\Omega_Hub\Modules\Dice\Media\Smooth\d20\land-007-02.png'
00:31.390  render           | Saved: 'E:\Games\Epsilon\_retail_\Interface\AddOns\Omega_Hub\Modules\Dice\Media\Smooth\d20\land-007-03.png'
00:31.453  render           | Saved: 'E:\Games\Epsilon\_retail_\Interface\AddOns\Omega_Hub\Modules\Dice\Media\Smooth\d20\land-007-04.png'
00:31.562  render           | Saved: 'E:\Games\Epsilon\_retail_\Interface\AddOns\Omega_Hub\Modules\Dice\Media\Smooth\d20\land-007-05.png'
00:31.625  render           | Saved: 'E:\Games\Epsilon\_retail_\Interface\AddOns\Omega_Hub\Modules\Dice\Media\Smooth\d20\land-007-06.png'
00:31.734  render           | Saved: 'E:\Games\Epsilon\_retail_\Interface\AddOns\Omega_Hub\Modules\Dice\Media\Smooth\d20\land-007-07.png'
00:31.843  render           | Saved: 'E:\Games\Epsilon\_retail_\Interface\AddOns\Omega_Hub\Modules\Dice\Media\Smooth\d20\land-007-08.png'
00:31.968  render           | Saved: 'E:\Games\Epsilon\_retail_\Interface\AddOns\Omega_Hub\Modules\Dice\Media\Smooth\d20\land-007-09.png'
00:32.031  render           | Saved: 'E:\Games\Epsilon\_retail_\Interface\AddOns\Omega_Hub\Modules\Dice\Media\Smooth\d20\land-007-10.png'
00:32.109  render           | Saved: 'E:\Games\Epsilon\_retail_\Interface\AddOns\Omega_Hub\Modules\Dice\Media\Smooth\d20\land-007-11.png'
00:32.218  render           | Saved: 'E:\Games\Epsilon\_retail_\Interface\AddOns\Omega_Hub\Modules\Dice\Media\Smooth\d20\land-007-12.png'
00:32.312  render           | Saved: 'E:\Games\Epsilon\_retail_\Interface\AddOns\Omega_Hub\Modules\Dice\Media\Smooth\d20\land-007-13.png'
00:32.375  render           | Saved: 'E:\Games\Epsilon\_retail_\Interface\AddOns\Omega_Hub\Modules\Dice\Media\Smooth\d20\land-007-14.png'
00:32.468  render           | Saved: 'E:\Games\Epsilon\_retail_\Interface\AddOns\Omega_Hub\Modules\Dice\Media\Smooth\d20\land-007-15.png'
00:32.531  render           | Saved: 'E:\Games\Epsilon\_retail_\Interface\AddOns\Omega_Hub\Modules\Dice\Media\Smooth\d20\land-007-16.png'
00:32.609  render           | Saved: 'E:\Games\Epsilon\_retail_\Interface\AddOns\Omega_Hub\Modules\Dice\Media\Smooth\d20\land-007-17.png'
00:32.718  render           | Saved: 'E:\Games\Epsilon\_retail_\Interface\AddOns\Omega_Hub\Modules\Dice\Media\Smooth\d20\land-007-18.png'
00:32.796  render           | Saved: 'E:\Games\Epsilon\_retail_\Interface\AddOns\Omega_Hub\Modules\Dice\Media\Smooth\d20\land-007-19.png'
00:32.890  render           | Saved: 'E:\Games\Epsilon\_retail_\Interface\AddOns\Omega_Hub\Modules\Dice\Media\Smooth\d20\land-007-20.png'
00:33.015  render           | Saved: 'E:\Games\Epsilon\_retail_\Interface\AddOns\Omega_Hub\Modules\Dice\Media\Smooth\d20\land-007-21.png'
00:33.125  render           | Saved: 'E:\Games\Epsilon\_retail_\Interface\AddOns\Omega_Hub\Modules\Dice\Media\Smooth\d20\land-007-22.png'
00:33.187  render           | Saved: 'E:\Games\Epsilon\_retail_\Interface\AddOns\Omega_Hub\Modules\Dice\Media\Smooth\d20\land-007-23.png'
00:33.281  render           | Saved: 'E:\Games\Epsilon\_retail_\Interface\AddOns\Omega_Hub\Modules\Dice\Media\Smooth\d20\land-007-24.png'
00:33.390  render           | Saved: 'E:\Games\Epsilon\_retail_\Interface\AddOns\Omega_Hub\Modules\Dice\Media\Smooth\d20\land-007-25.png'
00:33.484  render           | Saved: 'E:\Games\Epsilon\_retail_\Interface\AddOns\Omega_Hub\Modules\Dice\Media\Smooth\d20\land-007-26.png'
00:33.562  render           | Saved: 'E:\Games\Epsilon\_retail_\Interface\AddOns\Omega_Hub\Modules\Dice\Media\Smooth\d20\land-007-27.png'
00:33.656  render           | Saved: 'E:\Games\Epsilon\_retail_\Interface\AddOns\Omega_Hub\Modules\Dice\Media\Smooth\d20\land-007-28.png'
00:33.765  render           | Saved: 'E:\Games\Epsilon\_retail_\Interface\AddOns\Omega_Hub\Modules\Dice\Media\Smooth\d20\land-007-29.png'
00:33.859  render           | Saved: 'E:\Games\Epsilon\_retail_\Interface\AddOns\Omega_Hub\Modules\Dice\Media\Smooth\d20\land-007-30.png'
00:33.906  render           | Saved: 'E:\Games\Epsilon\_retail_\Interface\AddOns\Omega_Hub\Modules\Dice\Media\Smooth\d20\land-007-31.png'
00:33.984  render           | Saved: 'E:\Games\Epsilon\_retail_\Interface\AddOns\Omega_Hub\Modules\Dice\Media\Smooth\d20\land-007-32.png'
00:34.046  render           | Saved: 'E:\Games\Epsilon\_retail_\Interface\AddOns\Omega_Hub\Modules\Dice\Media\Smooth\d20\land-007-33.png'
00:34.140  render           | Saved: 'E:\Games\Epsilon\_retail_\Interface\AddOns\Omega_Hub\Modules\Dice\Media\Smooth\d20\land-007-34.png'
00:34.203  render           | Saved: 'E:\Games\Epsilon\_retail_\Interface\AddOns\Omega_Hub\Modules\Dice\Media\Smooth\d20\land-007-35.png'
00:34.265  render           | Saved: 'E:\Games\Epsilon\_retail_\Interface\AddOns\Omega_Hub\Modules\Dice\Media\Smooth\d20\land-007-36.png'
00:34.328  render           | Saved: 'E:\Games\Epsilon\_retail_\Interface\AddOns\Omega_Hub\Modules\Dice\Media\Smooth\d20\land-007-37.png'
00:34.390  render           | Saved: 'E:\Games\Epsilon\_retail_\Interface\AddOns\Omega_Hub\Modules\Dice\Media\Smooth\d20\land-007-38.png'
00:34.453  render           | Saved: 'E:\Games\Epsilon\_retail_\Interface\AddOns\Omega_Hub\Modules\Dice\Media\Smooth\d20\land-007-39.png'
00:34.531  render           | Saved: 'E:\Games\Epsilon\_retail_\Interface\AddOns\Omega_Hub\Modules\Dice\Media\Smooth\d20\land-007-40.png'
00:34.656  render           | Saved: 'E:\Games\Epsilon\_retail_\Interface\AddOns\Omega_Hub\Modules\Dice\Media\Smooth\d20\land-007-41.png'
00:34.750  render           | Saved: 'E:\Games\Epsilon\_retail_\Interface\AddOns\Omega_Hub\Modules\Dice\Media\Smooth\d20\land-007-42.png'
00:34.796  render           | Saved: 'E:\Games\Epsilon\_retail_\Interface\AddOns\Omega_Hub\Modules\Dice\Media\Smooth\d20\land-007-43.png'
00:34.906  render           | Saved: 'E:\Games\Epsilon\_retail_\Interface\AddOns\Omega_Hub\Modules\Dice\Media\Smooth\d20\land-007-44.png'
00:34.984  render           | Saved: 'E:\Games\Epsilon\_retail_\Interface\AddOns\Omega_Hub\Modules\Dice\Media\Smooth\d20\land-007-45.png'
00:35.109  render           | Saved: 'E:\Games\Epsilon\_retail_\Interface\AddOns\Omega_Hub\Modules\Dice\Media\Smooth\d20\land-007-46.png'
00:35.218  render           | Saved: 'E:\Games\Epsilon\_retail_\Interface\AddOns\Omega_Hub\Modules\Dice\Media\Smooth\d20\land-007-47.png'
00:35.312  render           | Saved: 'E:\Games\Epsilon\_retail_\Interface\AddOns\Omega_Hub\Modules\Dice\Media\Smooth\d20\land-008-00.png'
00:35.359  render           | Saved: 'E:\Games\Epsilon\_retail_\Interface\AddOns\Omega_Hub\Modules\Dice\Media\Smooth\d20\land-008-01.png'
00:35.453  render           | Saved: 'E:\Games\Epsilon\_retail_\Interface\AddOns\Omega_Hub\Modules\Dice\Media\Smooth\d20\land-008-02.png'
00:35.515  render           | Saved: 'E:\Games\Epsilon\_retail_\Interface\AddOns\Omega_Hub\Modules\Dice\Media\Smooth\d20\land-008-03.png'
00:35.593  render           | Saved: 'E:\Games\Epsilon\_retail_\Interface\AddOns\Omega_Hub\Modules\Dice\Media\Smooth\d20\land-008-04.png'
00:35.703  render           | Saved: 'E:\Games\Epsilon\_retail_\Interface\AddOns\Omega_Hub\Modules\Dice\Media\Smooth\d20\land-008-05.png'
00:35.750  render           | Saved: 'E:\Games\Epsilon\_retail_\Interface\AddOns\Omega_Hub\Modules\Dice\Media\Smooth\d20\land-008-06.png'
00:35.859  render           | Saved: 'E:\Games\Epsilon\_retail_\Interface\AddOns\Omega_Hub\Modules\Dice\Media\Smooth\d20\land-008-07.png'
00:35.906  render           | Saved: 'E:\Games\Epsilon\_retail_\Interface\AddOns\Omega_Hub\Modules\Dice\Media\Smooth\d20\land-008-08.png'
00:36.000  render           | Saved: 'E:\Games\Epsilon\_retail_\Interface\AddOns\Omega_Hub\Modules\Dice\Media\Smooth\d20\land-008-09.png'
00:36.093  render           | Saved: 'E:\Games\Epsilon\_retail_\Interface\AddOns\Omega_Hub\Modules\Dice\Media\Smooth\d20\land-008-10.png'
00:36.140  render           | Saved: 'E:\Games\Epsilon\_retail_\Interface\AddOns\Omega_Hub\Modules\Dice\Media\Smooth\d20\land-008-11.png'
00:36.250  render           | Saved: 'E:\Games\Epsilon\_retail_\Interface\AddOns\Omega_Hub\Modules\Dice\Media\Smooth\d20\land-008-12.png'
00:36.359  render           | Saved: 'E:\Games\Epsilon\_retail_\Interface\AddOns\Omega_Hub\Modules\Dice\Media\Smooth\d20\land-008-13.png'
00:36.406  render           | Saved: 'E:\Games\Epsilon\_retail_\Interface\AddOns\Omega_Hub\Modules\Dice\Media\Smooth\d20\land-008-14.png'
00:36.484  render           | Saved: 'E:\Games\Epsilon\_retail_\Interface\AddOns\Omega_Hub\Modules\Dice\Media\Smooth\d20\land-008-15.png'
00:36.578  render           | Saved: 'E:\Games\Epsilon\_retail_\Interface\AddOns\Omega_Hub\Modules\Dice\Media\Smooth\d20\land-008-16.png'
00:36.640  render           | Saved: 'E:\Games\Epsilon\_retail_\Interface\AddOns\Omega_Hub\Modules\Dice\Media\Smooth\d20\land-008-17.png'
00:36.734  render           | Saved: 'E:\Games\Epsilon\_retail_\Interface\AddOns\Omega_Hub\Modules\Dice\Media\Smooth\d20\land-008-18.png'
00:36.843  render           | Saved: 'E:\Games\Epsilon\_retail_\Interface\AddOns\Omega_Hub\Modules\Dice\Media\Smooth\d20\land-008-19.png'
00:36.937  render           | Saved: 'E:\Games\Epsilon\_retail_\Interface\AddOns\Omega_Hub\Modules\Dice\Media\Smooth\d20\land-008-20.png'
00:37.000  render           | Saved: 'E:\Games\Epsilon\_retail_\Interface\AddOns\Omega_Hub\Modules\Dice\Media\Smooth\d20\land-008-21.png'
00:37.093  render           | Saved: 'E:\Games\Epsilon\_retail_\Interface\AddOns\Omega_Hub\Modules\Dice\Media\Smooth\d20\land-008-22.png'
00:37.203  render           | Saved: 'E:\Games\Epsilon\_retail_\Interface\AddOns\Omega_Hub\Modules\Dice\Media\Smooth\d20\land-008-23.png'
00:37.281  render           | Saved: 'E:\Games\Epsilon\_retail_\Interface\AddOns\Omega_Hub\Modules\Dice\Media\Smooth\d20\land-008-24.png'
00:37.343  render           | Saved: 'E:\Games\Epsilon\_retail_\Interface\AddOns\Omega_Hub\Modules\Dice\Media\Smooth\d20\land-008-25.png'
00:37.437  render           | Saved: 'E:\Games\Epsilon\_retail_\Interface\AddOns\Omega_Hub\Modules\Dice\Media\Smooth\d20\land-008-26.png'
00:37.500  render           | Saved: 'E:\Games\Epsilon\_retail_\Interface\AddOns\Omega_Hub\Modules\Dice\Media\Smooth\d20\land-008-27.png'
00:37.593  render           | Saved: 'E:\Games\Epsilon\_retail_\Interface\AddOns\Omega_Hub\Modules\Dice\Media\Smooth\d20\land-008-28.png'
00:37.703  render           | Saved: 'E:\Games\Epsilon\_retail_\Interface\AddOns\Omega_Hub\Modules\Dice\Media\Smooth\d20\land-008-29.png'
00:37.781  render           | Saved: 'E:\Games\Epsilon\_retail_\Interface\AddOns\Omega_Hub\Modules\Dice\Media\Smooth\d20\land-008-30.png'
00:37.937  render           | Saved: 'E:\Games\Epsilon\_retail_\Interface\AddOns\Omega_Hub\Modules\Dice\Media\Smooth\d20\land-008-31.png'
00:38.031  render           | Saved: 'E:\Games\Epsilon\_retail_\Interface\AddOns\Omega_Hub\Modules\Dice\Media\Smooth\d20\land-008-32.png'
00:38.156  render           | Saved: 'E:\Games\Epsilon\_retail_\Interface\AddOns\Omega_Hub\Modules\Dice\Media\Smooth\d20\land-008-33.png'
00:38.203  render           | Saved: 'E:\Games\Epsilon\_retail_\Interface\AddOns\Omega_Hub\Modules\Dice\Media\Smooth\d20\land-008-34.png'
00:38.281  render           | Saved: 'E:\Games\Epsilon\_retail_\Interface\AddOns\Omega_Hub\Modules\Dice\Media\Smooth\d20\land-008-35.png'
00:38.343  render           | Saved: 'E:\Games\Epsilon\_retail_\Interface\AddOns\Omega_Hub\Modules\Dice\Media\Smooth\d20\land-008-36.png'
00:38.453  render           | Saved: 'E:\Games\Epsilon\_retail_\Interface\AddOns\Omega_Hub\Modules\Dice\Media\Smooth\d20\land-008-37.png'
00:38.578  render           | Saved: 'E:\Games\Epsilon\_retail_\Interface\AddOns\Omega_Hub\Modules\Dice\Media\Smooth\d20\land-008-38.png'
00:38.640  render           | Saved: 'E:\Games\Epsilon\_retail_\Interface\AddOns\Omega_Hub\Modules\Dice\Media\Smooth\d20\land-008-39.png'
00:38.750  render           | Saved: 'E:\Games\Epsilon\_retail_\Interface\AddOns\Omega_Hub\Modules\Dice\Media\Smooth\d20\land-008-40.png'
00:38.859  render           | Saved: 'E:\Games\Epsilon\_retail_\Interface\AddOns\Omega_Hub\Modules\Dice\Media\Smooth\d20\land-008-41.png'
00:38.968  render           | Saved: 'E:\Games\Epsilon\_retail_\Interface\AddOns\Omega_Hub\Modules\Dice\Media\Smooth\d20\land-008-42.png'
00:39.015  render           | Saved: 'E:\Games\Epsilon\_retail_\Interface\AddOns\Omega_Hub\Modules\Dice\Media\Smooth\d20\land-008-43.png'
00:39.140  render           | Saved: 'E:\Games\Epsilon\_retail_\Interface\AddOns\Omega_Hub\Modules\Dice\Media\Smooth\d20\land-008-44.png'
00:39.250  render           | Saved: 'E:\Games\Epsilon\_retail_\Interface\AddOns\Omega_Hub\Modules\Dice\Media\Smooth\d20\land-008-45.png'
00:39.359  render           | Saved: 'E:\Games\Epsilon\_retail_\Interface\AddOns\Omega_Hub\Modules\Dice\Media\Smooth\d20\land-008-46.png'
00:39.437  render           | Saved: 'E:\Games\Epsilon\_retail_\Interface\AddOns\Omega_Hub\Modules\Dice\Media\Smooth\d20\land-008-47.png'
00:39.531  render           | Saved: 'E:\Games\Epsilon\_retail_\Interface\AddOns\Omega_Hub\Modules\Dice\Media\Smooth\d20\land-009-00.png'
00:39.609  render           | Saved: 'E:\Games\Epsilon\_retail_\Interface\AddOns\Omega_Hub\Modules\Dice\Media\Smooth\d20\land-009-01.png'
00:39.671  render           | Saved: 'E:\Games\Epsilon\_retail_\Interface\AddOns\Omega_Hub\Modules\Dice\Media\Smooth\d20\land-009-02.png'
00:39.781  render           | Saved: 'E:\Games\Epsilon\_retail_\Interface\AddOns\Omega_Hub\Modules\Dice\Media\Smooth\d20\land-009-03.png'
00:39.859  render           | Saved: 'E:\Games\Epsilon\_retail_\Interface\AddOns\Omega_Hub\Modules\Dice\Media\Smooth\d20\land-009-04.png'
00:39.953  render           | Saved: 'E:\Games\Epsilon\_retail_\Interface\AddOns\Omega_Hub\Modules\Dice\Media\Smooth\d20\land-009-05.png'
00:40.062  render           | Saved: 'E:\Games\Epsilon\_retail_\Interface\AddOns\Omega_Hub\Modules\Dice\Media\Smooth\d20\land-009-06.png'
00:40.187  render           | Saved: 'E:\Games\Epsilon\_retail_\Interface\AddOns\Omega_Hub\Modules\Dice\Media\Smooth\d20\land-009-07.png'
00:40.265  render           | Saved: 'E:\Games\Epsilon\_retail_\Interface\AddOns\Omega_Hub\Modules\Dice\Media\Smooth\d20\land-009-08.png'
00:40.343  render           | Saved: 'E:\Games\Epsilon\_retail_\Interface\AddOns\Omega_Hub\Modules\Dice\Media\Smooth\d20\land-009-09.png'
00:40.406  render           | Saved: 'E:\Games\Epsilon\_retail_\Interface\AddOns\Omega_Hub\Modules\Dice\Media\Smooth\d20\land-009-10.png'
00:40.484  render           | Saved: 'E:\Games\Epsilon\_retail_\Interface\AddOns\Omega_Hub\Modules\Dice\Media\Smooth\d20\land-009-11.png'
00:40.562  render           | Saved: 'E:\Games\Epsilon\_retail_\Interface\AddOns\Omega_Hub\Modules\Dice\Media\Smooth\d20\land-009-12.png'
00:40.625  render           | Saved: 'E:\Games\Epsilon\_retail_\Interface\AddOns\Omega_Hub\Modules\Dice\Media\Smooth\d20\land-009-13.png'
00:40.703  render           | Saved: 'E:\Games\Epsilon\_retail_\Interface\AddOns\Omega_Hub\Modules\Dice\Media\Smooth\d20\land-009-14.png'
00:40.765  render           | Saved: 'E:\Games\Epsilon\_retail_\Interface\AddOns\Omega_Hub\Modules\Dice\Media\Smooth\d20\land-009-15.png'
00:40.875  render           | Saved: 'E:\Games\Epsilon\_retail_\Interface\AddOns\Omega_Hub\Modules\Dice\Media\Smooth\d20\land-009-16.png'
00:40.953  render           | Saved: 'E:\Games\Epsilon\_retail_\Interface\AddOns\Omega_Hub\Modules\Dice\Media\Smooth\d20\land-009-17.png'
00:41.031  render           | Saved: 'E:\Games\Epsilon\_retail_\Interface\AddOns\Omega_Hub\Modules\Dice\Media\Smooth\d20\land-009-18.png'
00:41.093  render           | Saved: 'E:\Games\Epsilon\_retail_\Interface\AddOns\Omega_Hub\Modules\Dice\Media\Smooth\d20\land-009-19.png'
00:41.171  render           | Saved: 'E:\Games\Epsilon\_retail_\Interface\AddOns\Omega_Hub\Modules\Dice\Media\Smooth\d20\land-009-20.png'
00:41.296  render           | Saved: 'E:\Games\Epsilon\_retail_\Interface\AddOns\Omega_Hub\Modules\Dice\Media\Smooth\d20\land-009-21.png'
00:41.390  render           | Saved: 'E:\Games\Epsilon\_retail_\Interface\AddOns\Omega_Hub\Modules\Dice\Media\Smooth\d20\land-009-22.png'
00:41.453  render           | Saved: 'E:\Games\Epsilon\_retail_\Interface\AddOns\Omega_Hub\Modules\Dice\Media\Smooth\d20\land-009-23.png'
00:41.562  render           | Saved: 'E:\Games\Epsilon\_retail_\Interface\AddOns\Omega_Hub\Modules\Dice\Media\Smooth\d20\land-009-24.png'
00:41.687  render           | Saved: 'E:\Games\Epsilon\_retail_\Interface\AddOns\Omega_Hub\Modules\Dice\Media\Smooth\d20\land-009-25.png'
00:41.781  render           | Saved: 'E:\Games\Epsilon\_retail_\Interface\AddOns\Omega_Hub\Modules\Dice\Media\Smooth\d20\land-009-26.png'
00:41.843  render           | Saved: 'E:\Games\Epsilon\_retail_\Interface\AddOns\Omega_Hub\Modules\Dice\Media\Smooth\d20\land-009-27.png'
00:42.000  render           | Saved: 'E:\Games\Epsilon\_retail_\Interface\AddOns\Omega_Hub\Modules\Dice\Media\Smooth\d20\land-009-28.png'
00:42.109  render           | Saved: 'E:\Games\Epsilon\_retail_\Interface\AddOns\Omega_Hub\Modules\Dice\Media\Smooth\d20\land-009-29.png'
00:42.218  render           | Saved: 'E:\Games\Epsilon\_retail_\Interface\AddOns\Omega_Hub\Modules\Dice\Media\Smooth\d20\land-009-30.png'
00:42.265  render           | Saved: 'E:\Games\Epsilon\_retail_\Interface\AddOns\Omega_Hub\Modules\Dice\Media\Smooth\d20\land-009-31.png'
00:42.343  render           | Saved: 'E:\Games\Epsilon\_retail_\Interface\AddOns\Omega_Hub\Modules\Dice\Media\Smooth\d20\land-009-32.png'
00:42.421  render           | Saved: 'E:\Games\Epsilon\_retail_\Interface\AddOns\Omega_Hub\Modules\Dice\Media\Smooth\d20\land-009-33.png'
00:42.531  render           | Saved: 'E:\Games\Epsilon\_retail_\Interface\AddOns\Omega_Hub\Modules\Dice\Media\Smooth\d20\land-009-34.png'
00:42.640  render           | Saved: 'E:\Games\Epsilon\_retail_\Interface\AddOns\Omega_Hub\Modules\Dice\Media\Smooth\d20\land-009-35.png'
00:42.703  render           | Saved: 'E:\Games\Epsilon\_retail_\Interface\AddOns\Omega_Hub\Modules\Dice\Media\Smooth\d20\land-009-36.png'
00:42.781  render           | Saved: 'E:\Games\Epsilon\_retail_\Interface\AddOns\Omega_Hub\Modules\Dice\Media\Smooth\d20\land-009-37.png'
00:42.843  render           | Saved: 'E:\Games\Epsilon\_retail_\Interface\AddOns\Omega_Hub\Modules\Dice\Media\Smooth\d20\land-009-38.png'
00:42.937  render           | Saved: 'E:\Games\Epsilon\_retail_\Interface\AddOns\Omega_Hub\Modules\Dice\Media\Smooth\d20\land-009-39.png'
00:43.062  render           | Saved: 'E:\Games\Epsilon\_retail_\Interface\AddOns\Omega_Hub\Modules\Dice\Media\Smooth\d20\land-009-40.png'
00:43.125  render           | Saved: 'E:\Games\Epsilon\_retail_\Interface\AddOns\Omega_Hub\Modules\Dice\Media\Smooth\d20\land-009-41.png'
00:43.218  render           | Saved: 'E:\Games\Epsilon\_retail_\Interface\AddOns\Omega_Hub\Modules\Dice\Media\Smooth\d20\land-009-42.png'
00:43.328  render           | Saved: 'E:\Games\Epsilon\_retail_\Interface\AddOns\Omega_Hub\Modules\Dice\Media\Smooth\d20\land-009-43.png'
00:43.406  render           | Saved: 'E:\Games\Epsilon\_retail_\Interface\AddOns\Omega_Hub\Modules\Dice\Media\Smooth\d20\land-009-44.png'
00:43.484  render           | Saved: 'E:\Games\Epsilon\_retail_\Interface\AddOns\Omega_Hub\Modules\Dice\Media\Smooth\d20\land-009-45.png'
00:43.578  render           | Saved: 'E:\Games\Epsilon\_retail_\Interface\AddOns\Omega_Hub\Modules\Dice\Media\Smooth\d20\land-009-46.png'
00:43.656  render           | Saved: 'E:\Games\Epsilon\_retail_\Interface\AddOns\Omega_Hub\Modules\Dice\Media\Smooth\d20\land-009-47.png'
00:43.734  render           | Saved: 'E:\Games\Epsilon\_retail_\Interface\AddOns\Omega_Hub\Modules\Dice\Media\Smooth\d20\land-010-00.png'
00:43.859  render           | Saved: 'E:\Games\Epsilon\_retail_\Interface\AddOns\Omega_Hub\Modules\Dice\Media\Smooth\d20\land-010-01.png'
00:43.921  render           | Saved: 'E:\Games\Epsilon\_retail_\Interface\AddOns\Omega_Hub\Modules\Dice\Media\Smooth\d20\land-010-02.png'
00:44.031  render           | Saved: 'E:\Games\Epsilon\_retail_\Interface\AddOns\Omega_Hub\Modules\Dice\Media\Smooth\d20\land-010-03.png'
00:44.109  render           | Saved: 'E:\Games\Epsilon\_retail_\Interface\AddOns\Omega_Hub\Modules\Dice\Media\Smooth\d20\land-010-04.png'
00:44.156  render           | Saved: 'E:\Games\Epsilon\_retail_\Interface\AddOns\Omega_Hub\Modules\Dice\Media\Smooth\d20\land-010-05.png'
00:44.234  render           | Saved: 'E:\Games\Epsilon\_retail_\Interface\AddOns\Omega_Hub\Modules\Dice\Media\Smooth\d20\land-010-06.png'
00:44.312  render           | Saved: 'E:\Games\Epsilon\_retail_\Interface\AddOns\Omega_Hub\Modules\Dice\Media\Smooth\d20\land-010-07.png'
00:44.406  render           | Saved: 'E:\Games\Epsilon\_retail_\Interface\AddOns\Omega_Hub\Modules\Dice\Media\Smooth\d20\land-010-08.png'
00:44.468  render           | Saved: 'E:\Games\Epsilon\_retail_\Interface\AddOns\Omega_Hub\Modules\Dice\Media\Smooth\d20\land-010-09.png'
00:44.562  render           | Saved: 'E:\Games\Epsilon\_retail_\Interface\AddOns\Omega_Hub\Modules\Dice\Media\Smooth\d20\land-010-10.png'
00:44.640  render           | Saved: 'E:\Games\Epsilon\_retail_\Interface\AddOns\Omega_Hub\Modules\Dice\Media\Smooth\d20\land-010-11.png'
00:44.703  render           | Saved: 'E:\Games\Epsilon\_retail_\Interface\AddOns\Omega_Hub\Modules\Dice\Media\Smooth\d20\land-010-12.png'
00:44.828  render           | Saved: 'E:\Games\Epsilon\_retail_\Interface\AddOns\Omega_Hub\Modules\Dice\Media\Smooth\d20\land-010-13.png'
00:44.953  render           | Saved: 'E:\Games\Epsilon\_retail_\Interface\AddOns\Omega_Hub\Modules\Dice\Media\Smooth\d20\land-010-14.png'
00:45.000  render           | Saved: 'E:\Games\Epsilon\_retail_\Interface\AddOns\Omega_Hub\Modules\Dice\Media\Smooth\d20\land-010-15.png'
00:45.125  render           | Saved: 'E:\Games\Epsilon\_retail_\Interface\AddOns\Omega_Hub\Modules\Dice\Media\Smooth\d20\land-010-16.png'
00:45.234  render           | Saved: 'E:\Games\Epsilon\_retail_\Interface\AddOns\Omega_Hub\Modules\Dice\Media\Smooth\d20\land-010-17.png'
00:45.296  render           | Saved: 'E:\Games\Epsilon\_retail_\Interface\AddOns\Omega_Hub\Modules\Dice\Media\Smooth\d20\land-010-18.png'
00:45.375  render           | Saved: 'E:\Games\Epsilon\_retail_\Interface\AddOns\Omega_Hub\Modules\Dice\Media\Smooth\d20\land-010-19.png'
00:45.437  render           | Saved: 'E:\Games\Epsilon\_retail_\Interface\AddOns\Omega_Hub\Modules\Dice\Media\Smooth\d20\land-010-20.png'
00:45.515  render           | Saved: 'E:\Games\Epsilon\_retail_\Interface\AddOns\Omega_Hub\Modules\Dice\Media\Smooth\d20\land-010-21.png'
00:45.562  render           | Saved: 'E:\Games\Epsilon\_retail_\Interface\AddOns\Omega_Hub\Modules\Dice\Media\Smooth\d20\land-010-22.png'
00:45.656  render           | Saved: 'E:\Games\Epsilon\_retail_\Interface\AddOns\Omega_Hub\Modules\Dice\Media\Smooth\d20\land-010-23.png'
00:45.765  render           | Saved: 'E:\Games\Epsilon\_retail_\Interface\AddOns\Omega_Hub\Modules\Dice\Media\Smooth\d20\land-010-24.png'
00:45.828  render           | Saved: 'E:\Games\Epsilon\_retail_\Interface\AddOns\Omega_Hub\Modules\Dice\Media\Smooth\d20\land-010-25.png'
00:45.906  render           | Saved: 'E:\Games\Epsilon\_retail_\Interface\AddOns\Omega_Hub\Modules\Dice\Media\Smooth\d20\land-010-26.png'
00:45.984  render           | Saved: 'E:\Games\Epsilon\_retail_\Interface\AddOns\Omega_Hub\Modules\Dice\Media\Smooth\d20\land-010-27.png'
00:46.062  render           | Saved: 'E:\Games\Epsilon\_retail_\Interface\AddOns\Omega_Hub\Modules\Dice\Media\Smooth\d20\land-010-28.png'
00:46.125  render           | Saved: 'E:\Games\Epsilon\_retail_\Interface\AddOns\Omega_Hub\Modules\Dice\Media\Smooth\d20\land-010-29.png'
00:46.218  render           | Saved: 'E:\Games\Epsilon\_retail_\Interface\AddOns\Omega_Hub\Modules\Dice\Media\Smooth\d20\land-010-30.png'
00:46.296  render           | Saved: 'E:\Games\Epsilon\_retail_\Interface\AddOns\Omega_Hub\Modules\Dice\Media\Smooth\d20\land-010-31.png'
00:46.406  render           | Saved: 'E:\Games\Epsilon\_retail_\Interface\AddOns\Omega_Hub\Modules\Dice\Media\Smooth\d20\land-010-32.png'
00:46.500  render           | Saved: 'E:\Games\Epsilon\_retail_\Interface\AddOns\Omega_Hub\Modules\Dice\Media\Smooth\d20\land-010-33.png'
00:46.609  render           | Saved: 'E:\Games\Epsilon\_retail_\Interface\AddOns\Omega_Hub\Modules\Dice\Media\Smooth\d20\land-010-34.png'
00:46.671  render           | Saved: 'E:\Games\Epsilon\_retail_\Interface\AddOns\Omega_Hub\Modules\Dice\Media\Smooth\d20\land-010-35.png'
00:46.796  render           | Saved: 'E:\Games\Epsilon\_retail_\Interface\AddOns\Omega_Hub\Modules\Dice\Media\Smooth\d20\land-010-36.png'
00:46.921  render           | Saved: 'E:\Games\Epsilon\_retail_\Interface\AddOns\Omega_Hub\Modules\Dice\Media\Smooth\d20\land-010-37.png'
00:47.015  render           | Saved: 'E:\Games\Epsilon\_retail_\Interface\AddOns\Omega_Hub\Modules\Dice\Media\Smooth\d20\land-010-38.png'
00:47.062  render           | Saved: 'E:\Games\Epsilon\_retail_\Interface\AddOns\Omega_Hub\Modules\Dice\Media\Smooth\d20\land-010-39.png'
00:47.125  render           | Saved: 'E:\Games\Epsilon\_retail_\Interface\AddOns\Omega_Hub\Modules\Dice\Media\Smooth\d20\land-010-40.png'
00:47.234  render           | Saved: 'E:\Games\Epsilon\_retail_\Interface\AddOns\Omega_Hub\Modules\Dice\Media\Smooth\d20\land-010-41.png'
00:47.328  render           | Saved: 'E:\Games\Epsilon\_retail_\Interface\AddOns\Omega_Hub\Modules\Dice\Media\Smooth\d20\land-010-42.png'
00:47.421  render           | Saved: 'E:\Games\Epsilon\_retail_\Interface\AddOns\Omega_Hub\Modules\Dice\Media\Smooth\d20\land-010-43.png'
00:47.484  render           | Saved: 'E:\Games\Epsilon\_retail_\Interface\AddOns\Omega_Hub\Modules\Dice\Media\Smooth\d20\land-010-44.png'
00:47.562  render           | Saved: 'E:\Games\Epsilon\_retail_\Interface\AddOns\Omega_Hub\Modules\Dice\Media\Smooth\d20\land-010-45.png'
00:47.656  render           | Saved: 'E:\Games\Epsilon\_retail_\Interface\AddOns\Omega_Hub\Modules\Dice\Media\Smooth\d20\land-010-46.png'
00:47.750  render           | Saved: 'E:\Games\Epsilon\_retail_\Interface\AddOns\Omega_Hub\Modules\Dice\Media\Smooth\d20\land-010-47.png'
00:47.843  render           | Saved: 'E:\Games\Epsilon\_retail_\Interface\AddOns\Omega_Hub\Modules\Dice\Media\Smooth\d20\land-011-00.png'
00:47.906  render           | Saved: 'E:\Games\Epsilon\_retail_\Interface\AddOns\Omega_Hub\Modules\Dice\Media\Smooth\d20\land-011-01.png'
00:47.968  render           | Saved: 'E:\Games\Epsilon\_retail_\Interface\AddOns\Omega_Hub\Modules\Dice\Media\Smooth\d20\land-011-02.png'
00:48.078  render           | Saved: 'E:\Games\Epsilon\_retail_\Interface\AddOns\Omega_Hub\Modules\Dice\Media\Smooth\d20\land-011-03.png'
00:48.171  render           | Saved: 'E:\Games\Epsilon\_retail_\Interface\AddOns\Omega_Hub\Modules\Dice\Media\Smooth\d20\land-011-04.png'
00:48.265  render           | Saved: 'E:\Games\Epsilon\_retail_\Interface\AddOns\Omega_Hub\Modules\Dice\Media\Smooth\d20\land-011-05.png'
00:48.328  render           | Saved: 'E:\Games\Epsilon\_retail_\Interface\AddOns\Omega_Hub\Modules\Dice\Media\Smooth\d20\land-011-06.png'
00:48.453  render           | Saved: 'E:\Games\Epsilon\_retail_\Interface\AddOns\Omega_Hub\Modules\Dice\Media\Smooth\d20\land-011-07.png'
00:48.515  render           | Saved: 'E:\Games\Epsilon\_retail_\Interface\AddOns\Omega_Hub\Modules\Dice\Media\Smooth\d20\land-011-08.png'
00:48.593  render           | Saved: 'E:\Games\Epsilon\_retail_\Interface\AddOns\Omega_Hub\Modules\Dice\Media\Smooth\d20\land-011-09.png'
00:48.703  render           | Saved: 'E:\Games\Epsilon\_retail_\Interface\AddOns\Omega_Hub\Modules\Dice\Media\Smooth\d20\land-011-10.png'
00:48.781  render           | Saved: 'E:\Games\Epsilon\_retail_\Interface\AddOns\Omega_Hub\Modules\Dice\Media\Smooth\d20\land-011-11.png'
00:48.843  render           | Saved: 'E:\Games\Epsilon\_retail_\Interface\AddOns\Omega_Hub\Modules\Dice\Media\Smooth\d20\land-011-12.png'
00:48.906  render           | Saved: 'E:\Games\Epsilon\_retail_\Interface\AddOns\Omega_Hub\Modules\Dice\Media\Smooth\d20\land-011-13.png'
00:48.984  render           | Saved: 'E:\Games\Epsilon\_retail_\Interface\AddOns\Omega_Hub\Modules\Dice\Media\Smooth\d20\land-011-14.png'
00:49.093  render           | Saved: 'E:\Games\Epsilon\_retail_\Interface\AddOns\Omega_Hub\Modules\Dice\Media\Smooth\d20\land-011-15.png'
00:49.156  render           | Saved: 'E:\Games\Epsilon\_retail_\Interface\AddOns\Omega_Hub\Modules\Dice\Media\Smooth\d20\land-011-16.png'
00:49.234  render           | Saved: 'E:\Games\Epsilon\_retail_\Interface\AddOns\Omega_Hub\Modules\Dice\Media\Smooth\d20\land-011-17.png'
00:49.359  render           | Saved: 'E:\Games\Epsilon\_retail_\Interface\AddOns\Omega_Hub\Modules\Dice\Media\Smooth\d20\land-011-18.png'
00:49.421  render           | Saved: 'E:\Games\Epsilon\_retail_\Interface\AddOns\Omega_Hub\Modules\Dice\Media\Smooth\d20\land-011-19.png'
00:49.500  render           | Saved: 'E:\Games\Epsilon\_retail_\Interface\AddOns\Omega_Hub\Modules\Dice\Media\Smooth\d20\land-011-20.png'
00:49.578  render           | Saved: 'E:\Games\Epsilon\_retail_\Interface\AddOns\Omega_Hub\Modules\Dice\Media\Smooth\d20\land-011-21.png'
00:49.640  render           | Saved: 'E:\Games\Epsilon\_retail_\Interface\AddOns\Omega_Hub\Modules\Dice\Media\Smooth\d20\land-011-22.png'
00:49.750  render           | Saved: 'E:\Games\Epsilon\_retail_\Interface\AddOns\Omega_Hub\Modules\Dice\Media\Smooth\d20\land-011-23.png'
00:49.875  render           | Saved: 'E:\Games\Epsilon\_retail_\Interface\AddOns\Omega_Hub\Modules\Dice\Media\Smooth\d20\land-011-24.png'
00:50.000  render           | Saved: 'E:\Games\Epsilon\_retail_\Interface\AddOns\Omega_Hub\Modules\Dice\Media\Smooth\d20\land-011-25.png'
00:50.062  render           | Saved: 'E:\Games\Epsilon\_retail_\Interface\AddOns\Omega_Hub\Modules\Dice\Media\Smooth\d20\land-011-26.png'
00:50.156  render           | Saved: 'E:\Games\Epsilon\_retail_\Interface\AddOns\Omega_Hub\Modules\Dice\Media\Smooth\d20\land-011-27.png'
00:50.265  render           | Saved: 'E:\Games\Epsilon\_retail_\Interface\AddOns\Omega_Hub\Modules\Dice\Media\Smooth\d20\land-011-28.png'
00:50.343  render           | Saved: 'E:\Games\Epsilon\_retail_\Interface\AddOns\Omega_Hub\Modules\Dice\Media\Smooth\d20\land-011-29.png'
00:50.421  render           | Saved: 'E:\Games\Epsilon\_retail_\Interface\AddOns\Omega_Hub\Modules\Dice\Media\Smooth\d20\land-011-30.png'
00:50.484  render           | Saved: 'E:\Games\Epsilon\_retail_\Interface\AddOns\Omega_Hub\Modules\Dice\Media\Smooth\d20\land-011-31.png'
00:50.562  render           | Saved: 'E:\Games\Epsilon\_retail_\Interface\AddOns\Omega_Hub\Modules\Dice\Media\Smooth\d20\land-011-32.png'
00:50.687  render           | Saved: 'E:\Games\Epsilon\_retail_\Interface\AddOns\Omega_Hub\Modules\Dice\Media\Smooth\d20\land-011-33.png'
00:50.750  render           | Saved: 'E:\Games\Epsilon\_retail_\Interface\AddOns\Omega_Hub\Modules\Dice\Media\Smooth\d20\land-011-34.png'
00:50.828  render           | Saved: 'E:\Games\Epsilon\_retail_\Interface\AddOns\Omega_Hub\Modules\Dice\Media\Smooth\d20\land-011-35.png'
00:50.875  render           | Saved: 'E:\Games\Epsilon\_retail_\Interface\AddOns\Omega_Hub\Modules\Dice\Media\Smooth\d20\land-011-36.png'
00:50.968  render           | Saved: 'E:\Games\Epsilon\_retail_\Interface\AddOns\Omega_Hub\Modules\Dice\Media\Smooth\d20\land-011-37.png'
00:51.078  render           | Saved: 'E:\Games\Epsilon\_retail_\Interface\AddOns\Omega_Hub\Modules\Dice\Media\Smooth\d20\land-011-38.png'
00:51.171  render           | Saved: 'E:\Games\Epsilon\_retail_\Interface\AddOns\Omega_Hub\Modules\Dice\Media\Smooth\d20\land-011-39.png'
00:51.234  render           | Saved: 'E:\Games\Epsilon\_retail_\Interface\AddOns\Omega_Hub\Modules\Dice\Media\Smooth\d20\land-011-40.png'
00:51.359  render           | Saved: 'E:\Games\Epsilon\_retail_\Interface\AddOns\Omega_Hub\Modules\Dice\Media\Smooth\d20\land-011-41.png'
00:51.500  render           | Saved: 'E:\Games\Epsilon\_retail_\Interface\AddOns\Omega_Hub\Modules\Dice\Media\Smooth\d20\land-011-42.png'
00:51.625  render           | Saved: 'E:\Games\Epsilon\_retail_\Interface\AddOns\Omega_Hub\Modules\Dice\Media\Smooth\d20\land-011-43.png'
00:51.687  render           | Saved: 'E:\Games\Epsilon\_retail_\Interface\AddOns\Omega_Hub\Modules\Dice\Media\Smooth\d20\land-011-44.png'
00:51.812  render           | Saved: 'E:\Games\Epsilon\_retail_\Interface\AddOns\Omega_Hub\Modules\Dice\Media\Smooth\d20\land-011-45.png'
00:51.937  render           | Saved: 'E:\Games\Epsilon\_retail_\Interface\AddOns\Omega_Hub\Modules\Dice\Media\Smooth\d20\land-011-46.png'
00:52.046  render           | Saved: 'E:\Games\Epsilon\_retail_\Interface\AddOns\Omega_Hub\Modules\Dice\Media\Smooth\d20\land-011-47.png'
00:52.109  render           | Saved: 'E:\Games\Epsilon\_retail_\Interface\AddOns\Omega_Hub\Modules\Dice\Media\Smooth\d20\land-012-00.png'
00:52.234  render           | Saved: 'E:\Games\Epsilon\_retail_\Interface\AddOns\Omega_Hub\Modules\Dice\Media\Smooth\d20\land-012-01.png'
00:52.328  render           | Saved: 'E:\Games\Epsilon\_retail_\Interface\AddOns\Omega_Hub\Modules\Dice\Media\Smooth\d20\land-012-02.png'
00:52.390  render           | Saved: 'E:\Games\Epsilon\_retail_\Interface\AddOns\Omega_Hub\Modules\Dice\Media\Smooth\d20\land-012-03.png'
00:52.468  render           | Saved: 'E:\Games\Epsilon\_retail_\Interface\AddOns\Omega_Hub\Modules\Dice\Media\Smooth\d20\land-012-04.png'
00:52.531  render           | Saved: 'E:\Games\Epsilon\_retail_\Interface\AddOns\Omega_Hub\Modules\Dice\Media\Smooth\d20\land-012-05.png'
00:52.640  render           | Saved: 'E:\Games\Epsilon\_retail_\Interface\AddOns\Omega_Hub\Modules\Dice\Media\Smooth\d20\land-012-06.png'
00:52.703  render           | Saved: 'E:\Games\Epsilon\_retail_\Interface\AddOns\Omega_Hub\Modules\Dice\Media\Smooth\d20\land-012-07.png'
00:52.812  render           | Saved: 'E:\Games\Epsilon\_retail_\Interface\AddOns\Omega_Hub\Modules\Dice\Media\Smooth\d20\land-012-08.png'
00:52.906  render           | Saved: 'E:\Games\Epsilon\_retail_\Interface\AddOns\Omega_Hub\Modules\Dice\Media\Smooth\d20\land-012-09.png'
00:52.968  render           | Saved: 'E:\Games\Epsilon\_retail_\Interface\AddOns\Omega_Hub\Modules\Dice\Media\Smooth\d20\land-012-10.png'
00:53.046  render           | Saved: 'E:\Games\Epsilon\_retail_\Interface\AddOns\Omega_Hub\Modules\Dice\Media\Smooth\d20\land-012-11.png'
00:53.109  render           | Saved: 'E:\Games\Epsilon\_retail_\Interface\AddOns\Omega_Hub\Modules\Dice\Media\Smooth\d20\land-012-12.png'
00:53.218  render           | Saved: 'E:\Games\Epsilon\_retail_\Interface\AddOns\Omega_Hub\Modules\Dice\Media\Smooth\d20\land-012-13.png'
00:53.328  render           | Saved: 'E:\Games\Epsilon\_retail_\Interface\AddOns\Omega_Hub\Modules\Dice\Media\Smooth\d20\land-012-14.png'
00:53.437  render           | Saved: 'E:\Games\Epsilon\_retail_\Interface\AddOns\Omega_Hub\Modules\Dice\Media\Smooth\d20\land-012-15.png'
00:53.484  render           | Saved: 'E:\Games\Epsilon\_retail_\Interface\AddOns\Omega_Hub\Modules\Dice\Media\Smooth\d20\land-012-16.png'
00:53.609  render           | Saved: 'E:\Games\Epsilon\_retail_\Interface\AddOns\Omega_Hub\Modules\Dice\Media\Smooth\d20\land-012-17.png'
00:53.703  render           | Saved: 'E:\Games\Epsilon\_retail_\Interface\AddOns\Omega_Hub\Modules\Dice\Media\Smooth\d20\land-012-18.png'
00:53.828  render           | Saved: 'E:\Games\Epsilon\_retail_\Interface\AddOns\Omega_Hub\Modules\Dice\Media\Smooth\d20\land-012-19.png'
00:53.890  render           | Saved: 'E:\Games\Epsilon\_retail_\Interface\AddOns\Omega_Hub\Modules\Dice\Media\Smooth\d20\land-012-20.png'
00:53.968  render           | Saved: 'E:\Games\Epsilon\_retail_\Interface\AddOns\Omega_Hub\Modules\Dice\Media\Smooth\d20\land-012-21.png'
00:54.031  render           | Saved: 'E:\Games\Epsilon\_retail_\Interface\AddOns\Omega_Hub\Modules\Dice\Media\Smooth\d20\land-012-22.png'
00:54.125  render           | Saved: 'E:\Games\Epsilon\_retail_\Interface\AddOns\Omega_Hub\Modules\Dice\Media\Smooth\d20\land-012-23.png'
00:54.234  render           | Saved: 'E:\Games\Epsilon\_retail_\Interface\AddOns\Omega_Hub\Modules\Dice\Media\Smooth\d20\land-012-24.png'
00:54.296  render           | Saved: 'E:\Games\Epsilon\_retail_\Interface\AddOns\Omega_Hub\Modules\Dice\Media\Smooth\d20\land-012-25.png'
00:54.406  render           | Saved: 'E:\Games\Epsilon\_retail_\Interface\AddOns\Omega_Hub\Modules\Dice\Media\Smooth\d20\land-012-26.png'
00:54.531  render           | Saved: 'E:\Games\Epsilon\_retail_\Interface\AddOns\Omega_Hub\Modules\Dice\Media\Smooth\d20\land-012-27.png'
00:54.640  render           | Saved: 'E:\Games\Epsilon\_retail_\Interface\AddOns\Omega_Hub\Modules\Dice\Media\Smooth\d20\land-012-28.png'
00:54.718  render           | Saved: 'E:\Games\Epsilon\_retail_\Interface\AddOns\Omega_Hub\Modules\Dice\Media\Smooth\d20\land-012-29.png'
00:54.781  render           | Saved: 'E:\Games\Epsilon\_retail_\Interface\AddOns\Omega_Hub\Modules\Dice\Media\Smooth\d20\land-012-30.png'
00:54.859  render           | Saved: 'E:\Games\Epsilon\_retail_\Interface\AddOns\Omega_Hub\Modules\Dice\Media\Smooth\d20\land-012-31.png'
00:54.937  render           | Saved: 'E:\Games\Epsilon\_retail_\Interface\AddOns\Omega_Hub\Modules\Dice\Media\Smooth\d20\land-012-32.png'
00:55.046  render           | Saved: 'E:\Games\Epsilon\_retail_\Interface\AddOns\Omega_Hub\Modules\Dice\Media\Smooth\d20\land-012-33.png'
00:55.109  render           | Saved: 'E:\Games\Epsilon\_retail_\Interface\AddOns\Omega_Hub\Modules\Dice\Media\Smooth\d20\land-012-34.png'
00:55.187  render           | Saved: 'E:\Games\Epsilon\_retail_\Interface\AddOns\Omega_Hub\Modules\Dice\Media\Smooth\d20\land-012-35.png'
00:55.265  render           | Saved: 'E:\Games\Epsilon\_retail_\Interface\AddOns\Omega_Hub\Modules\Dice\Media\Smooth\d20\land-012-36.png'
00:55.359  render           | Saved: 'E:\Games\Epsilon\_retail_\Interface\AddOns\Omega_Hub\Modules\Dice\Media\Smooth\d20\land-012-37.png'
00:55.453  render           | Saved: 'E:\Games\Epsilon\_retail_\Interface\AddOns\Omega_Hub\Modules\Dice\Media\Smooth\d20\land-012-38.png'
00:55.578  render           | Saved: 'E:\Games\Epsilon\_retail_\Interface\AddOns\Omega_Hub\Modules\Dice\Media\Smooth\d20\land-012-39.png'
00:55.656  render           | Saved: 'E:\Games\Epsilon\_retail_\Interface\AddOns\Omega_Hub\Modules\Dice\Media\Smooth\d20\land-012-40.png'
00:55.750  render           | Saved: 'E:\Games\Epsilon\_retail_\Interface\AddOns\Omega_Hub\Modules\Dice\Media\Smooth\d20\land-012-41.png'
00:55.843  render           | Saved: 'E:\Games\Epsilon\_retail_\Interface\AddOns\Omega_Hub\Modules\Dice\Media\Smooth\d20\land-012-42.png'
00:55.921  render           | Saved: 'E:\Games\Epsilon\_retail_\Interface\AddOns\Omega_Hub\Modules\Dice\Media\Smooth\d20\land-012-43.png'
00:55.984  render           | Saved: 'E:\Games\Epsilon\_retail_\Interface\AddOns\Omega_Hub\Modules\Dice\Media\Smooth\d20\land-012-44.png'
00:56.046  render           | Saved: 'E:\Games\Epsilon\_retail_\Interface\AddOns\Omega_Hub\Modules\Dice\Media\Smooth\d20\land-012-45.png'
00:56.171  render           | Saved: 'E:\Games\Epsilon\_retail_\Interface\AddOns\Omega_Hub\Modules\Dice\Media\Smooth\d20\land-012-46.png'
00:56.281  render           | Saved: 'E:\Games\Epsilon\_retail_\Interface\AddOns\Omega_Hub\Modules\Dice\Media\Smooth\d20\land-012-47.png'
00:56.375  render           | Saved: 'E:\Games\Epsilon\_retail_\Interface\AddOns\Omega_Hub\Modules\Dice\Media\Smooth\d20\land-013-00.png'
00:56.437  render           | Saved: 'E:\Games\Epsilon\_retail_\Interface\AddOns\Omega_Hub\Modules\Dice\Media\Smooth\d20\land-013-01.png'
00:56.531  render           | Saved: 'E:\Games\Epsilon\_retail_\Interface\AddOns\Omega_Hub\Modules\Dice\Media\Smooth\d20\land-013-02.png'
00:56.593  render           | Saved: 'E:\Games\Epsilon\_retail_\Interface\AddOns\Omega_Hub\Modules\Dice\Media\Smooth\d20\land-013-03.png'
00:56.703  render           | Saved: 'E:\Games\Epsilon\_retail_\Interface\AddOns\Omega_Hub\Modules\Dice\Media\Smooth\d20\land-013-04.png'
00:56.812  render           | Saved: 'E:\Games\Epsilon\_retail_\Interface\AddOns\Omega_Hub\Modules\Dice\Media\Smooth\d20\land-013-05.png'
00:56.875  render           | Saved: 'E:\Games\Epsilon\_retail_\Interface\AddOns\Omega_Hub\Modules\Dice\Media\Smooth\d20\land-013-06.png'
00:56.984  render           | Saved: 'E:\Games\Epsilon\_retail_\Interface\AddOns\Omega_Hub\Modules\Dice\Media\Smooth\d20\land-013-07.png'
00:57.109  render           | Saved: 'E:\Games\Epsilon\_retail_\Interface\AddOns\Omega_Hub\Modules\Dice\Media\Smooth\d20\land-013-08.png'
00:57.234  render           | Saved: 'E:\Games\Epsilon\_retail_\Interface\AddOns\Omega_Hub\Modules\Dice\Media\Smooth\d20\land-013-09.png'
00:57.296  render           | Saved: 'E:\Games\Epsilon\_retail_\Interface\AddOns\Omega_Hub\Modules\Dice\Media\Smooth\d20\land-013-10.png'
00:57.390  render           | Saved: 'E:\Games\Epsilon\_retail_\Interface\AddOns\Omega_Hub\Modules\Dice\Media\Smooth\d20\land-013-11.png'
00:57.437  render           | Saved: 'E:\Games\Epsilon\_retail_\Interface\AddOns\Omega_Hub\Modules\Dice\Media\Smooth\d20\land-013-12.png'
00:57.515  render           | Saved: 'E:\Games\Epsilon\_retail_\Interface\AddOns\Omega_Hub\Modules\Dice\Media\Smooth\d20\land-013-13.png'
00:57.640  render           | Saved: 'E:\Games\Epsilon\_retail_\Interface\AddOns\Omega_Hub\Modules\Dice\Media\Smooth\d20\land-013-14.png'
00:57.718  render           | Saved: 'E:\Games\Epsilon\_retail_\Interface\AddOns\Omega_Hub\Modules\Dice\Media\Smooth\d20\land-013-15.png'
00:57.781  render           | Saved: 'E:\Games\Epsilon\_retail_\Interface\AddOns\Omega_Hub\Modules\Dice\Media\Smooth\d20\land-013-16.png'
00:57.843  render           | Saved: 'E:\Games\Epsilon\_retail_\Interface\AddOns\Omega_Hub\Modules\Dice\Media\Smooth\d20\land-013-17.png'
00:57.921  render           | Saved: 'E:\Games\Epsilon\_retail_\Interface\AddOns\Omega_Hub\Modules\Dice\Media\Smooth\d20\land-013-18.png'
00:57.984  render           | Saved: 'E:\Games\Epsilon\_retail_\Interface\AddOns\Omega_Hub\Modules\Dice\Media\Smooth\d20\land-013-19.png'
00:58.078  render           | Saved: 'E:\Games\Epsilon\_retail_\Interface\AddOns\Omega_Hub\Modules\Dice\Media\Smooth\d20\land-013-20.png'
00:58.171  render           | Saved: 'E:\Games\Epsilon\_retail_\Interface\AddOns\Omega_Hub\Modules\Dice\Media\Smooth\d20\land-013-21.png'
00:58.250  render           | Saved: 'E:\Games\Epsilon\_retail_\Interface\AddOns\Omega_Hub\Modules\Dice\Media\Smooth\d20\land-013-22.png'
00:58.343  render           | Saved: 'E:\Games\Epsilon\_retail_\Interface\AddOns\Omega_Hub\Modules\Dice\Media\Smooth\d20\land-013-23.png'
00:58.468  render           | Saved: 'E:\Games\Epsilon\_retail_\Interface\AddOns\Omega_Hub\Modules\Dice\Media\Smooth\d20\land-013-24.png'
00:58.625  render           | Saved: 'E:\Games\Epsilon\_retail_\Interface\AddOns\Omega_Hub\Modules\Dice\Media\Smooth\d20\land-013-25.png'
00:58.750  render           | Saved: 'E:\Games\Epsilon\_retail_\Interface\AddOns\Omega_Hub\Modules\Dice\Media\Smooth\d20\land-013-26.png'
00:58.843  render           | Saved: 'E:\Games\Epsilon\_retail_\Interface\AddOns\Omega_Hub\Modules\Dice\Media\Smooth\d20\land-013-27.png'
00:58.906  render           | Saved: 'E:\Games\Epsilon\_retail_\Interface\AddOns\Omega_Hub\Modules\Dice\Media\Smooth\d20\land-013-28.png'
00:59.015  render           | Saved: 'E:\Games\Epsilon\_retail_\Interface\AddOns\Omega_Hub\Modules\Dice\Media\Smooth\d20\land-013-29.png'
00:59.109  render           | Saved: 'E:\Games\Epsilon\_retail_\Interface\AddOns\Omega_Hub\Modules\Dice\Media\Smooth\d20\land-013-30.png'
00:59.218  render           | Saved: 'E:\Games\Epsilon\_retail_\Interface\AddOns\Omega_Hub\Modules\Dice\Media\Smooth\d20\land-013-31.png'
00:59.281  render           | Saved: 'E:\Games\Epsilon\_retail_\Interface\AddOns\Omega_Hub\Modules\Dice\Media\Smooth\d20\land-013-32.png'
00:59.375  render           | Saved: 'E:\Games\Epsilon\_retail_\Interface\AddOns\Omega_Hub\Modules\Dice\Media\Smooth\d20\land-013-33.png'
00:59.453  render           | Saved: 'E:\Games\Epsilon\_retail_\Interface\AddOns\Omega_Hub\Modules\Dice\Media\Smooth\d20\land-013-34.png'
00:59.531  render           | Saved: 'E:\Games\Epsilon\_retail_\Interface\AddOns\Omega_Hub\Modules\Dice\Media\Smooth\d20\land-013-35.png'
00:59.656  render           | Saved: 'E:\Games\Epsilon\_retail_\Interface\AddOns\Omega_Hub\Modules\Dice\Media\Smooth\d20\land-013-36.png'
00:59.734  render           | Saved: 'E:\Games\Epsilon\_retail_\Interface\AddOns\Omega_Hub\Modules\Dice\Media\Smooth\d20\land-013-37.png'
00:59.843  render           | Saved: 'E:\Games\Epsilon\_retail_\Interface\AddOns\Omega_Hub\Modules\Dice\Media\Smooth\d20\land-013-38.png'
00:59.953  render           | Saved: 'E:\Games\Epsilon\_retail_\Interface\AddOns\Omega_Hub\Modules\Dice\Media\Smooth\d20\land-013-39.png'
01:00.015  render           | Saved: 'E:\Games\Epsilon\_retail_\Interface\AddOns\Omega_Hub\Modules\Dice\Media\Smooth\d20\land-013-40.png'
01:00.109  render           | Saved: 'E:\Games\Epsilon\_retail_\Interface\AddOns\Omega_Hub\Modules\Dice\Media\Smooth\d20\land-013-41.png'
01:00.218  render           | Saved: 'E:\Games\Epsilon\_retail_\Interface\AddOns\Omega_Hub\Modules\Dice\Media\Smooth\d20\land-013-42.png'
01:00.343  render           | Saved: 'E:\Games\Epsilon\_retail_\Interface\AddOns\Omega_Hub\Modules\Dice\Media\Smooth\d20\land-013-43.png'
01:00.406  render           | Saved: 'E:\Games\Epsilon\_retail_\Interface\AddOns\Omega_Hub\Modules\Dice\Media\Smooth\d20\land-013-44.png'
01:00.515  render           | Saved: 'E:\Games\Epsilon\_retail_\Interface\AddOns\Omega_Hub\Modules\Dice\Media\Smooth\d20\land-013-45.png'
01:00.625  render           | Saved: 'E:\Games\Epsilon\_retail_\Interface\AddOns\Omega_Hub\Modules\Dice\Media\Smooth\d20\land-013-46.png'
01:00.750  render           | Saved: 'E:\Games\Epsilon\_retail_\Interface\AddOns\Omega_Hub\Modules\Dice\Media\Smooth\d20\land-013-47.png'
01:00.812  render           | Saved: 'E:\Games\Epsilon\_retail_\Interface\AddOns\Omega_Hub\Modules\Dice\Media\Smooth\d20\land-014-00.png'
01:00.921  render           | Saved: 'E:\Games\Epsilon\_retail_\Interface\AddOns\Omega_Hub\Modules\Dice\Media\Smooth\d20\land-014-01.png'
01:01.031  render           | Saved: 'E:\Games\Epsilon\_retail_\Interface\AddOns\Omega_Hub\Modules\Dice\Media\Smooth\d20\land-014-02.png'
01:01.140  render           | Saved: 'E:\Games\Epsilon\_retail_\Interface\AddOns\Omega_Hub\Modules\Dice\Media\Smooth\d20\land-014-03.png'
01:01.218  render           | Saved: 'E:\Games\Epsilon\_retail_\Interface\AddOns\Omega_Hub\Modules\Dice\Media\Smooth\d20\land-014-04.png'
01:01.296  render           | Saved: 'E:\Games\Epsilon\_retail_\Interface\AddOns\Omega_Hub\Modules\Dice\Media\Smooth\d20\land-014-05.png'
01:01.421  render           | Saved: 'E:\Games\Epsilon\_retail_\Interface\AddOns\Omega_Hub\Modules\Dice\Media\Smooth\d20\land-014-06.png'
01:01.578  render           | Saved: 'E:\Games\Epsilon\_retail_\Interface\AddOns\Omega_Hub\Modules\Dice\Media\Smooth\d20\land-014-07.png'
01:01.656  render           | Saved: 'E:\Games\Epsilon\_retail_\Interface\AddOns\Omega_Hub\Modules\Dice\Media\Smooth\d20\land-014-08.png'
01:01.718  render           | Saved: 'E:\Games\Epsilon\_retail_\Interface\AddOns\Omega_Hub\Modules\Dice\Media\Smooth\d20\land-014-09.png'
01:01.781  render           | Saved: 'E:\Games\Epsilon\_retail_\Interface\AddOns\Omega_Hub\Modules\Dice\Media\Smooth\d20\land-014-10.png'
01:01.890  render           | Saved: 'E:\Games\Epsilon\_retail_\Interface\AddOns\Omega_Hub\Modules\Dice\Media\Smooth\d20\land-014-11.png'
01:02.000  render           | Saved: 'E:\Games\Epsilon\_retail_\Interface\AddOns\Omega_Hub\Modules\Dice\Media\Smooth\d20\land-014-12.png'
01:02.125  render           | Saved: 'E:\Games\Epsilon\_retail_\Interface\AddOns\Omega_Hub\Modules\Dice\Media\Smooth\d20\land-014-13.png'
01:02.203  render           | Saved: 'E:\Games\Epsilon\_retail_\Interface\AddOns\Omega_Hub\Modules\Dice\Media\Smooth\d20\land-014-14.png'
01:02.296  render           | Saved: 'E:\Games\Epsilon\_retail_\Interface\AddOns\Omega_Hub\Modules\Dice\Media\Smooth\d20\land-014-15.png'
01:02.406  render           | Saved: 'E:\Games\Epsilon\_retail_\Interface\AddOns\Omega_Hub\Modules\Dice\Media\Smooth\d20\land-014-16.png'
01:02.468  render           | Saved: 'E:\Games\Epsilon\_retail_\Interface\AddOns\Omega_Hub\Modules\Dice\Media\Smooth\d20\land-014-17.png'
01:02.562  render           | Saved: 'E:\Games\Epsilon\_retail_\Interface\AddOns\Omega_Hub\Modules\Dice\Media\Smooth\d20\land-014-18.png'
01:02.640  render           | Saved: 'E:\Games\Epsilon\_retail_\Interface\AddOns\Omega_Hub\Modules\Dice\Media\Smooth\d20\land-014-19.png'
01:02.734  render           | Saved: 'E:\Games\Epsilon\_retail_\Interface\AddOns\Omega_Hub\Modules\Dice\Media\Smooth\d20\land-014-20.png'
01:02.875  render           | Saved: 'E:\Games\Epsilon\_retail_\Interface\AddOns\Omega_Hub\Modules\Dice\Media\Smooth\d20\land-014-21.png'
01:02.984  render           | Saved: 'E:\Games\Epsilon\_retail_\Interface\AddOns\Omega_Hub\Modules\Dice\Media\Smooth\d20\land-014-22.png'
01:03.046  render           | Saved: 'E:\Games\Epsilon\_retail_\Interface\AddOns\Omega_Hub\Modules\Dice\Media\Smooth\d20\land-014-23.png'
01:03.156  render           | Saved: 'E:\Games\Epsilon\_retail_\Interface\AddOns\Omega_Hub\Modules\Dice\Media\Smooth\d20\land-014-24.png'
01:03.281  render           | Saved: 'E:\Games\Epsilon\_retail_\Interface\AddOns\Omega_Hub\Modules\Dice\Media\Smooth\d20\land-014-25.png'
01:03.390  render           | Saved: 'E:\Games\Epsilon\_retail_\Interface\AddOns\Omega_Hub\Modules\Dice\Media\Smooth\d20\land-014-26.png'
01:03.453  render           | Saved: 'E:\Games\Epsilon\_retail_\Interface\AddOns\Omega_Hub\Modules\Dice\Media\Smooth\d20\land-014-27.png'
01:03.546  render           | Saved: 'E:\Games\Epsilon\_retail_\Interface\AddOns\Omega_Hub\Modules\Dice\Media\Smooth\d20\land-014-28.png'
01:03.625  render           | Saved: 'E:\Games\Epsilon\_retail_\Interface\AddOns\Omega_Hub\Modules\Dice\Media\Smooth\d20\land-014-29.png'
01:03.718  render           | Saved: 'E:\Games\Epsilon\_retail_\Interface\AddOns\Omega_Hub\Modules\Dice\Media\Smooth\d20\land-014-30.png'
01:03.812  render           | Saved: 'E:\Games\Epsilon\_retail_\Interface\AddOns\Omega_Hub\Modules\Dice\Media\Smooth\d20\land-014-31.png'
01:03.875  render           | Saved: 'E:\Games\Epsilon\_retail_\Interface\AddOns\Omega_Hub\Modules\Dice\Media\Smooth\d20\land-014-32.png'
01:03.953  render           | Saved: 'E:\Games\Epsilon\_retail_\Interface\AddOns\Omega_Hub\Modules\Dice\Media\Smooth\d20\land-014-33.png'
01:04.031  render           | Saved: 'E:\Games\Epsilon\_retail_\Interface\AddOns\Omega_Hub\Modules\Dice\Media\Smooth\d20\land-014-34.png'
01:04.093  render           | Saved: 'E:\Games\Epsilon\_retail_\Interface\AddOns\Omega_Hub\Modules\Dice\Media\Smooth\d20\land-014-35.png'
01:04.156  render           | Saved: 'E:\Games\Epsilon\_retail_\Interface\AddOns\Omega_Hub\Modules\Dice\Media\Smooth\d20\land-014-36.png'
01:04.234  render           | Saved: 'E:\Games\Epsilon\_retail_\Interface\AddOns\Omega_Hub\Modules\Dice\Media\Smooth\d20\land-014-37.png'
01:04.296  render           | Saved: 'E:\Games\Epsilon\_retail_\Interface\AddOns\Omega_Hub\Modules\Dice\Media\Smooth\d20\land-014-38.png'
01:04.375  render           | Saved: 'E:\Games\Epsilon\_retail_\Interface\AddOns\Omega_Hub\Modules\Dice\Media\Smooth\d20\land-014-39.png'
01:04.500  render           | Saved: 'E:\Games\Epsilon\_retail_\Interface\AddOns\Omega_Hub\Modules\Dice\Media\Smooth\d20\land-014-40.png'
01:04.562  render           | Saved: 'E:\Games\Epsilon\_retail_\Interface\AddOns\Omega_Hub\Modules\Dice\Media\Smooth\d20\land-014-41.png'
01:04.640  render           | Saved: 'E:\Games\Epsilon\_retail_\Interface\AddOns\Omega_Hub\Modules\Dice\Media\Smooth\d20\land-014-42.png'
01:04.718  render           | Saved: 'E:\Games\Epsilon\_retail_\Interface\AddOns\Omega_Hub\Modules\Dice\Media\Smooth\d20\land-014-43.png'
01:04.796  render           | Saved: 'E:\Games\Epsilon\_retail_\Interface\AddOns\Omega_Hub\Modules\Dice\Media\Smooth\d20\land-014-44.png'
01:04.906  render           | Saved: 'E:\Games\Epsilon\_retail_\Interface\AddOns\Omega_Hub\Modules\Dice\Media\Smooth\d20\land-014-45.png'
01:04.984  render           | Saved: 'E:\Games\Epsilon\_retail_\Interface\AddOns\Omega_Hub\Modules\Dice\Media\Smooth\d20\land-014-46.png'
01:05.062  render           | Saved: 'E:\Games\Epsilon\_retail_\Interface\AddOns\Omega_Hub\Modules\Dice\Media\Smooth\d20\land-014-47.png'
01:05.125  render           | Saved: 'E:\Games\Epsilon\_retail_\Interface\AddOns\Omega_Hub\Modules\Dice\Media\Smooth\d20\land-015-00.png'
01:05.234  render           | Saved: 'E:\Games\Epsilon\_retail_\Interface\AddOns\Omega_Hub\Modules\Dice\Media\Smooth\d20\land-015-01.png'
01:05.328  render           | Saved: 'E:\Games\Epsilon\_retail_\Interface\AddOns\Omega_Hub\Modules\Dice\Media\Smooth\d20\land-015-02.png'
01:05.375  render           | Saved: 'E:\Games\Epsilon\_retail_\Interface\AddOns\Omega_Hub\Modules\Dice\Media\Smooth\d20\land-015-03.png'
01:05.468  render           | Saved: 'E:\Games\Epsilon\_retail_\Interface\AddOns\Omega_Hub\Modules\Dice\Media\Smooth\d20\land-015-04.png'
01:05.562  render           | Saved: 'E:\Games\Epsilon\_retail_\Interface\AddOns\Omega_Hub\Modules\Dice\Media\Smooth\d20\land-015-05.png'
01:05.671  render           | Saved: 'E:\Games\Epsilon\_retail_\Interface\AddOns\Omega_Hub\Modules\Dice\Media\Smooth\d20\land-015-06.png'
01:05.734  render           | Saved: 'E:\Games\Epsilon\_retail_\Interface\AddOns\Omega_Hub\Modules\Dice\Media\Smooth\d20\land-015-07.png'
01:05.812  render           | Saved: 'E:\Games\Epsilon\_retail_\Interface\AddOns\Omega_Hub\Modules\Dice\Media\Smooth\d20\land-015-08.png'
01:05.921  render           | Saved: 'E:\Games\Epsilon\_retail_\Interface\AddOns\Omega_Hub\Modules\Dice\Media\Smooth\d20\land-015-09.png'
01:05.984  render           | Saved: 'E:\Games\Epsilon\_retail_\Interface\AddOns\Omega_Hub\Modules\Dice\Media\Smooth\d20\land-015-10.png'
01:06.078  render           | Saved: 'E:\Games\Epsilon\_retail_\Interface\AddOns\Omega_Hub\Modules\Dice\Media\Smooth\d20\land-015-11.png'
01:06.140  render           | Saved: 'E:\Games\Epsilon\_retail_\Interface\AddOns\Omega_Hub\Modules\Dice\Media\Smooth\d20\land-015-12.png'
01:06.250  render           | Saved: 'E:\Games\Epsilon\_retail_\Interface\AddOns\Omega_Hub\Modules\Dice\Media\Smooth\d20\land-015-13.png'
01:06.359  render           | Saved: 'E:\Games\Epsilon\_retail_\Interface\AddOns\Omega_Hub\Modules\Dice\Media\Smooth\d20\land-015-14.png'
01:06.453  render           | Saved: 'E:\Games\Epsilon\_retail_\Interface\AddOns\Omega_Hub\Modules\Dice\Media\Smooth\d20\land-015-15.png'
01:06.515  render           | Saved: 'E:\Games\Epsilon\_retail_\Interface\AddOns\Omega_Hub\Modules\Dice\Media\Smooth\d20\land-015-16.png'
01:06.656  render           | Saved: 'E:\Games\Epsilon\_retail_\Interface\AddOns\Omega_Hub\Modules\Dice\Media\Smooth\d20\land-015-17.png'
01:06.781  render           | Saved: 'E:\Games\Epsilon\_retail_\Interface\AddOns\Omega_Hub\Modules\Dice\Media\Smooth\d20\land-015-18.png'
01:06.906  render           | Saved: 'E:\Games\Epsilon\_retail_\Interface\AddOns\Omega_Hub\Modules\Dice\Media\Smooth\d20\land-015-19.png'
01:06.968  render           | Saved: 'E:\Games\Epsilon\_retail_\Interface\AddOns\Omega_Hub\Modules\Dice\Media\Smooth\d20\land-015-20.png'
01:07.046  render           | Saved: 'E:\Games\Epsilon\_retail_\Interface\AddOns\Omega_Hub\Modules\Dice\Media\Smooth\d20\land-015-21.png'
01:07.125  render           | Saved: 'E:\Games\Epsilon\_retail_\Interface\AddOns\Omega_Hub\Modules\Dice\Media\Smooth\d20\land-015-22.png'
01:07.218  render           | Saved: 'E:\Games\Epsilon\_retail_\Interface\AddOns\Omega_Hub\Modules\Dice\Media\Smooth\d20\land-015-23.png'
01:07.312  render           | Saved: 'E:\Games\Epsilon\_retail_\Interface\AddOns\Omega_Hub\Modules\Dice\Media\Smooth\d20\land-015-24.png'
01:07.375  render           | Saved: 'E:\Games\Epsilon\_retail_\Interface\AddOns\Omega_Hub\Modules\Dice\Media\Smooth\d20\land-015-25.png'
01:07.468  render           | Saved: 'E:\Games\Epsilon\_retail_\Interface\AddOns\Omega_Hub\Modules\Dice\Media\Smooth\d20\land-015-26.png'
01:07.593  render           | Saved: 'E:\Games\Epsilon\_retail_\Interface\AddOns\Omega_Hub\Modules\Dice\Media\Smooth\d20\land-015-27.png'
01:07.718  render           | Saved: 'E:\Games\Epsilon\_retail_\Interface\AddOns\Omega_Hub\Modules\Dice\Media\Smooth\d20\land-015-28.png'
01:07.843  render           | Saved: 'E:\Games\Epsilon\_retail_\Interface\AddOns\Omega_Hub\Modules\Dice\Media\Smooth\d20\land-015-29.png'
01:07.890  render           | Saved: 'E:\Games\Epsilon\_retail_\Interface\AddOns\Omega_Hub\Modules\Dice\Media\Smooth\d20\land-015-30.png'
01:07.984  render           | Saved: 'E:\Games\Epsilon\_retail_\Interface\AddOns\Omega_Hub\Modules\Dice\Media\Smooth\d20\land-015-31.png'
01:08.093  render           | Saved: 'E:\Games\Epsilon\_retail_\Interface\AddOns\Omega_Hub\Modules\Dice\Media\Smooth\d20\land-015-32.png'
01:08.171  render           | Saved: 'E:\Games\Epsilon\_retail_\Interface\AddOns\Omega_Hub\Modules\Dice\Media\Smooth\d20\land-015-33.png'
01:08.234  render           | Saved: 'E:\Games\Epsilon\_retail_\Interface\AddOns\Omega_Hub\Modules\Dice\Media\Smooth\d20\land-015-34.png'
01:08.343  render           | Saved: 'E:\Games\Epsilon\_retail_\Interface\AddOns\Omega_Hub\Modules\Dice\Media\Smooth\d20\land-015-35.png'
01:08.390  render           | Saved: 'E:\Games\Epsilon\_retail_\Interface\AddOns\Omega_Hub\Modules\Dice\Media\Smooth\d20\land-015-36.png'
01:08.515  render           | Saved: 'E:\Games\Epsilon\_retail_\Interface\AddOns\Omega_Hub\Modules\Dice\Media\Smooth\d20\land-015-37.png'
01:08.625  render           | Saved: 'E:\Games\Epsilon\_retail_\Interface\AddOns\Omega_Hub\Modules\Dice\Media\Smooth\d20\land-015-38.png'
01:08.734  render           | Saved: 'E:\Games\Epsilon\_retail_\Interface\AddOns\Omega_Hub\Modules\Dice\Media\Smooth\d20\land-015-39.png'
01:08.796  render           | Saved: 'E:\Games\Epsilon\_retail_\Interface\AddOns\Omega_Hub\Modules\Dice\Media\Smooth\d20\land-015-40.png'
01:08.921  render           | Saved: 'E:\Games\Epsilon\_retail_\Interface\AddOns\Omega_Hub\Modules\Dice\Media\Smooth\d20\land-015-41.png'
01:09.015  render           | Saved: 'E:\Games\Epsilon\_retail_\Interface\AddOns\Omega_Hub\Modules\Dice\Media\Smooth\d20\land-015-42.png'
01:09.125  render           | Saved: 'E:\Games\Epsilon\_retail_\Interface\AddOns\Omega_Hub\Modules\Dice\Media\Smooth\d20\land-015-43.png'
01:09.203  render           | Saved: 'E:\Games\Epsilon\_retail_\Interface\AddOns\Omega_Hub\Modules\Dice\Media\Smooth\d20\land-015-44.png'
01:09.281  render           | Saved: 'E:\Games\Epsilon\_retail_\Interface\AddOns\Omega_Hub\Modules\Dice\Media\Smooth\d20\land-015-45.png'
01:09.390  render           | Saved: 'E:\Games\Epsilon\_retail_\Interface\AddOns\Omega_Hub\Modules\Dice\Media\Smooth\d20\land-015-46.png'
01:09.500  render           | Saved: 'E:\Games\Epsilon\_retail_\Interface\AddOns\Omega_Hub\Modules\Dice\Media\Smooth\d20\land-015-47.png'
01:09.562  render           | Saved: 'E:\Games\Epsilon\_retail_\Interface\AddOns\Omega_Hub\Modules\Dice\Media\Smooth\d20\land-016-00.png'
01:09.656  render           | Saved: 'E:\Games\Epsilon\_retail_\Interface\AddOns\Omega_Hub\Modules\Dice\Media\Smooth\d20\land-016-01.png'
01:09.718  render           | Saved: 'E:\Games\Epsilon\_retail_\Interface\AddOns\Omega_Hub\Modules\Dice\Media\Smooth\d20\land-016-02.png'
01:09.796  render           | Saved: 'E:\Games\Epsilon\_retail_\Interface\AddOns\Omega_Hub\Modules\Dice\Media\Smooth\d20\land-016-03.png'
01:09.921  render           | Saved: 'E:\Games\Epsilon\_retail_\Interface\AddOns\Omega_Hub\Modules\Dice\Media\Smooth\d20\land-016-04.png'
01:10.000  render           | Saved: 'E:\Games\Epsilon\_retail_\Interface\AddOns\Omega_Hub\Modules\Dice\Media\Smooth\d20\land-016-05.png'
01:10.062  render           | Saved: 'E:\Games\Epsilon\_retail_\Interface\AddOns\Omega_Hub\Modules\Dice\Media\Smooth\d20\land-016-06.png'
01:10.156  render           | Saved: 'E:\Games\Epsilon\_retail_\Interface\AddOns\Omega_Hub\Modules\Dice\Media\Smooth\d20\land-016-07.png'
01:10.234  render           | Saved: 'E:\Games\Epsilon\_retail_\Interface\AddOns\Omega_Hub\Modules\Dice\Media\Smooth\d20\land-016-08.png'
01:10.312  render           | Saved: 'E:\Games\Epsilon\_retail_\Interface\AddOns\Omega_Hub\Modules\Dice\Media\Smooth\d20\land-016-09.png'
01:10.421  render           | Saved: 'E:\Games\Epsilon\_retail_\Interface\AddOns\Omega_Hub\Modules\Dice\Media\Smooth\d20\land-016-10.png'
01:10.484  render           | Saved: 'E:\Games\Epsilon\_retail_\Interface\AddOns\Omega_Hub\Modules\Dice\Media\Smooth\d20\land-016-11.png'
01:10.562  render           | Saved: 'E:\Games\Epsilon\_retail_\Interface\AddOns\Omega_Hub\Modules\Dice\Media\Smooth\d20\land-016-12.png'
01:10.625  render           | Saved: 'E:\Games\Epsilon\_retail_\Interface\AddOns\Omega_Hub\Modules\Dice\Media\Smooth\d20\land-016-13.png'
01:10.703  render           | Saved: 'E:\Games\Epsilon\_retail_\Interface\AddOns\Omega_Hub\Modules\Dice\Media\Smooth\d20\land-016-14.png'
01:10.765  render           | Saved: 'E:\Games\Epsilon\_retail_\Interface\AddOns\Omega_Hub\Modules\Dice\Media\Smooth\d20\land-016-15.png'
01:10.828  render           | Saved: 'E:\Games\Epsilon\_retail_\Interface\AddOns\Omega_Hub\Modules\Dice\Media\Smooth\d20\land-016-16.png'
01:10.906  render           | Saved: 'E:\Games\Epsilon\_retail_\Interface\AddOns\Omega_Hub\Modules\Dice\Media\Smooth\d20\land-016-17.png'
01:10.968  render           | Saved: 'E:\Games\Epsilon\_retail_\Interface\AddOns\Omega_Hub\Modules\Dice\Media\Smooth\d20\land-016-18.png'
01:11.078  render           | Saved: 'E:\Games\Epsilon\_retail_\Interface\AddOns\Omega_Hub\Modules\Dice\Media\Smooth\d20\land-016-19.png'
01:11.156  render           | Saved: 'E:\Games\Epsilon\_retail_\Interface\AddOns\Omega_Hub\Modules\Dice\Media\Smooth\d20\land-016-20.png'
01:11.218  render           | Saved: 'E:\Games\Epsilon\_retail_\Interface\AddOns\Omega_Hub\Modules\Dice\Media\Smooth\d20\land-016-21.png'
01:11.312  render           | Saved: 'E:\Games\Epsilon\_retail_\Interface\AddOns\Omega_Hub\Modules\Dice\Media\Smooth\d20\land-016-22.png'
01:11.390  render           | Saved: 'E:\Games\Epsilon\_retail_\Interface\AddOns\Omega_Hub\Modules\Dice\Media\Smooth\d20\land-016-23.png'
01:11.484  render           | Saved: 'E:\Games\Epsilon\_retail_\Interface\AddOns\Omega_Hub\Modules\Dice\Media\Smooth\d20\land-016-24.png'
01:11.546  render           | Saved: 'E:\Games\Epsilon\_retail_\Interface\AddOns\Omega_Hub\Modules\Dice\Media\Smooth\d20\land-016-25.png'
01:11.625  render           | Saved: 'E:\Games\Epsilon\_retail_\Interface\AddOns\Omega_Hub\Modules\Dice\Media\Smooth\d20\land-016-26.png'
01:11.750  render           | Saved: 'E:\Games\Epsilon\_retail_\Interface\AddOns\Omega_Hub\Modules\Dice\Media\Smooth\d20\land-016-27.png'
01:11.875  render           | Saved: 'E:\Games\Epsilon\_retail_\Interface\AddOns\Omega_Hub\Modules\Dice\Media\Smooth\d20\land-016-28.png'
01:11.937  render           | Saved: 'E:\Games\Epsilon\_retail_\Interface\AddOns\Omega_Hub\Modules\Dice\Media\Smooth\d20\land-016-29.png'
01:12.031  render           | Saved: 'E:\Games\Epsilon\_retail_\Interface\AddOns\Omega_Hub\Modules\Dice\Media\Smooth\d20\land-016-30.png'
01:12.156  render           | Saved: 'E:\Games\Epsilon\_retail_\Interface\AddOns\Omega_Hub\Modules\Dice\Media\Smooth\d20\land-016-31.png'
01:12.250  render           | Saved: 'E:\Games\Epsilon\_retail_\Interface\AddOns\Omega_Hub\Modules\Dice\Media\Smooth\d20\land-016-32.png'
01:12.296  render           | Saved: 'E:\Games\Epsilon\_retail_\Interface\AddOns\Omega_Hub\Modules\Dice\Media\Smooth\d20\land-016-33.png'
01:12.359  render           | Saved: 'E:\Games\Epsilon\_retail_\Interface\AddOns\Omega_Hub\Modules\Dice\Media\Smooth\d20\land-016-34.png'
01:12.437  render           | Saved: 'E:\Games\Epsilon\_retail_\Interface\AddOns\Omega_Hub\Modules\Dice\Media\Smooth\d20\land-016-35.png'
01:12.531  render           | Saved: 'E:\Games\Epsilon\_retail_\Interface\AddOns\Omega_Hub\Modules\Dice\Media\Smooth\d20\land-016-36.png'
01:12.640  render           | Saved: 'E:\Games\Epsilon\_retail_\Interface\AddOns\Omega_Hub\Modules\Dice\Media\Smooth\d20\land-016-37.png'
01:12.718  render           | Saved: 'E:\Games\Epsilon\_retail_\Interface\AddOns\Omega_Hub\Modules\Dice\Media\Smooth\d20\land-016-38.png'
01:12.812  render           | Saved: 'E:\Games\Epsilon\_retail_\Interface\AddOns\Omega_Hub\Modules\Dice\Media\Smooth\d20\land-016-39.png'
01:12.921  render           | Saved: 'E:\Games\Epsilon\_retail_\Interface\AddOns\Omega_Hub\Modules\Dice\Media\Smooth\d20\land-016-40.png'
01:12.984  render           | Saved: 'E:\Games\Epsilon\_retail_\Interface\AddOns\Omega_Hub\Modules\Dice\Media\Smooth\d20\land-016-41.png'
01:13.046  render           | Saved: 'E:\Games\Epsilon\_retail_\Interface\AddOns\Omega_Hub\Modules\Dice\Media\Smooth\d20\land-016-42.png'
01:13.109  render           | Saved: 'E:\Games\Epsilon\_retail_\Interface\AddOns\Omega_Hub\Modules\Dice\Media\Smooth\d20\land-016-43.png'
01:13.218  render           | Saved: 'E:\Games\Epsilon\_retail_\Interface\AddOns\Omega_Hub\Modules\Dice\Media\Smooth\d20\land-016-44.png'
01:13.281  render           | Saved: 'E:\Games\Epsilon\_retail_\Interface\AddOns\Omega_Hub\Modules\Dice\Media\Smooth\d20\land-016-45.png'
01:13.343  render           | Saved: 'E:\Games\Epsilon\_retail_\Interface\AddOns\Omega_Hub\Modules\Dice\Media\Smooth\d20\land-016-46.png'
01:13.453  render           | Saved: 'E:\Games\Epsilon\_retail_\Interface\AddOns\Omega_Hub\Modules\Dice\Media\Smooth\d20\land-016-47.png'
01:13.500  render           | Saved: 'E:\Games\Epsilon\_retail_\Interface\AddOns\Omega_Hub\Modules\Dice\Media\Smooth\d20\land-017-00.png'
01:13.578  render           | Saved: 'E:\Games\Epsilon\_retail_\Interface\AddOns\Omega_Hub\Modules\Dice\Media\Smooth\d20\land-017-01.png'
01:13.625  render           | Saved: 'E:\Games\Epsilon\_retail_\Interface\AddOns\Omega_Hub\Modules\Dice\Media\Smooth\d20\land-017-02.png'
01:13.750  render           | Saved: 'E:\Games\Epsilon\_retail_\Interface\AddOns\Omega_Hub\Modules\Dice\Media\Smooth\d20\land-017-03.png'
01:13.843  render           | Saved: 'E:\Games\Epsilon\_retail_\Interface\AddOns\Omega_Hub\Modules\Dice\Media\Smooth\d20\land-017-04.png'
01:13.953  render           | Saved: 'E:\Games\Epsilon\_retail_\Interface\AddOns\Omega_Hub\Modules\Dice\Media\Smooth\d20\land-017-05.png'
01:14.015  render           | Saved: 'E:\Games\Epsilon\_retail_\Interface\AddOns\Omega_Hub\Modules\Dice\Media\Smooth\d20\land-017-06.png'
01:14.109  render           | Saved: 'E:\Games\Epsilon\_retail_\Interface\AddOns\Omega_Hub\Modules\Dice\Media\Smooth\d20\land-017-07.png'
01:14.218  render           | Saved: 'E:\Games\Epsilon\_retail_\Interface\AddOns\Omega_Hub\Modules\Dice\Media\Smooth\d20\land-017-08.png'
01:14.281  render           | Saved: 'E:\Games\Epsilon\_retail_\Interface\AddOns\Omega_Hub\Modules\Dice\Media\Smooth\d20\land-017-09.png'
01:14.375  render           | Saved: 'E:\Games\Epsilon\_retail_\Interface\AddOns\Omega_Hub\Modules\Dice\Media\Smooth\d20\land-017-10.png'
01:14.484  render           | Saved: 'E:\Games\Epsilon\_retail_\Interface\AddOns\Omega_Hub\Modules\Dice\Media\Smooth\d20\land-017-11.png'
01:14.593  render           | Saved: 'E:\Games\Epsilon\_retail_\Interface\AddOns\Omega_Hub\Modules\Dice\Media\Smooth\d20\land-017-12.png'
01:14.656  render           | Saved: 'E:\Games\Epsilon\_retail_\Interface\AddOns\Omega_Hub\Modules\Dice\Media\Smooth\d20\land-017-13.png'
01:14.750  render           | Saved: 'E:\Games\Epsilon\_retail_\Interface\AddOns\Omega_Hub\Modules\Dice\Media\Smooth\d20\land-017-14.png'
01:14.859  render           | Saved: 'E:\Games\Epsilon\_retail_\Interface\AddOns\Omega_Hub\Modules\Dice\Media\Smooth\d20\land-017-15.png'
01:14.937  render           | Saved: 'E:\Games\Epsilon\_retail_\Interface\AddOns\Omega_Hub\Modules\Dice\Media\Smooth\d20\land-017-16.png'
01:15.015  render           | Saved: 'E:\Games\Epsilon\_retail_\Interface\AddOns\Omega_Hub\Modules\Dice\Media\Smooth\d20\land-017-17.png'
01:15.125  render           | Saved: 'E:\Games\Epsilon\_retail_\Interface\AddOns\Omega_Hub\Modules\Dice\Media\Smooth\d20\land-017-18.png'
01:15.234  render           | Saved: 'E:\Games\Epsilon\_retail_\Interface\AddOns\Omega_Hub\Modules\Dice\Media\Smooth\d20\land-017-19.png'
01:15.281  render           | Saved: 'E:\Games\Epsilon\_retail_\Interface\AddOns\Omega_Hub\Modules\Dice\Media\Smooth\d20\land-017-20.png'
01:15.390  render           | Saved: 'E:\Games\Epsilon\_retail_\Interface\AddOns\Omega_Hub\Modules\Dice\Media\Smooth\d20\land-017-21.png'
01:15.453  render           | Saved: 'E:\Games\Epsilon\_retail_\Interface\AddOns\Omega_Hub\Modules\Dice\Media\Smooth\d20\land-017-22.png'
01:15.515  render           | Saved: 'E:\Games\Epsilon\_retail_\Interface\AddOns\Omega_Hub\Modules\Dice\Media\Smooth\d20\land-017-23.png'
01:15.625  render           | Saved: 'E:\Games\Epsilon\_retail_\Interface\AddOns\Omega_Hub\Modules\Dice\Media\Smooth\d20\land-017-24.png'
01:15.687  render           | Saved: 'E:\Games\Epsilon\_retail_\Interface\AddOns\Omega_Hub\Modules\Dice\Media\Smooth\d20\land-017-25.png'
01:15.781  render           | Saved: 'E:\Games\Epsilon\_retail_\Interface\AddOns\Omega_Hub\Modules\Dice\Media\Smooth\d20\land-017-26.png'
01:15.906  render           | Saved: 'E:\Games\Epsilon\_retail_\Interface\AddOns\Omega_Hub\Modules\Dice\Media\Smooth\d20\land-017-27.png'
01:16.031  render           | Saved: 'E:\Games\Epsilon\_retail_\Interface\AddOns\Omega_Hub\Modules\Dice\Media\Smooth\d20\land-017-28.png'
01:16.140  render           | Saved: 'E:\Games\Epsilon\_retail_\Interface\AddOns\Omega_Hub\Modules\Dice\Media\Smooth\d20\land-017-29.png'
01:16.203  render           | Saved: 'E:\Games\Epsilon\_retail_\Interface\AddOns\Omega_Hub\Modules\Dice\Media\Smooth\d20\land-017-30.png'
01:16.312  render           | Saved: 'E:\Games\Epsilon\_retail_\Interface\AddOns\Omega_Hub\Modules\Dice\Media\Smooth\d20\land-017-31.png'
01:16.437  render           | Saved: 'E:\Games\Epsilon\_retail_\Interface\AddOns\Omega_Hub\Modules\Dice\Media\Smooth\d20\land-017-32.png'
01:16.546  render           | Saved: 'E:\Games\Epsilon\_retail_\Interface\AddOns\Omega_Hub\Modules\Dice\Media\Smooth\d20\land-017-33.png'
01:16.593  render           | Saved: 'E:\Games\Epsilon\_retail_\Interface\AddOns\Omega_Hub\Modules\Dice\Media\Smooth\d20\land-017-34.png'
01:16.703  render           | Saved: 'E:\Games\Epsilon\_retail_\Interface\AddOns\Omega_Hub\Modules\Dice\Media\Smooth\d20\land-017-35.png'
01:16.781  render           | Saved: 'E:\Games\Epsilon\_retail_\Interface\AddOns\Omega_Hub\Modules\Dice\Media\Smooth\d20\land-017-36.png'
01:16.859  render           | Saved: 'E:\Games\Epsilon\_retail_\Interface\AddOns\Omega_Hub\Modules\Dice\Media\Smooth\d20\land-017-37.png'
01:16.937  render           | Saved: 'E:\Games\Epsilon\_retail_\Interface\AddOns\Omega_Hub\Modules\Dice\Media\Smooth\d20\land-017-38.png'
01:17.015  render           | Saved: 'E:\Games\Epsilon\_retail_\Interface\AddOns\Omega_Hub\Modules\Dice\Media\Smooth\d20\land-017-39.png'
01:17.109  render           | Saved: 'E:\Games\Epsilon\_retail_\Interface\AddOns\Omega_Hub\Modules\Dice\Media\Smooth\d20\land-017-40.png'
01:17.218  render           | Saved: 'E:\Games\Epsilon\_retail_\Interface\AddOns\Omega_Hub\Modules\Dice\Media\Smooth\d20\land-017-41.png'
01:17.328  render           | Saved: 'E:\Games\Epsilon\_retail_\Interface\AddOns\Omega_Hub\Modules\Dice\Media\Smooth\d20\land-017-42.png'
01:17.390  render           | Saved: 'E:\Games\Epsilon\_retail_\Interface\AddOns\Omega_Hub\Modules\Dice\Media\Smooth\d20\land-017-43.png'
01:17.484  render           | Saved: 'E:\Games\Epsilon\_retail_\Interface\AddOns\Omega_Hub\Modules\Dice\Media\Smooth\d20\land-017-44.png'
01:17.562  render           | Saved: 'E:\Games\Epsilon\_retail_\Interface\AddOns\Omega_Hub\Modules\Dice\Media\Smooth\d20\land-017-45.png'
01:17.640  render           | Saved: 'E:\Games\Epsilon\_retail_\Interface\AddOns\Omega_Hub\Modules\Dice\Media\Smooth\d20\land-017-46.png'
01:17.765  render           | Saved: 'E:\Games\Epsilon\_retail_\Interface\AddOns\Omega_Hub\Modules\Dice\Media\Smooth\d20\land-017-47.png'
01:17.828  render           | Saved: 'E:\Games\Epsilon\_retail_\Interface\AddOns\Omega_Hub\Modules\Dice\Media\Smooth\d20\land-018-00.png'
01:17.921  render           | Saved: 'E:\Games\Epsilon\_retail_\Interface\AddOns\Omega_Hub\Modules\Dice\Media\Smooth\d20\land-018-01.png'
01:18.046  render           | Saved: 'E:\Games\Epsilon\_retail_\Interface\AddOns\Omega_Hub\Modules\Dice\Media\Smooth\d20\land-018-02.png'
01:18.171  render           | Saved: 'E:\Games\Epsilon\_retail_\Interface\AddOns\Omega_Hub\Modules\Dice\Media\Smooth\d20\land-018-03.png'
01:18.250  render           | Saved: 'E:\Games\Epsilon\_retail_\Interface\AddOns\Omega_Hub\Modules\Dice\Media\Smooth\d20\land-018-04.png'
01:18.312  render           | Saved: 'E:\Games\Epsilon\_retail_\Interface\AddOns\Omega_Hub\Modules\Dice\Media\Smooth\d20\land-018-05.png'
01:18.390  render           | Saved: 'E:\Games\Epsilon\_retail_\Interface\AddOns\Omega_Hub\Modules\Dice\Media\Smooth\d20\land-018-06.png'
01:18.453  render           | Saved: 'E:\Games\Epsilon\_retail_\Interface\AddOns\Omega_Hub\Modules\Dice\Media\Smooth\d20\land-018-07.png'
01:18.546  render           | Saved: 'E:\Games\Epsilon\_retail_\Interface\AddOns\Omega_Hub\Modules\Dice\Media\Smooth\d20\land-018-08.png'
01:18.625  render           | Saved: 'E:\Games\Epsilon\_retail_\Interface\AddOns\Omega_Hub\Modules\Dice\Media\Smooth\d20\land-018-09.png'
01:18.718  render           | Saved: 'E:\Games\Epsilon\_retail_\Interface\AddOns\Omega_Hub\Modules\Dice\Media\Smooth\d20\land-018-10.png'
01:18.781  render           | Saved: 'E:\Games\Epsilon\_retail_\Interface\AddOns\Omega_Hub\Modules\Dice\Media\Smooth\d20\land-018-11.png'
01:18.859  render           | Saved: 'E:\Games\Epsilon\_retail_\Interface\AddOns\Omega_Hub\Modules\Dice\Media\Smooth\d20\land-018-12.png'
01:18.921  render           | Saved: 'E:\Games\Epsilon\_retail_\Interface\AddOns\Omega_Hub\Modules\Dice\Media\Smooth\d20\land-018-13.png'
01:18.984  render           | Saved: 'E:\Games\Epsilon\_retail_\Interface\AddOns\Omega_Hub\Modules\Dice\Media\Smooth\d20\land-018-14.png'
01:19.078  render           | Saved: 'E:\Games\Epsilon\_retail_\Interface\AddOns\Omega_Hub\Modules\Dice\Media\Smooth\d20\land-018-15.png'
01:19.156  render           | Saved: 'E:\Games\Epsilon\_retail_\Interface\AddOns\Omega_Hub\Modules\Dice\Media\Smooth\d20\land-018-16.png'
01:19.234  render           | Saved: 'E:\Games\Epsilon\_retail_\Interface\AddOns\Omega_Hub\Modules\Dice\Media\Smooth\d20\land-018-17.png'
01:19.328  render           | Saved: 'E:\Games\Epsilon\_retail_\Interface\AddOns\Omega_Hub\Modules\Dice\Media\Smooth\d20\land-018-18.png'
01:19.390  render           | Saved: 'E:\Games\Epsilon\_retail_\Interface\AddOns\Omega_Hub\Modules\Dice\Media\Smooth\d20\land-018-19.png'
01:19.484  render           | Saved: 'E:\Games\Epsilon\_retail_\Interface\AddOns\Omega_Hub\Modules\Dice\Media\Smooth\d20\land-018-20.png'
01:19.562  render           | Saved: 'E:\Games\Epsilon\_retail_\Interface\AddOns\Omega_Hub\Modules\Dice\Media\Smooth\d20\land-018-21.png'
01:19.656  render           | Saved: 'E:\Games\Epsilon\_retail_\Interface\AddOns\Omega_Hub\Modules\Dice\Media\Smooth\d20\land-018-22.png'
01:19.765  render           | Saved: 'E:\Games\Epsilon\_retail_\Interface\AddOns\Omega_Hub\Modules\Dice\Media\Smooth\d20\land-018-23.png'
01:19.828  render           | Saved: 'E:\Games\Epsilon\_retail_\Interface\AddOns\Omega_Hub\Modules\Dice\Media\Smooth\d20\land-018-24.png'
01:19.906  render           | Saved: 'E:\Games\Epsilon\_retail_\Interface\AddOns\Omega_Hub\Modules\Dice\Media\Smooth\d20\land-018-25.png'
01:19.968  render           | Saved: 'E:\Games\Epsilon\_retail_\Interface\AddOns\Omega_Hub\Modules\Dice\Media\Smooth\d20\land-018-26.png'
01:20.031  render           | Saved: 'E:\Games\Epsilon\_retail_\Interface\AddOns\Omega_Hub\Modules\Dice\Media\Smooth\d20\land-018-27.png'
01:20.125  render           | Saved: 'E:\Games\Epsilon\_retail_\Interface\AddOns\Omega_Hub\Modules\Dice\Media\Smooth\d20\land-018-28.png'
01:20.218  render           | Saved: 'E:\Games\Epsilon\_retail_\Interface\AddOns\Omega_Hub\Modules\Dice\Media\Smooth\d20\land-018-29.png'
01:20.296  render           | Saved: 'E:\Games\Epsilon\_retail_\Interface\AddOns\Omega_Hub\Modules\Dice\Media\Smooth\d20\land-018-30.png'
01:20.390  render           | Saved: 'E:\Games\Epsilon\_retail_\Interface\AddOns\Omega_Hub\Modules\Dice\Media\Smooth\d20\land-018-31.png'
01:20.437  render           | Saved: 'E:\Games\Epsilon\_retail_\Interface\AddOns\Omega_Hub\Modules\Dice\Media\Smooth\d20\land-018-32.png'
01:20.515  render           | Saved: 'E:\Games\Epsilon\_retail_\Interface\AddOns\Omega_Hub\Modules\Dice\Media\Smooth\d20\land-018-33.png'
01:20.562  render           | Saved: 'E:\Games\Epsilon\_retail_\Interface\AddOns\Omega_Hub\Modules\Dice\Media\Smooth\d20\land-018-34.png'
01:20.671  render           | Saved: 'E:\Games\Epsilon\_retail_\Interface\AddOns\Omega_Hub\Modules\Dice\Media\Smooth\d20\land-018-35.png'
01:20.734  render           | Saved: 'E:\Games\Epsilon\_retail_\Interface\AddOns\Omega_Hub\Modules\Dice\Media\Smooth\d20\land-018-36.png'
01:20.812  render           | Saved: 'E:\Games\Epsilon\_retail_\Interface\AddOns\Omega_Hub\Modules\Dice\Media\Smooth\d20\land-018-37.png'
01:20.921  render           | Saved: 'E:\Games\Epsilon\_retail_\Interface\AddOns\Omega_Hub\Modules\Dice\Media\Smooth\d20\land-018-38.png'
01:21.015  render           | Saved: 'E:\Games\Epsilon\_retail_\Interface\AddOns\Omega_Hub\Modules\Dice\Media\Smooth\d20\land-018-39.png'
01:21.093  render           | Saved: 'E:\Games\Epsilon\_retail_\Interface\AddOns\Omega_Hub\Modules\Dice\Media\Smooth\d20\land-018-40.png'
01:21.218  render           | Saved: 'E:\Games\Epsilon\_retail_\Interface\AddOns\Omega_Hub\Modules\Dice\Media\Smooth\d20\land-018-41.png'
01:21.312  render           | Saved: 'E:\Games\Epsilon\_retail_\Interface\AddOns\Omega_Hub\Modules\Dice\Media\Smooth\d20\land-018-42.png'
01:21.375  render           | Saved: 'E:\Games\Epsilon\_retail_\Interface\AddOns\Omega_Hub\Modules\Dice\Media\Smooth\d20\land-018-43.png'
01:21.468  render           | Saved: 'E:\Games\Epsilon\_retail_\Interface\AddOns\Omega_Hub\Modules\Dice\Media\Smooth\d20\land-018-44.png'
01:21.531  render           | Saved: 'E:\Games\Epsilon\_retail_\Interface\AddOns\Omega_Hub\Modules\Dice\Media\Smooth\d20\land-018-45.png'
01:21.609  render           | Saved: 'E:\Games\Epsilon\_retail_\Interface\AddOns\Omega_Hub\Modules\Dice\Media\Smooth\d20\land-018-46.png'
01:21.718  render           | Saved: 'E:\Games\Epsilon\_retail_\Interface\AddOns\Omega_Hub\Modules\Dice\Media\Smooth\d20\land-018-47.png'
01:21.781  render           | Saved: 'E:\Games\Epsilon\_retail_\Interface\AddOns\Omega_Hub\Modules\Dice\Media\Smooth\d20\land-019-00.png'
01:21.859  render           | Saved: 'E:\Games\Epsilon\_retail_\Interface\AddOns\Omega_Hub\Modules\Dice\Media\Smooth\d20\land-019-01.png'
01:21.968  render           | Saved: 'E:\Games\Epsilon\_retail_\Interface\AddOns\Omega_Hub\Modules\Dice\Media\Smooth\d20\land-019-02.png'
01:22.062  render           | Saved: 'E:\Games\Epsilon\_retail_\Interface\AddOns\Omega_Hub\Modules\Dice\Media\Smooth\d20\land-019-03.png'
01:22.140  render           | Saved: 'E:\Games\Epsilon\_retail_\Interface\AddOns\Omega_Hub\Modules\Dice\Media\Smooth\d20\land-019-04.png'
01:22.203  render           | Saved: 'E:\Games\Epsilon\_retail_\Interface\AddOns\Omega_Hub\Modules\Dice\Media\Smooth\d20\land-019-05.png'
01:22.281  render           | Saved: 'E:\Games\Epsilon\_retail_\Interface\AddOns\Omega_Hub\Modules\Dice\Media\Smooth\d20\land-019-06.png'
01:22.343  render           | Saved: 'E:\Games\Epsilon\_retail_\Interface\AddOns\Omega_Hub\Modules\Dice\Media\Smooth\d20\land-019-07.png'
01:22.453  render           | Saved: 'E:\Games\Epsilon\_retail_\Interface\AddOns\Omega_Hub\Modules\Dice\Media\Smooth\d20\land-019-08.png'
01:22.546  render           | Saved: 'E:\Games\Epsilon\_retail_\Interface\AddOns\Omega_Hub\Modules\Dice\Media\Smooth\d20\land-019-09.png'
01:22.640  render           | Saved: 'E:\Games\Epsilon\_retail_\Interface\AddOns\Omega_Hub\Modules\Dice\Media\Smooth\d20\land-019-10.png'
01:22.703  render           | Saved: 'E:\Games\Epsilon\_retail_\Interface\AddOns\Omega_Hub\Modules\Dice\Media\Smooth\d20\land-019-11.png'
01:22.781  render           | Saved: 'E:\Games\Epsilon\_retail_\Interface\AddOns\Omega_Hub\Modules\Dice\Media\Smooth\d20\land-019-12.png'
01:22.843  render           | Saved: 'E:\Games\Epsilon\_retail_\Interface\AddOns\Omega_Hub\Modules\Dice\Media\Smooth\d20\land-019-13.png'
01:22.953  render           | Saved: 'E:\Games\Epsilon\_retail_\Interface\AddOns\Omega_Hub\Modules\Dice\Media\Smooth\d20\land-019-14.png'
01:23.046  render           | Saved: 'E:\Games\Epsilon\_retail_\Interface\AddOns\Omega_Hub\Modules\Dice\Media\Smooth\d20\land-019-15.png'
01:23.109  render           | Saved: 'E:\Games\Epsilon\_retail_\Interface\AddOns\Omega_Hub\Modules\Dice\Media\Smooth\d20\land-019-16.png'
01:23.171  render           | Saved: 'E:\Games\Epsilon\_retail_\Interface\AddOns\Omega_Hub\Modules\Dice\Media\Smooth\d20\land-019-17.png'
01:23.250  render           | Saved: 'E:\Games\Epsilon\_retail_\Interface\AddOns\Omega_Hub\Modules\Dice\Media\Smooth\d20\land-019-18.png'
01:23.375  render           | Saved: 'E:\Games\Epsilon\_retail_\Interface\AddOns\Omega_Hub\Modules\Dice\Media\Smooth\d20\land-019-19.png'
01:23.437  render           | Saved: 'E:\Games\Epsilon\_retail_\Interface\AddOns\Omega_Hub\Modules\Dice\Media\Smooth\d20\land-019-20.png'
01:23.500  render           | Saved: 'E:\Games\Epsilon\_retail_\Interface\AddOns\Omega_Hub\Modules\Dice\Media\Smooth\d20\land-019-21.png'
01:23.562  render           | Saved: 'E:\Games\Epsilon\_retail_\Interface\AddOns\Omega_Hub\Modules\Dice\Media\Smooth\d20\land-019-22.png'
01:23.640  render           | Saved: 'E:\Games\Epsilon\_retail_\Interface\AddOns\Omega_Hub\Modules\Dice\Media\Smooth\d20\land-019-23.png'
01:23.765  render           | Saved: 'E:\Games\Epsilon\_retail_\Interface\AddOns\Omega_Hub\Modules\Dice\Media\Smooth\d20\land-019-24.png'
01:23.843  render           | Saved: 'E:\Games\Epsilon\_retail_\Interface\AddOns\Omega_Hub\Modules\Dice\Media\Smooth\d20\land-019-25.png'
01:23.906  render           | Saved: 'E:\Games\Epsilon\_retail_\Interface\AddOns\Omega_Hub\Modules\Dice\Media\Smooth\d20\land-019-26.png'
01:23.968  render           | Saved: 'E:\Games\Epsilon\_retail_\Interface\AddOns\Omega_Hub\Modules\Dice\Media\Smooth\d20\land-019-27.png'
01:24.031  render           | Saved: 'E:\Games\Epsilon\_retail_\Interface\AddOns\Omega_Hub\Modules\Dice\Media\Smooth\d20\land-019-28.png'
01:24.125  render           | Saved: 'E:\Games\Epsilon\_retail_\Interface\AddOns\Omega_Hub\Modules\Dice\Media\Smooth\d20\land-019-29.png'
01:24.187  render           | Saved: 'E:\Games\Epsilon\_retail_\Interface\AddOns\Omega_Hub\Modules\Dice\Media\Smooth\d20\land-019-30.png'
01:24.250  render           | Saved: 'E:\Games\Epsilon\_retail_\Interface\AddOns\Omega_Hub\Modules\Dice\Media\Smooth\d20\land-019-31.png'
01:24.328  render           | Saved: 'E:\Games\Epsilon\_retail_\Interface\AddOns\Omega_Hub\Modules\Dice\Media\Smooth\d20\land-019-32.png'
01:24.437  render           | Saved: 'E:\Games\Epsilon\_retail_\Interface\AddOns\Omega_Hub\Modules\Dice\Media\Smooth\d20\land-019-33.png'
01:24.515  render           | Saved: 'E:\Games\Epsilon\_retail_\Interface\AddOns\Omega_Hub\Modules\Dice\Media\Smooth\d20\land-019-34.png'
01:24.562  render           | Saved: 'E:\Games\Epsilon\_retail_\Interface\AddOns\Omega_Hub\Modules\Dice\Media\Smooth\d20\land-019-35.png'
01:24.625  render           | Saved: 'E:\Games\Epsilon\_retail_\Interface\AddOns\Omega_Hub\Modules\Dice\Media\Smooth\d20\land-019-36.png'
01:24.687  render           | Saved: 'E:\Games\Epsilon\_retail_\Interface\AddOns\Omega_Hub\Modules\Dice\Media\Smooth\d20\land-019-37.png'
01:24.796  render           | Saved: 'E:\Games\Epsilon\_retail_\Interface\AddOns\Omega_Hub\Modules\Dice\Media\Smooth\d20\land-019-38.png'
01:24.859  render           | Saved: 'E:\Games\Epsilon\_retail_\Interface\AddOns\Omega_Hub\Modules\Dice\Media\Smooth\d20\land-019-39.png'
01:24.953  render           | Saved: 'E:\Games\Epsilon\_retail_\Interface\AddOns\Omega_Hub\Modules\Dice\Media\Smooth\d20\land-019-40.png'
01:25.062  render           | Saved: 'E:\Games\Epsilon\_retail_\Interface\AddOns\Omega_Hub\Modules\Dice\Media\Smooth\d20\land-019-41.png'
01:25.109  render           | Saved: 'E:\Games\Epsilon\_retail_\Interface\AddOns\Omega_Hub\Modules\Dice\Media\Smooth\d20\land-019-42.png'
01:25.187  render           | Saved: 'E:\Games\Epsilon\_retail_\Interface\AddOns\Omega_Hub\Modules\Dice\Media\Smooth\d20\land-019-43.png'
01:25.250  render           | Saved: 'E:\Games\Epsilon\_retail_\Interface\AddOns\Omega_Hub\Modules\Dice\Media\Smooth\d20\land-019-44.png'
01:25.328  render           | Saved: 'E:\Games\Epsilon\_retail_\Interface\AddOns\Omega_Hub\Modules\Dice\Media\Smooth\d20\land-019-45.png'
01:25.390  render           | Saved: 'E:\Games\Epsilon\_retail_\Interface\AddOns\Omega_Hub\Modules\Dice\Media\Smooth\d20\land-019-46.png'
01:25.453  render           | Saved: 'E:\Games\Epsilon\_retail_\Interface\AddOns\Omega_Hub\Modules\Dice\Media\Smooth\d20\land-019-47.png'
01:25.531  render           | Saved: 'E:\Games\Epsilon\_retail_\Interface\AddOns\Omega_Hub\Modules\Dice\Media\Smooth\d20\land-020-00.png'
01:25.578  render           | Saved: 'E:\Games\Epsilon\_retail_\Interface\AddOns\Omega_Hub\Modules\Dice\Media\Smooth\d20\land-020-01.png'
01:25.687  render           | Saved: 'E:\Games\Epsilon\_retail_\Interface\AddOns\Omega_Hub\Modules\Dice\Media\Smooth\d20\land-020-02.png'
01:25.750  render           | Saved: 'E:\Games\Epsilon\_retail_\Interface\AddOns\Omega_Hub\Modules\Dice\Media\Smooth\d20\land-020-03.png'
01:25.828  render           | Saved: 'E:\Games\Epsilon\_retail_\Interface\AddOns\Omega_Hub\Modules\Dice\Media\Smooth\d20\land-020-04.png'
01:25.937  render           | Saved: 'E:\Games\Epsilon\_retail_\Interface\AddOns\Omega_Hub\Modules\Dice\Media\Smooth\d20\land-020-05.png'
01:26.000  render           | Saved: 'E:\Games\Epsilon\_retail_\Interface\AddOns\Omega_Hub\Modules\Dice\Media\Smooth\d20\land-020-06.png'
01:26.078  render           | Saved: 'E:\Games\Epsilon\_retail_\Interface\AddOns\Omega_Hub\Modules\Dice\Media\Smooth\d20\land-020-07.png'
01:26.140  render           | Saved: 'E:\Games\Epsilon\_retail_\Interface\AddOns\Omega_Hub\Modules\Dice\Media\Smooth\d20\land-020-08.png'
01:26.218  render           | Saved: 'E:\Games\Epsilon\_retail_\Interface\AddOns\Omega_Hub\Modules\Dice\Media\Smooth\d20\land-020-09.png'
01:26.312  render           | Saved: 'E:\Games\Epsilon\_retail_\Interface\AddOns\Omega_Hub\Modules\Dice\Media\Smooth\d20\land-020-10.png'
01:26.375  render           | Saved: 'E:\Games\Epsilon\_retail_\Interface\AddOns\Omega_Hub\Modules\Dice\Media\Smooth\d20\land-020-11.png'
01:26.468  render           | Saved: 'E:\Games\Epsilon\_retail_\Interface\AddOns\Omega_Hub\Modules\Dice\Media\Smooth\d20\land-020-12.png'
01:26.531  render           | Saved: 'E:\Games\Epsilon\_retail_\Interface\AddOns\Omega_Hub\Modules\Dice\Media\Smooth\d20\land-020-13.png'
01:26.609  render           | Saved: 'E:\Games\Epsilon\_retail_\Interface\AddOns\Omega_Hub\Modules\Dice\Media\Smooth\d20\land-020-14.png'
01:26.687  render           | Saved: 'E:\Games\Epsilon\_retail_\Interface\AddOns\Omega_Hub\Modules\Dice\Media\Smooth\d20\land-020-15.png'
01:26.734  render           | Saved: 'E:\Games\Epsilon\_retail_\Interface\AddOns\Omega_Hub\Modules\Dice\Media\Smooth\d20\land-020-16.png'
01:26.843  render           | Saved: 'E:\Games\Epsilon\_retail_\Interface\AddOns\Omega_Hub\Modules\Dice\Media\Smooth\d20\land-020-17.png'
01:26.906  render           | Saved: 'E:\Games\Epsilon\_retail_\Interface\AddOns\Omega_Hub\Modules\Dice\Media\Smooth\d20\land-020-18.png'
01:26.968  render           | Saved: 'E:\Games\Epsilon\_retail_\Interface\AddOns\Omega_Hub\Modules\Dice\Media\Smooth\d20\land-020-19.png'
01:27.031  render           | Saved: 'E:\Games\Epsilon\_retail_\Interface\AddOns\Omega_Hub\Modules\Dice\Media\Smooth\d20\land-020-20.png'
01:27.109  render           | Saved: 'E:\Games\Epsilon\_retail_\Interface\AddOns\Omega_Hub\Modules\Dice\Media\Smooth\d20\land-020-21.png'
01:27.156  render           | Saved: 'E:\Games\Epsilon\_retail_\Interface\AddOns\Omega_Hub\Modules\Dice\Media\Smooth\d20\land-020-22.png'
01:27.234  render           | Saved: 'E:\Games\Epsilon\_retail_\Interface\AddOns\Omega_Hub\Modules\Dice\Media\Smooth\d20\land-020-23.png'
01:27.312  render           | Saved: 'E:\Games\Epsilon\_retail_\Interface\AddOns\Omega_Hub\Modules\Dice\Media\Smooth\d20\land-020-24.png'
01:27.390  render           | Saved: 'E:\Games\Epsilon\_retail_\Interface\AddOns\Omega_Hub\Modules\Dice\Media\Smooth\d20\land-020-25.png'
01:27.468  render           | Saved: 'E:\Games\Epsilon\_retail_\Interface\AddOns\Omega_Hub\Modules\Dice\Media\Smooth\d20\land-020-26.png'
01:27.546  render           | Saved: 'E:\Games\Epsilon\_retail_\Interface\AddOns\Omega_Hub\Modules\Dice\Media\Smooth\d20\land-020-27.png'
01:27.656  render           | Saved: 'E:\Games\Epsilon\_retail_\Interface\AddOns\Omega_Hub\Modules\Dice\Media\Smooth\d20\land-020-28.png'
01:27.718  render           | Saved: 'E:\Games\Epsilon\_retail_\Interface\AddOns\Omega_Hub\Modules\Dice\Media\Smooth\d20\land-020-29.png'
01:27.812  render           | Saved: 'E:\Games\Epsilon\_retail_\Interface\AddOns\Omega_Hub\Modules\Dice\Media\Smooth\d20\land-020-30.png'
01:27.906  render           | Saved: 'E:\Games\Epsilon\_retail_\Interface\AddOns\Omega_Hub\Modules\Dice\Media\Smooth\d20\land-020-31.png'
01:28.015  render           | Saved: 'E:\Games\Epsilon\_retail_\Interface\AddOns\Omega_Hub\Modules\Dice\Media\Smooth\d20\land-020-32.png'
01:28.078  render           | Saved: 'E:\Games\Epsilon\_retail_\Interface\AddOns\Omega_Hub\Modules\Dice\Media\Smooth\d20\land-020-33.png'
01:28.171  render           | Saved: 'E:\Games\Epsilon\_retail_\Interface\AddOns\Omega_Hub\Modules\Dice\Media\Smooth\d20\land-020-34.png'
01:28.296  render           | Saved: 'E:\Games\Epsilon\_retail_\Interface\AddOns\Omega_Hub\Modules\Dice\Media\Smooth\d20\land-020-35.png'
01:28.375  render           | Saved: 'E:\Games\Epsilon\_retail_\Interface\AddOns\Omega_Hub\Modules\Dice\Media\Smooth\d20\land-020-36.png'
01:28.453  render           | Saved: 'E:\Games\Epsilon\_retail_\Interface\AddOns\Omega_Hub\Modules\Dice\Media\Smooth\d20\land-020-37.png'
01:28.562  render           | Saved: 'E:\Games\Epsilon\_retail_\Interface\AddOns\Omega_Hub\Modules\Dice\Media\Smooth\d20\land-020-38.png'
01:28.656  render           | Saved: 'E:\Games\Epsilon\_retail_\Interface\AddOns\Omega_Hub\Modules\Dice\Media\Smooth\d20\land-020-39.png'
01:28.718  render           | Saved: 'E:\Games\Epsilon\_retail_\Interface\AddOns\Omega_Hub\Modules\Dice\Media\Smooth\d20\land-020-40.png'
01:28.765  render           | Saved: 'E:\Games\Epsilon\_retail_\Interface\AddOns\Omega_Hub\Modules\Dice\Media\Smooth\d20\land-020-41.png'
01:28.859  render           | Saved: 'E:\Games\Epsilon\_retail_\Interface\AddOns\Omega_Hub\Modules\Dice\Media\Smooth\d20\land-020-42.png'
01:28.953  render           | Saved: 'E:\Games\Epsilon\_retail_\Interface\AddOns\Omega_Hub\Modules\Dice\Media\Smooth\d20\land-020-43.png'
01:29.046  render           | Saved: 'E:\Games\Epsilon\_retail_\Interface\AddOns\Omega_Hub\Modules\Dice\Media\Smooth\d20\land-020-44.png'
01:29.109  render           | Saved: 'E:\Games\Epsilon\_retail_\Interface\AddOns\Omega_Hub\Modules\Dice\Media\Smooth\d20\land-020-45.png'
01:29.218  render           | Saved: 'E:\Games\Epsilon\_retail_\Interface\AddOns\Omega_Hub\Modules\Dice\Media\Smooth\d20\land-020-46.png'
01:29.328  render           | Saved: 'E:\Games\Epsilon\_retail_\Interface\AddOns\Omega_Hub\Modules\Dice\Media\Smooth\d20\land-020-47.png'
Blender 5.0.1 (hash a3db93c5b259 built 2025-12-16 01:32:30)

Blender quit
