E:\Games\Epsilon\_retail_\Interface\AddOns\Omega_Hub\Modules\Dice\Tools\blender_dice.py:24: DeprecationWarning: 'Material.use_nodes' is expected to be removed in Blender 6.0
  mat=bpy.data.materials.new(name);mat.diffuse_color=(*color,1);mat.use_nodes=True
00:02.000  render           | Saved: 'E:\Games\Epsilon\_retail_\Interface\AddOns\Omega_Hub\Modules\Dice\Media\Smooth\d100\roll-00.png'
00:02.391  render           | Saved: 'E:\Games\Epsilon\_retail_\Interface\AddOns\Omega_Hub\Modules\Dice\Media\Smooth\d100\roll-01.png'
00:02.766  render           | Saved: 'E:\Games\Epsilon\_retail_\Interface\AddOns\Omega_Hub\Modules\Dice\Media\Smooth\d100\roll-02.png'
00:03.141  render           | Saved: 'E:\Games\Epsilon\_retail_\Interface\AddOns\Omega_Hub\Modules\Dice\Media\Smooth\d100\roll-03.png'
00:03.625  render           | Saved: 'E:\Games\Epsilon\_retail_\Interface\AddOns\Omega_Hub\Modules\Dice\Media\Smooth\d100\roll-04.png'
00:04.109  render           | Saved: 'E:\Games\Epsilon\_retail_\Interface\AddOns\Omega_Hub\Modules\Dice\Media\Smooth\d100\roll-05.png'
00:04.547  render           | Saved: 'E:\Games\Epsilon\_retail_\Interface\AddOns\Omega_Hub\Modules\Dice\Media\Smooth\d100\roll-06.png'
00:04.969  render           | Saved: 'E:\Games\Epsilon\_retail_\Interface\AddOns\Omega_Hub\Modules\Dice\Media\Smooth\d100\roll-07.png'
00:05.375  render           | Saved: 'E:\Games\Epsilon\_retail_\Interface\AddOns\Omega_Hub\Modules\Dice\Media\Smooth\d100\roll-08.png'
00:05.828  render           | Saved: 'E:\Games\Epsilon\_retail_\Interface\AddOns\Omega_Hub\Modules\Dice\Media\Smooth\d100\roll-09.png'
00:06.234  render           | Saved: 'E:\Games\Epsilon\_retail_\Interface\AddOns\Omega_Hub\Modules\Dice\Media\Smooth\d100\roll-10.png'
00:06.672  render           | Saved: 'E:\Games\Epsilon\_retail_\Interface\AddOns\Omega_Hub\Modules\Dice\Media\Smooth\d100\roll-11.png'
00:07.141  render           | Saved: 'E:\Games\Epsilon\_retail_\Interface\AddOns\Omega_Hub\Modules\Dice\Media\Smooth\d100\roll-12.png'
00:07.625  render           | Saved: 'E:\Games\Epsilon\_retail_\Interface\AddOns\Omega_Hub\Modules\Dice\Media\Smooth\d100\roll-13.png'
00:08.078  render           | Saved: 'E:\Games\Epsilon\_retail_\Interface\AddOns\Omega_Hub\Modules\Dice\Media\Smooth\d100\roll-14.png'
00:08.469  render           | Saved: 'E:\Games\Epsilon\_retail_\Interface\AddOns\Omega_Hub\Modules\Dice\Media\Smooth\d100\roll-15.png'
00:08.828  render           | Saved: 'E:\Games\Epsilon\_retail_\Interface\AddOns\Omega_Hub\Modules\Dice\Media\Smooth\d100\roll-16.png'
00:09.219  render           | Saved: 'E:\Games\Epsilon\_retail_\Interface\AddOns\Omega_Hub\Modules\Dice\Media\Smooth\d100\roll-17.png'
00:09.656  render           | Saved: 'E:\Games\Epsilon\_retail_\Interface\AddOns\Omega_Hub\Modules\Dice\Media\Smooth\d100\roll-18.png'
00:10.062  render           | Saved: 'E:\Games\Epsilon\_retail_\Interface\AddOns\Omega_Hub\Modules\Dice\Media\Smooth\d100\roll-19.png'
00:10.484  render           | Saved: 'E:\Games\Epsilon\_retail_\Interface\AddOns\Omega_Hub\Modules\Dice\Media\Smooth\d100\roll-20.png'
00:10.906  render           | Saved: 'E:\Games\Epsilon\_retail_\Interface\AddOns\Omega_Hub\Modules\Dice\Media\Smooth\d100\roll-21.png'
00:11.297  render           | Saved: 'E:\Games\Epsilon\_retail_\Interface\AddOns\Omega_Hub\Modules\Dice\Media\Smooth\d100\roll-22.png'
00:11.719  render           | Saved: 'E:\Games\Epsilon\_retail_\Interface\AddOns\Omega_Hub\Modules\Dice\Media\Smooth\d100\roll-23.png'
00:12.141  render           | Saved: 'E:\Games\Epsilon\_retail_\Interface\AddOns\Omega_Hub\Modules\Dice\Media\Smooth\d100\roll-24.png'
00:12.531  render           | Saved: 'E:\Games\Epsilon\_retail_\Interface\AddOns\Omega_Hub\Modules\Dice\Media\Smooth\d100\roll-25.png'
00:12.906  render           | Saved: 'E:\Games\Epsilon\_retail_\Interface\AddOns\Omega_Hub\Modules\Dice\Media\Smooth\d100\roll-26.png'
00:13.281  render           | Saved: 'E:\Games\Epsilon\_retail_\Interface\AddOns\Omega_Hub\Modules\Dice\Media\Smooth\d100\roll-27.png'
00:13.719  render           | Saved: 'E:\Games\Epsilon\_retail_\Interface\AddOns\Omega_Hub\Modules\Dice\Media\Smooth\d100\roll-28.png'
00:14.125  render           | Saved: 'E:\Games\Epsilon\_retail_\Interface\AddOns\Omega_Hub\Modules\Dice\Media\Smooth\d100\roll-29.png'
00:14.609  render           | Saved: 'E:\Games\Epsilon\_retail_\Interface\AddOns\Omega_Hub\Modules\Dice\Media\Smooth\d100\roll-30.png'
00:15.016  render           | Saved: 'E:\Games\Epsilon\_retail_\Interface\AddOns\Omega_Hub\Modules\Dice\Media\Smooth\d100\roll-31.png'
00:15.391  render           | Saved: 'E:\Games\Epsilon\_retail_\Interface\AddOns\Omega_Hub\Modules\Dice\Media\Smooth\d100\roll-32.png'
00:15.797  render           | Saved: 'E:\Games\Epsilon\_retail_\Interface\AddOns\Omega_Hub\Modules\Dice\Media\Smooth\d100\roll-33.png'
00:16.203  render           | Saved: 'E:\Games\Epsilon\_retail_\Interface\AddOns\Omega_Hub\Modules\Dice\Media\Smooth\d100\roll-34.png'
00:16.594  render           | Saved: 'E:\Games\Epsilon\_retail_\Interface\AddOns\Omega_Hub\Modules\Dice\Media\Smooth\d100\roll-35.png'
00:17.078  render           | Saved: 'E:\Games\Epsilon\_retail_\Interface\AddOns\Omega_Hub\Modules\Dice\Media\Smooth\d100\roll-36.png'
00:17.484  render           | Saved: 'E:\Games\Epsilon\_retail_\Interface\AddOns\Omega_Hub\Modules\Dice\Media\Smooth\d100\roll-37.png'
00:17.891  render           | Saved: 'E:\Games\Epsilon\_retail_\Interface\AddOns\Omega_Hub\Modules\Dice\Media\Smooth\d100\roll-38.png'
00:18.328  render           | Saved: 'E:\Games\Epsilon\_retail_\Interface\AddOns\Omega_Hub\Modules\Dice\Media\Smooth\d100\roll-39.png'
00:18.719  render           | Saved: 'E:\Games\Epsilon\_retail_\Interface\AddOns\Omega_Hub\Modules\Dice\Media\Smooth\d100\roll-40.png'
00:19.172  render           | Saved: 'E:\Games\Epsilon\_retail_\Interface\AddOns\Omega_Hub\Modules\Dice\Media\Smooth\d100\roll-41.png'
00:19.562  render           | Saved: 'E:\Games\Epsilon\_retail_\Interface\AddOns\Omega_Hub\Modules\Dice\Media\Smooth\d100\roll-42.png'
00:19.984  render           | Saved: 'E:\Games\Epsilon\_retail_\Interface\AddOns\Omega_Hub\Modules\Dice\Media\Smooth\d100\roll-43.png'
00:20.391  render           | Saved: 'E:\Games\Epsilon\_retail_\Interface\AddOns\Omega_Hub\Modules\Dice\Media\Smooth\d100\roll-44.png'
00:20.766  render           | Saved: 'E:\Games\Epsilon\_retail_\Interface\AddOns\Omega_Hub\Modules\Dice\Media\Smooth\d100\roll-45.png'
00:21.172  render           | Saved: 'E:\Games\Epsilon\_retail_\Interface\AddOns\Omega_Hub\Modules\Dice\Media\Smooth\d100\roll-46.png'
00:21.562  render           | Saved: 'E:\Games\Epsilon\_retail_\Interface\AddOns\Omega_Hub\Modules\Dice\Media\Smooth\d100\roll-47.png'
00:21.984  render           | Saved: 'E:\Games\Epsilon\_retail_\Interface\AddOns\Omega_Hub\Modules\Dice\Media\Smooth\d100\roll-48.png'
00:22.375  render           | Saved: 'E:\Games\Epsilon\_retail_\Interface\AddOns\Omega_Hub\Modules\Dice\Media\Smooth\d100\roll-49.png'
00:22.781  render           | Saved: 'E:\Games\Epsilon\_retail_\Interface\AddOns\Omega_Hub\Modules\Dice\Media\Smooth\d100\roll-50.png'
00:23.187  render           | Saved: 'E:\Games\Epsilon\_retail_\Interface\AddOns\Omega_Hub\Modules\Dice\Media\Smooth\d100\roll-51.png'
00:23.609  render           | Saved: 'E:\Games\Epsilon\_retail_\Interface\AddOns\Omega_Hub\Modules\Dice\Media\Smooth\d100\roll-52.png'
00:23.984  render           | Saved: 'E:\Games\Epsilon\_retail_\Interface\AddOns\Omega_Hub\Modules\Dice\Media\Smooth\d100\roll-53.png'
00:24.375  render           | Saved: 'E:\Games\Epsilon\_retail_\Interface\AddOns\Omega_Hub\Modules\Dice\Media\Smooth\d100\roll-54.png'
00:24.844  render           | Saved: 'E:\Games\Epsilon\_retail_\Interface\AddOns\Omega_Hub\Modules\Dice\Media\Smooth\d100\roll-55.png'
00:25.281  render           | Saved: 'E:\Games\Epsilon\_retail_\Interface\AddOns\Omega_Hub\Modules\Dice\Media\Smooth\d100\roll-56.png'
00:25.703  render           | Saved: 'E:\Games\Epsilon\_retail_\Interface\AddOns\Omega_Hub\Modules\Dice\Media\Smooth\d100\roll-57.png'
00:26.125  render           | Saved: 'E:\Games\Epsilon\_retail_\Interface\AddOns\Omega_Hub\Modules\Dice\Media\Smooth\d100\roll-58.png'
00:26.484  render           | Saved: 'E:\Games\Epsilon\_retail_\Interface\AddOns\Omega_Hub\Modules\Dice\Media\Smooth\d100\roll-59.png'
00:26.875  render           | Saved: 'E:\Games\Epsilon\_retail_\Interface\AddOns\Omega_Hub\Modules\Dice\Media\Smooth\d100\roll-60.png'
00:27.281  render           | Saved: 'E:\Games\Epsilon\_retail_\Interface\AddOns\Omega_Hub\Modules\Dice\Media\Smooth\d100\roll-61.png'
00:27.672  render           | Saved: 'E:\Games\Epsilon\_retail_\Interface\AddOns\Omega_Hub\Modules\Dice\Media\Smooth\d100\roll-62.png'
00:28.031  render           | Saved: 'E:\Games\Epsilon\_retail_\Interface\AddOns\Omega_Hub\Modules\Dice\Media\Smooth\d100\roll-63.png'
00:28.422  render           | Saved: 'E:\Games\Epsilon\_retail_\Interface\AddOns\Omega_Hub\Modules\Dice\Media\Smooth\d100\roll-64.png'
00:28.766  render           | Saved: 'E:\Games\Epsilon\_retail_\Interface\AddOns\Omega_Hub\Modules\Dice\Media\Smooth\d100\roll-65.png'
00:29.172  render           | Saved: 'E:\Games\Epsilon\_retail_\Interface\AddOns\Omega_Hub\Modules\Dice\Media\Smooth\d100\roll-66.png'
00:29.594  render           | Saved: 'E:\Games\Epsilon\_retail_\Interface\AddOns\Omega_Hub\Modules\Dice\Media\Smooth\d100\roll-67.png'
00:29.969  render           | Saved: 'E:\Games\Epsilon\_retail_\Interface\AddOns\Omega_Hub\Modules\Dice\Media\Smooth\d100\roll-68.png'
00:30.375  render           | Saved: 'E:\Games\Epsilon\_retail_\Interface\AddOns\Omega_Hub\Modules\Dice\Media\Smooth\d100\roll-69.png'
00:30.766  render           | Saved: 'E:\Games\Epsilon\_retail_\Interface\AddOns\Omega_Hub\Modules\Dice\Media\Smooth\d100\roll-70.png'
00:31.125  render           | Saved: 'E:\Games\Epsilon\_retail_\Interface\AddOns\Omega_Hub\Modules\Dice\Media\Smooth\d100\roll-71.png'
00:31.484  render           | Saved: 'E:\Games\Epsilon\_retail_\Interface\AddOns\Omega_Hub\Modules\Dice\Media\Smooth\d100\roll-72.png'
00:31.844  render           | Saved: 'E:\Games\Epsilon\_retail_\Interface\AddOns\Omega_Hub\Modules\Dice\Media\Smooth\d100\roll-73.png'
00:32.312  render           | Saved: 'E:\Games\Epsilon\_retail_\Interface\AddOns\Omega_Hub\Modules\Dice\Media\Smooth\d100\roll-74.png'
00:32.719  render           | Saved: 'E:\Games\Epsilon\_retail_\Interface\AddOns\Omega_Hub\Modules\Dice\Media\Smooth\d100\roll-75.png'
00:33.125  render           | Saved: 'E:\Games\Epsilon\_retail_\Interface\AddOns\Omega_Hub\Modules\Dice\Media\Smooth\d100\roll-76.png'
00:33.531  render           | Saved: 'E:\Games\Epsilon\_retail_\Interface\AddOns\Omega_Hub\Modules\Dice\Media\Smooth\d100\roll-77.png'
00:33.922  render           | Saved: 'E:\Games\Epsilon\_retail_\Interface\AddOns\Omega_Hub\Modules\Dice\Media\Smooth\d100\roll-78.png'
00:34.344  render           | Saved: 'E:\Games\Epsilon\_retail_\Interface\AddOns\Omega_Hub\Modules\Dice\Media\Smooth\d100\roll-79.png'
00:34.719  render           | Saved: 'E:\Games\Epsilon\_retail_\Interface\AddOns\Omega_Hub\Modules\Dice\Media\Smooth\d100\roll-80.png'
00:35.141  render           | Saved: 'E:\Games\Epsilon\_retail_\Interface\AddOns\Omega_Hub\Modules\Dice\Media\Smooth\d100\roll-81.png'
00:35.562  render           | Saved: 'E:\Games\Epsilon\_retail_\Interface\AddOns\Omega_Hub\Modules\Dice\Media\Smooth\d100\roll-82.png'
00:35.953  render           | Saved: 'E:\Games\Epsilon\_retail_\Interface\AddOns\Omega_Hub\Modules\Dice\Media\Smooth\d100\roll-83.png'
00:36.406  render           | Saved: 'E:\Games\Epsilon\_retail_\Interface\AddOns\Omega_Hub\Modules\Dice\Media\Smooth\d100\roll-84.png'
00:36.797  render           | Saved: 'E:\Games\Epsilon\_retail_\Interface\AddOns\Omega_Hub\Modules\Dice\Media\Smooth\d100\roll-85.png'
00:37.219  render           | Saved: 'E:\Games\Epsilon\_retail_\Interface\AddOns\Omega_Hub\Modules\Dice\Media\Smooth\d100\roll-86.png'
00:37.594  render           | Saved: 'E:\Games\Epsilon\_retail_\Interface\AddOns\Omega_Hub\Modules\Dice\Media\Smooth\d100\roll-87.png'
00:37.984  render           | Saved: 'E:\Games\Epsilon\_retail_\Interface\AddOns\Omega_Hub\Modules\Dice\Media\Smooth\d100\roll-88.png'
00:38.406  render           | Saved: 'E:\Games\Epsilon\_retail_\Interface\AddOns\Omega_Hub\Modules\Dice\Media\Smooth\d100\roll-89.png'
00:38.797  render           | Saved: 'E:\Games\Epsilon\_retail_\Interface\AddOns\Omega_Hub\Modules\Dice\Media\Smooth\d100\roll-90.png'
00:39.219  render           | Saved: 'E:\Games\Epsilon\_retail_\Interface\AddOns\Omega_Hub\Modules\Dice\Media\Smooth\d100\roll-91.png'
00:39.641  render           | Saved: 'E:\Games\Epsilon\_retail_\Interface\AddOns\Omega_Hub\Modules\Dice\Media\Smooth\d100\roll-92.png'
00:40.031  render           | Saved: 'E:\Games\Epsilon\_retail_\Interface\AddOns\Omega_Hub\Modules\Dice\Media\Smooth\d100\roll-93.png'
00:40.437  render           | Saved: 'E:\Games\Epsilon\_retail_\Interface\AddOns\Omega_Hub\Modules\Dice\Media\Smooth\d100\roll-94.png'
00:40.875  render           | Saved: 'E:\Games\Epsilon\_retail_\Interface\AddOns\Omega_Hub\Modules\Dice\Media\Smooth\d100\roll-95.png'
00:41.312  render           | Saved: 'E:\Games\Epsilon\_retail_\Interface\AddOns\Omega_Hub\Modules\Dice\Media\Smooth\d100\land-001-00.png'
00:41.703  render           | Saved: 'E:\Games\Epsilon\_retail_\Interface\AddOns\Omega_Hub\Modules\Dice\Media\Smooth\d100\land-001-01.png'
00:42.125  render           | Saved: 'E:\Games\Epsilon\_retail_\Interface\AddOns\Omega_Hub\Modules\Dice\Media\Smooth\d100\land-001-02.png'
00:42.547  render           | Saved: 'E:\Games\Epsilon\_retail_\Interface\AddOns\Omega_Hub\Modules\Dice\Media\Smooth\d100\land-001-03.png'
00:42.969  render           | Saved: 'E:\Games\Epsilon\_retail_\Interface\AddOns\Omega_Hub\Modules\Dice\Media\Smooth\d100\land-001-04.png'
00:43.344  render           | Saved: 'E:\Games\Epsilon\_retail_\Interface\AddOns\Omega_Hub\Modules\Dice\Media\Smooth\d100\land-001-05.png'
00:43.750  render           | Saved: 'E:\Games\Epsilon\_retail_\Interface\AddOns\Omega_Hub\Modules\Dice\Media\Smooth\d100\land-001-06.png'
00:44.141  render           | Saved: 'E:\Games\Epsilon\_retail_\Interface\AddOns\Omega_Hub\Modules\Dice\Media\Smooth\d100\land-001-07.png'
00:44.531  render           | Saved: 'E:\Games\Epsilon\_retail_\Interface\AddOns\Omega_Hub\Modules\Dice\Media\Smooth\d100\land-001-08.png'
00:44.953  render           | Saved: 'E:\Games\Epsilon\_retail_\Interface\AddOns\Omega_Hub\Modules\Dice\Media\Smooth\d100\land-001-09.png'
00:45.359  render           | Saved: 'E:\Games\Epsilon\_retail_\Interface\AddOns\Omega_Hub\Modules\Dice\Media\Smooth\d100\land-001-10.png'
00:45.750  render           | Saved: 'E:\Games\Epsilon\_retail_\Interface\AddOns\Omega_Hub\Modules\Dice\Media\Smooth\d100\land-001-11.png'
00:46.203  render           | Saved: 'E:\Games\Epsilon\_retail_\Interface\AddOns\Omega_Hub\Modules\Dice\Media\Smooth\d100\land-001-12.png'
00:46.609  render           | Saved: 'E:\Games\Epsilon\_retail_\Interface\AddOns\Omega_Hub\Modules\Dice\Media\Smooth\d100\land-001-13.png'
00:47.016  render           | Saved: 'E:\Games\Epsilon\_retail_\Interface\AddOns\Omega_Hub\Modules\Dice\Media\Smooth\d100\land-001-14.png'
00:47.422  render           | Saved: 'E:\Games\Epsilon\_retail_\Interface\AddOns\Omega_Hub\Modules\Dice\Media\Smooth\d100\land-001-15.png'
00:47.812  render           | Saved: 'E:\Games\Epsilon\_retail_\Interface\AddOns\Omega_Hub\Modules\Dice\Media\Smooth\d100\land-001-16.png'
00:48.219  render           | Saved: 'E:\Games\Epsilon\_retail_\Interface\AddOns\Omega_Hub\Modules\Dice\Media\Smooth\d100\land-001-17.png'
00:48.625  render           | Saved: 'E:\Games\Epsilon\_retail_\Interface\AddOns\Omega_Hub\Modules\Dice\Media\Smooth\d100\land-001-18.png'
00:49.016  render           | Saved: 'E:\Games\Epsilon\_retail_\Interface\AddOns\Omega_Hub\Modules\Dice\Media\Smooth\d100\land-001-19.png'
00:49.422  render           | Saved: 'E:\Games\Epsilon\_retail_\Interface\AddOns\Omega_Hub\Modules\Dice\Media\Smooth\d100\land-001-20.png'
00:49.844  render           | Saved: 'E:\Games\Epsilon\_retail_\Interface\AddOns\Omega_Hub\Modules\Dice\Media\Smooth\d100\land-001-21.png'
00:50.234  render           | Saved: 'E:\Games\Epsilon\_retail_\Interface\AddOns\Omega_Hub\Modules\Dice\Media\Smooth\d100\land-001-22.png'
00:50.687  render           | Saved: 'E:\Games\Epsilon\_retail_\Interface\AddOns\Omega_Hub\Modules\Dice\Media\Smooth\d100\land-001-23.png'
00:51.094  render           | Saved: 'E:\Games\Epsilon\_retail_\Interface\AddOns\Omega_Hub\Modules\Dice\Media\Smooth\d100\land-001-24.png'
00:51.500  render           | Saved: 'E:\Games\Epsilon\_retail_\Interface\AddOns\Omega_Hub\Modules\Dice\Media\Smooth\d100\land-001-25.png'
00:51.906  render           | Saved: 'E:\Games\Epsilon\_retail_\Interface\AddOns\Omega_Hub\Modules\Dice\Media\Smooth\d100\land-001-26.png'
00:52.312  render           | Saved: 'E:\Games\Epsilon\_retail_\Interface\AddOns\Omega_Hub\Modules\Dice\Media\Smooth\d100\land-001-27.png'
00:52.719  render           | Saved: 'E:\Games\Epsilon\_retail_\Interface\AddOns\Omega_Hub\Modules\Dice\Media\Smooth\d100\land-001-28.png'
00:53.125  render           | Saved: 'E:\Games\Epsilon\_retail_\Interface\AddOns\Omega_Hub\Modules\Dice\Media\Smooth\d100\land-001-29.png'
00:53.516  render           | Saved: 'E:\Games\Epsilon\_retail_\Interface\AddOns\Omega_Hub\Modules\Dice\Media\Smooth\d100\land-001-30.png'
00:53.922  render           | Saved: 'E:\Games\Epsilon\_retail_\Interface\AddOns\Omega_Hub\Modules\Dice\Media\Smooth\d100\land-001-31.png'
00:54.344  render           | Saved: 'E:\Games\Epsilon\_retail_\Interface\AddOns\Omega_Hub\Modules\Dice\Media\Smooth\d100\land-001-32.png'
00:54.734  render           | Saved: 'E:\Games\Epsilon\_retail_\Interface\AddOns\Omega_Hub\Modules\Dice\Media\Smooth\d100\land-001-33.png'
00:55.141  render           | Saved: 'E:\Games\Epsilon\_retail_\Interface\AddOns\Omega_Hub\Modules\Dice\Media\Smooth\d100\land-001-34.png'
00:55.531  render           | Saved: 'E:\Games\Epsilon\_retail_\Interface\AddOns\Omega_Hub\Modules\Dice\Media\Smooth\d100\land-001-35.png'
00:55.953  render           | Saved: 'E:\Games\Epsilon\_retail_\Interface\AddOns\Omega_Hub\Modules\Dice\Media\Smooth\d100\land-001-36.png'
00:56.391  render           | Saved: 'E:\Games\Epsilon\_retail_\Interface\AddOns\Omega_Hub\Modules\Dice\Media\Smooth\d100\land-001-37.png'
00:56.812  render           | Saved: 'E:\Games\Epsilon\_retail_\Interface\AddOns\Omega_Hub\Modules\Dice\Media\Smooth\d100\land-001-38.png'
00:57.250  render           | Saved: 'E:\Games\Epsilon\_retail_\Interface\AddOns\Omega_Hub\Modules\Dice\Media\Smooth\d100\land-001-39.png'
00:57.672  render           | Saved: 'E:\Games\Epsilon\_retail_\Interface\AddOns\Omega_Hub\Modules\Dice\Media\Smooth\d100\land-001-40.png'
00:58.094  render           | Saved: 'E:\Games\Epsilon\_retail_\Interface\AddOns\Omega_Hub\Modules\Dice\Media\Smooth\d100\land-001-41.png'
00:58.484  render           | Saved: 'E:\Games\Epsilon\_retail_\Interface\AddOns\Omega_Hub\Modules\Dice\Media\Smooth\d100\land-001-42.png'
00:58.875  render           | Saved: 'E:\Games\Epsilon\_retail_\Interface\AddOns\Omega_Hub\Modules\Dice\Media\Smooth\d100\land-001-43.png'
00:59.297  render           | Saved: 'E:\Games\Epsilon\_retail_\Interface\AddOns\Omega_Hub\Modules\Dice\Media\Smooth\d100\land-001-44.png'
00:59.703  render           | Saved: 'E:\Games\Epsilon\_retail_\Interface\AddOns\Omega_Hub\Modules\Dice\Media\Smooth\d100\land-001-45.png'
01:00.062  render           | Saved: 'E:\Games\Epsilon\_retail_\Interface\AddOns\Omega_Hub\Modules\Dice\Media\Smooth\d100\land-001-46.png'
01:00.453  render           | Saved: 'E:\Games\Epsilon\_retail_\Interface\AddOns\Omega_Hub\Modules\Dice\Media\Smooth\d100\land-001-47.png'
01:00.891  render           | Saved: 'E:\Games\Epsilon\_retail_\Interface\AddOns\Omega_Hub\Modules\Dice\Media\Smooth\d100\land-002-00.png'
01:01.297  render           | Saved: 'E:\Games\Epsilon\_retail_\Interface\AddOns\Omega_Hub\Modules\Dice\Media\Smooth\d100\land-002-01.png'
01:01.703  render           | Saved: 'E:\Games\Epsilon\_retail_\Interface\AddOns\Omega_Hub\Modules\Dice\Media\Smooth\d100\land-002-02.png'
01:02.109  render           | Saved: 'E:\Games\Epsilon\_retail_\Interface\AddOns\Omega_Hub\Modules\Dice\Media\Smooth\d100\land-002-03.png'
01:02.484  render           | Saved: 'E:\Games\Epsilon\_retail_\Interface\AddOns\Omega_Hub\Modules\Dice\Media\Smooth\d100\land-002-04.png'
01:02.906  render           | Saved: 'E:\Games\Epsilon\_retail_\Interface\AddOns\Omega_Hub\Modules\Dice\Media\Smooth\d100\land-002-05.png'
01:03.297  render           | Saved: 'E:\Games\Epsilon\_retail_\Interface\AddOns\Omega_Hub\Modules\Dice\Media\Smooth\d100\land-002-06.png'
01:03.656  render           | Saved: 'E:\Games\Epsilon\_retail_\Interface\AddOns\Omega_Hub\Modules\Dice\Media\Smooth\d100\land-002-07.png'
01:04.047  render           | Saved: 'E:\Games\Epsilon\_retail_\Interface\AddOns\Omega_Hub\Modules\Dice\Media\Smooth\d100\land-002-08.png'
01:04.422  render           | Saved: 'E:\Games\Epsilon\_retail_\Interface\AddOns\Omega_Hub\Modules\Dice\Media\Smooth\d100\land-002-09.png'
01:04.812  render           | Saved: 'E:\Games\Epsilon\_retail_\Interface\AddOns\Omega_Hub\Modules\Dice\Media\Smooth\d100\land-002-10.png'
01:05.219  render           | Saved: 'E:\Games\Epsilon\_retail_\Interface\AddOns\Omega_Hub\Modules\Dice\Media\Smooth\d100\land-002-11.png'
01:05.594  render           | Saved: 'E:\Games\Epsilon\_retail_\Interface\AddOns\Omega_Hub\Modules\Dice\Media\Smooth\d100\land-002-12.png'
01:06.016  render           | Saved: 'E:\Games\Epsilon\_retail_\Interface\AddOns\Omega_Hub\Modules\Dice\Media\Smooth\d100\land-002-13.png'
01:06.422  render           | Saved: 'E:\Games\Epsilon\_retail_\Interface\AddOns\Omega_Hub\Modules\Dice\Media\Smooth\d100\land-002-14.png'
01:06.812  render           | Saved: 'E:\Games\Epsilon\_retail_\Interface\AddOns\Omega_Hub\Modules\Dice\Media\Smooth\d100\land-002-15.png'
01:07.203  render           | Saved: 'E:\Games\Epsilon\_retail_\Interface\AddOns\Omega_Hub\Modules\Dice\Media\Smooth\d100\land-002-16.png'
01:07.609  render           | Saved: 'E:\Games\Epsilon\_retail_\Interface\AddOns\Omega_Hub\Modules\Dice\Media\Smooth\d100\land-002-17.png'
01:07.969  render           | Saved: 'E:\Games\Epsilon\_retail_\Interface\AddOns\Omega_Hub\Modules\Dice\Media\Smooth\d100\land-002-18.png'
01:08.344  render           | Saved: 'E:\Games\Epsilon\_retail_\Interface\AddOns\Omega_Hub\Modules\Dice\Media\Smooth\d100\land-002-19.png'
01:08.750  render           | Saved: 'E:\Games\Epsilon\_retail_\Interface\AddOns\Omega_Hub\Modules\Dice\Media\Smooth\d100\land-002-20.png'
01:09.141  render           | Saved: 'E:\Games\Epsilon\_retail_\Interface\AddOns\Omega_Hub\Modules\Dice\Media\Smooth\d100\land-002-21.png'
01:09.516  render           | Saved: 'E:\Games\Epsilon\_retail_\Interface\AddOns\Omega_Hub\Modules\Dice\Media\Smooth\d100\land-002-22.png'
01:09.906  render           | Saved: 'E:\Games\Epsilon\_retail_\Interface\AddOns\Omega_Hub\Modules\Dice\Media\Smooth\d100\land-002-23.png'
01:10.297  render           | Saved: 'E:\Games\Epsilon\_retail_\Interface\AddOns\Omega_Hub\Modules\Dice\Media\Smooth\d100\land-002-24.png'
01:10.703  render           | Saved: 'E:\Games\Epsilon\_retail_\Interface\AddOns\Omega_Hub\Modules\Dice\Media\Smooth\d100\land-002-25.png'
01:11.094  render           | Saved: 'E:\Games\Epsilon\_retail_\Interface\AddOns\Omega_Hub\Modules\Dice\Media\Smooth\d100\land-002-26.png'
01:11.484  render           | Saved: 'E:\Games\Epsilon\_retail_\Interface\AddOns\Omega_Hub\Modules\Dice\Media\Smooth\d100\land-002-27.png'
01:11.906  render           | Saved: 'E:\Games\Epsilon\_retail_\Interface\AddOns\Omega_Hub\Modules\Dice\Media\Smooth\d100\land-002-28.png'
01:12.297  render           | Saved: 'E:\Games\Epsilon\_retail_\Interface\AddOns\Omega_Hub\Modules\Dice\Media\Smooth\d100\land-002-29.png'
01:12.703  render           | Saved: 'E:\Games\Epsilon\_retail_\Interface\AddOns\Omega_Hub\Modules\Dice\Media\Smooth\d100\land-002-30.png'
01:13.109  render           | Saved: 'E:\Games\Epsilon\_retail_\Interface\AddOns\Omega_Hub\Modules\Dice\Media\Smooth\d100\land-002-31.png'
01:13.531  render           | Saved: 'E:\Games\Epsilon\_retail_\Interface\AddOns\Omega_Hub\Modules\Dice\Media\Smooth\d100\land-002-32.png'
01:13.906  render           | Saved: 'E:\Games\Epsilon\_retail_\Interface\AddOns\Omega_Hub\Modules\Dice\Media\Smooth\d100\land-002-33.png'
01:14.297  render           | Saved: 'E:\Games\Epsilon\_retail_\Interface\AddOns\Omega_Hub\Modules\Dice\Media\Smooth\d100\land-002-34.png'
01:14.687  render           | Saved: 'E:\Games\Epsilon\_retail_\Interface\AddOns\Omega_Hub\Modules\Dice\Media\Smooth\d100\land-002-35.png'
01:15.062  render           | Saved: 'E:\Games\Epsilon\_retail_\Interface\AddOns\Omega_Hub\Modules\Dice\Media\Smooth\d100\land-002-36.png'
01:15.469  render           | Saved: 'E:\Games\Epsilon\_retail_\Interface\AddOns\Omega_Hub\Modules\Dice\Media\Smooth\d100\land-002-37.png'
01:15.859  render           | Saved: 'E:\Games\Epsilon\_retail_\Interface\AddOns\Omega_Hub\Modules\Dice\Media\Smooth\d100\land-002-38.png'
01:16.250  render           | Saved: 'E:\Games\Epsilon\_retail_\Interface\AddOns\Omega_Hub\Modules\Dice\Media\Smooth\d100\land-002-39.png'
01:16.672  render           | Saved: 'E:\Games\Epsilon\_retail_\Interface\AddOns\Omega_Hub\Modules\Dice\Media\Smooth\d100\land-002-40.png'
01:17.047  render           | Saved: 'E:\Games\Epsilon\_retail_\Interface\AddOns\Omega_Hub\Modules\Dice\Media\Smooth\d100\land-002-41.png'
01:17.484  render           | Saved: 'E:\Games\Epsilon\_retail_\Interface\AddOns\Omega_Hub\Modules\Dice\Media\Smooth\d100\land-002-42.png'
01:17.891  render           | Saved: 'E:\Games\Epsilon\_retail_\Interface\AddOns\Omega_Hub\Modules\Dice\Media\Smooth\d100\land-002-43.png'
01:18.281  render           | Saved: 'E:\Games\Epsilon\_retail_\Interface\AddOns\Omega_Hub\Modules\Dice\Media\Smooth\d100\land-002-44.png'
01:18.703  render           | Saved: 'E:\Games\Epsilon\_retail_\Interface\AddOns\Omega_Hub\Modules\Dice\Media\Smooth\d100\land-002-45.png'
01:19.078  render           | Saved: 'E:\Games\Epsilon\_retail_\Interface\AddOns\Omega_Hub\Modules\Dice\Media\Smooth\d100\land-002-46.png'
01:19.453  render           | Saved: 'E:\Games\Epsilon\_retail_\Interface\AddOns\Omega_Hub\Modules\Dice\Media\Smooth\d100\land-002-47.png'
01:19.844  render           | Saved: 'E:\Games\Epsilon\_retail_\Interface\AddOns\Omega_Hub\Modules\Dice\Media\Smooth\d100\land-003-00.png'
01:20.203  render           | Saved: 'E:\Games\Epsilon\_retail_\Interface\AddOns\Omega_Hub\Modules\Dice\Media\Smooth\d100\land-003-01.png'
01:20.594  render           | Saved: 'E:\Games\Epsilon\_retail_\Interface\AddOns\Omega_Hub\Modules\Dice\Media\Smooth\d100\land-003-02.png'
01:21.000  render           | Saved: 'E:\Games\Epsilon\_retail_\Interface\AddOns\Omega_Hub\Modules\Dice\Media\Smooth\d100\land-003-03.png'
01:21.359  render           | Saved: 'E:\Games\Epsilon\_retail_\Interface\AddOns\Omega_Hub\Modules\Dice\Media\Smooth\d100\land-003-04.png'
01:21.812  render           | Saved: 'E:\Games\Epsilon\_retail_\Interface\AddOns\Omega_Hub\Modules\Dice\Media\Smooth\d100\land-003-05.png'
01:22.203  render           | Saved: 'E:\Games\Epsilon\_retail_\Interface\AddOns\Omega_Hub\Modules\Dice\Media\Smooth\d100\land-003-06.png'
01:22.562  render           | Saved: 'E:\Games\Epsilon\_retail_\Interface\AddOns\Omega_Hub\Modules\Dice\Media\Smooth\d100\land-003-07.png'
01:22.953  render           | Saved: 'E:\Games\Epsilon\_retail_\Interface\AddOns\Omega_Hub\Modules\Dice\Media\Smooth\d100\land-003-08.png'
01:23.328  render           | Saved: 'E:\Games\Epsilon\_retail_\Interface\AddOns\Omega_Hub\Modules\Dice\Media\Smooth\d100\land-003-09.png'
01:23.719  render           | Saved: 'E:\Games\Epsilon\_retail_\Interface\AddOns\Omega_Hub\Modules\Dice\Media\Smooth\d100\land-003-10.png'
01:24.094  render           | Saved: 'E:\Games\Epsilon\_retail_\Interface\AddOns\Omega_Hub\Modules\Dice\Media\Smooth\d100\land-003-11.png'
01:24.469  render           | Saved: 'E:\Games\Epsilon\_retail_\Interface\AddOns\Omega_Hub\Modules\Dice\Media\Smooth\d100\land-003-12.png'
01:24.844  render           | Saved: 'E:\Games\Epsilon\_retail_\Interface\AddOns\Omega_Hub\Modules\Dice\Media\Smooth\d100\land-003-13.png'
01:25.281  render           | Saved: 'E:\Games\Epsilon\_retail_\Interface\AddOns\Omega_Hub\Modules\Dice\Media\Smooth\d100\land-003-14.png'
01:25.687  render           | Saved: 'E:\Games\Epsilon\_retail_\Interface\AddOns\Omega_Hub\Modules\Dice\Media\Smooth\d100\land-003-15.png'
01:26.109  render           | Saved: 'E:\Games\Epsilon\_retail_\Interface\AddOns\Omega_Hub\Modules\Dice\Media\Smooth\d100\land-003-16.png'
01:26.578  render           | Saved: 'E:\Games\Epsilon\_retail_\Interface\AddOns\Omega_Hub\Modules\Dice\Media\Smooth\d100\land-003-17.png'
01:27.016  render           | Saved: 'E:\Games\Epsilon\_retail_\Interface\AddOns\Omega_Hub\Modules\Dice\Media\Smooth\d100\land-003-18.png'
01:27.453  render           | Saved: 'E:\Games\Epsilon\_retail_\Interface\AddOns\Omega_Hub\Modules\Dice\Media\Smooth\d100\land-003-19.png'
01:27.875  render           | Saved: 'E:\Games\Epsilon\_retail_\Interface\AddOns\Omega_Hub\Modules\Dice\Media\Smooth\d100\land-003-20.png'
01:28.312  render           | Saved: 'E:\Games\Epsilon\_retail_\Interface\AddOns\Omega_Hub\Modules\Dice\Media\Smooth\d100\land-003-21.png'
01:28.719  render           | Saved: 'E:\Games\Epsilon\_retail_\Interface\AddOns\Omega_Hub\Modules\Dice\Media\Smooth\d100\land-003-22.png'
01:29.094  render           | Saved: 'E:\Games\Epsilon\_retail_\Interface\AddOns\Omega_Hub\Modules\Dice\Media\Smooth\d100\land-003-23.png'
01:29.500  render           | Saved: 'E:\Games\Epsilon\_retail_\Interface\AddOns\Omega_Hub\Modules\Dice\Media\Smooth\d100\land-003-24.png'
01:29.906  render           | Saved: 'E:\Games\Epsilon\_retail_\Interface\AddOns\Omega_Hub\Modules\Dice\Media\Smooth\d100\land-003-25.png'
01:30.281  render           | Saved: 'E:\Games\Epsilon\_retail_\Interface\AddOns\Omega_Hub\Modules\Dice\Media\Smooth\d100\land-003-26.png'
01:30.656  render           | Saved: 'E:\Games\Epsilon\_retail_\Interface\AddOns\Omega_Hub\Modules\Dice\Media\Smooth\d100\land-003-27.png'
01:31.062  render           | Saved: 'E:\Games\Epsilon\_retail_\Interface\AddOns\Omega_Hub\Modules\Dice\Media\Smooth\d100\land-003-28.png'
01:31.484  render           | Saved: 'E:\Games\Epsilon\_retail_\Interface\AddOns\Omega_Hub\Modules\Dice\Media\Smooth\d100\land-003-29.png'
01:31.875  render           | Saved: 'E:\Games\Epsilon\_retail_\Interface\AddOns\Omega_Hub\Modules\Dice\Media\Smooth\d100\land-003-30.png'
01:32.266  render           | Saved: 'E:\Games\Epsilon\_retail_\Interface\AddOns\Omega_Hub\Modules\Dice\Media\Smooth\d100\land-003-31.png'
01:32.625  render           | Saved: 'E:\Games\Epsilon\_retail_\Interface\AddOns\Omega_Hub\Modules\Dice\Media\Smooth\d100\land-003-32.png'
01:33.031  render           | Saved: 'E:\Games\Epsilon\_retail_\Interface\AddOns\Omega_Hub\Modules\Dice\Media\Smooth\d100\land-003-33.png'
01:33.406  render           | Saved: 'E:\Games\Epsilon\_retail_\Interface\AddOns\Omega_Hub\Modules\Dice\Media\Smooth\d100\land-003-34.png'
01:33.797  render           | Saved: 'E:\Games\Epsilon\_retail_\Interface\AddOns\Omega_Hub\Modules\Dice\Media\Smooth\d100\land-003-35.png'
01:34.219  render           | Saved: 'E:\Games\Epsilon\_retail_\Interface\AddOns\Omega_Hub\Modules\Dice\Media\Smooth\d100\land-003-36.png'
01:34.641  render           | Saved: 'E:\Games\Epsilon\_retail_\Interface\AddOns\Omega_Hub\Modules\Dice\Media\Smooth\d100\land-003-37.png'
01:35.047  render           | Saved: 'E:\Games\Epsilon\_retail_\Interface\AddOns\Omega_Hub\Modules\Dice\Media\Smooth\d100\land-003-38.png'
01:35.437  render           | Saved: 'E:\Games\Epsilon\_retail_\Interface\AddOns\Omega_Hub\Modules\Dice\Media\Smooth\d100\land-003-39.png'
01:35.812  render           | Saved: 'E:\Games\Epsilon\_retail_\Interface\AddOns\Omega_Hub\Modules\Dice\Media\Smooth\d100\land-003-40.png'
01:36.187  render           | Saved: 'E:\Games\Epsilon\_retail_\Interface\AddOns\Omega_Hub\Modules\Dice\Media\Smooth\d100\land-003-41.png'
01:36.578  render           | Saved: 'E:\Games\Epsilon\_retail_\Interface\AddOns\Omega_Hub\Modules\Dice\Media\Smooth\d100\land-003-42.png'
01:36.969  render           | Saved: 'E:\Games\Epsilon\_retail_\Interface\AddOns\Omega_Hub\Modules\Dice\Media\Smooth\d100\land-003-43.png'
01:37.344  render           | Saved: 'E:\Games\Epsilon\_retail_\Interface\AddOns\Omega_Hub\Modules\Dice\Media\Smooth\d100\land-003-44.png'
01:37.734  render           | Saved: 'E:\Games\Epsilon\_retail_\Interface\AddOns\Omega_Hub\Modules\Dice\Media\Smooth\d100\land-003-45.png'
01:38.125  render           | Saved: 'E:\Games\Epsilon\_retail_\Interface\AddOns\Omega_Hub\Modules\Dice\Media\Smooth\d100\land-003-46.png'
01:38.531  render           | Saved: 'E:\Games\Epsilon\_retail_\Interface\AddOns\Omega_Hub\Modules\Dice\Media\Smooth\d100\land-003-47.png'
01:38.937  render           | Saved: 'E:\Games\Epsilon\_retail_\Interface\AddOns\Omega_Hub\Modules\Dice\Media\Smooth\d100\land-004-00.png'
01:39.297  render           | Saved: 'E:\Games\Epsilon\_retail_\Interface\AddOns\Omega_Hub\Modules\Dice\Media\Smooth\d100\land-004-01.png'
01:39.687  render           | Saved: 'E:\Games\Epsilon\_retail_\Interface\AddOns\Omega_Hub\Modules\Dice\Media\Smooth\d100\land-004-02.png'
01:40.094  render           | Saved: 'E:\Games\Epsilon\_retail_\Interface\AddOns\Omega_Hub\Modules\Dice\Media\Smooth\d100\land-004-03.png'
01:40.484  render           | Saved: 'E:\Games\Epsilon\_retail_\Interface\AddOns\Omega_Hub\Modules\Dice\Media\Smooth\d100\land-004-04.png'
01:40.875  render           | Saved: 'E:\Games\Epsilon\_retail_\Interface\AddOns\Omega_Hub\Modules\Dice\Media\Smooth\d100\land-004-05.png'
01:41.297  render           | Saved: 'E:\Games\Epsilon\_retail_\Interface\AddOns\Omega_Hub\Modules\Dice\Media\Smooth\d100\land-004-06.png'
01:41.687  render           | Saved: 'E:\Games\Epsilon\_retail_\Interface\AddOns\Omega_Hub\Modules\Dice\Media\Smooth\d100\land-004-07.png'
01:42.078  render           | Saved: 'E:\Games\Epsilon\_retail_\Interface\AddOns\Omega_Hub\Modules\Dice\Media\Smooth\d100\land-004-08.png'
01:42.453  render           | Saved: 'E:\Games\Epsilon\_retail_\Interface\AddOns\Omega_Hub\Modules\Dice\Media\Smooth\d100\land-004-09.png'
01:42.828  render           | Saved: 'E:\Games\Epsilon\_retail_\Interface\AddOns\Omega_Hub\Modules\Dice\Media\Smooth\d100\land-004-10.png'
01:43.250  render           | Saved: 'E:\Games\Epsilon\_retail_\Interface\AddOns\Omega_Hub\Modules\Dice\Media\Smooth\d100\land-004-11.png'
01:43.625  render           | Saved: 'E:\Games\Epsilon\_retail_\Interface\AddOns\Omega_Hub\Modules\Dice\Media\Smooth\d100\land-004-12.png'
01:44.000  render           | Saved: 'E:\Games\Epsilon\_retail_\Interface\AddOns\Omega_Hub\Modules\Dice\Media\Smooth\d100\land-004-13.png'
01:44.391  render           | Saved: 'E:\Games\Epsilon\_retail_\Interface\AddOns\Omega_Hub\Modules\Dice\Media\Smooth\d100\land-004-14.png'
01:44.766  render           | Saved: 'E:\Games\Epsilon\_retail_\Interface\AddOns\Omega_Hub\Modules\Dice\Media\Smooth\d100\land-004-15.png'
01:45.156  render           | Saved: 'E:\Games\Epsilon\_retail_\Interface\AddOns\Omega_Hub\Modules\Dice\Media\Smooth\d100\land-004-16.png'
01:45.562  render           | Saved: 'E:\Games\Epsilon\_retail_\Interface\AddOns\Omega_Hub\Modules\Dice\Media\Smooth\d100\land-004-17.png'
01:45.969  render           | Saved: 'E:\Games\Epsilon\_retail_\Interface\AddOns\Omega_Hub\Modules\Dice\Media\Smooth\d100\land-004-18.png'
01:46.375  render           | Saved: 'E:\Games\Epsilon\_retail_\Interface\AddOns\Omega_Hub\Modules\Dice\Media\Smooth\d100\land-004-19.png'
01:46.781  render           | Saved: 'E:\Games\Epsilon\_retail_\Interface\AddOns\Omega_Hub\Modules\Dice\Media\Smooth\d100\land-004-20.png'
01:47.187  render           | Saved: 'E:\Games\Epsilon\_retail_\Interface\AddOns\Omega_Hub\Modules\Dice\Media\Smooth\d100\land-004-21.png'
01:47.578  render           | Saved: 'E:\Games\Epsilon\_retail_\Interface\AddOns\Omega_Hub\Modules\Dice\Media\Smooth\d100\land-004-22.png'
01:47.953  render           | Saved: 'E:\Games\Epsilon\_retail_\Interface\AddOns\Omega_Hub\Modules\Dice\Media\Smooth\d100\land-004-23.png'
01:48.328  render           | Saved: 'E:\Games\Epsilon\_retail_\Interface\AddOns\Omega_Hub\Modules\Dice\Media\Smooth\d100\land-004-24.png'
01:48.719  render           | Saved: 'E:\Games\Epsilon\_retail_\Interface\AddOns\Omega_Hub\Modules\Dice\Media\Smooth\d100\land-004-25.png'
01:49.125  render           | Saved: 'E:\Games\Epsilon\_retail_\Interface\AddOns\Omega_Hub\Modules\Dice\Media\Smooth\d100\land-004-26.png'
01:49.484  render           | Saved: 'E:\Games\Epsilon\_retail_\Interface\AddOns\Omega_Hub\Modules\Dice\Media\Smooth\d100\land-004-27.png'
01:49.859  render           | Saved: 'E:\Games\Epsilon\_retail_\Interface\AddOns\Omega_Hub\Modules\Dice\Media\Smooth\d100\land-004-28.png'
01:50.266  render           | Saved: 'E:\Games\Epsilon\_retail_\Interface\AddOns\Omega_Hub\Modules\Dice\Media\Smooth\d100\land-004-29.png'
01:50.625  render           | Saved: 'E:\Games\Epsilon\_retail_\Interface\AddOns\Omega_Hub\Modules\Dice\Media\Smooth\d100\land-004-30.png'
01:51.078  render           | Saved: 'E:\Games\Epsilon\_retail_\Interface\AddOns\Omega_Hub\Modules\Dice\Media\Smooth\d100\land-004-31.png'
01:51.422  render           | Saved: 'E:\Games\Epsilon\_retail_\Interface\AddOns\Omega_Hub\Modules\Dice\Media\Smooth\d100\land-004-32.png'
01:51.781  render           | Saved: 'E:\Games\Epsilon\_retail_\Interface\AddOns\Omega_Hub\Modules\Dice\Media\Smooth\d100\land-004-33.png'
01:52.203  render           | Saved: 'E:\Games\Epsilon\_retail_\Interface\AddOns\Omega_Hub\Modules\Dice\Media\Smooth\d100\land-004-34.png'
01:52.609  render           | Saved: 'E:\Games\Epsilon\_retail_\Interface\AddOns\Omega_Hub\Modules\Dice\Media\Smooth\d100\land-004-35.png'
01:52.984  render           | Saved: 'E:\Games\Epsilon\_retail_\Interface\AddOns\Omega_Hub\Modules\Dice\Media\Smooth\d100\land-004-36.png'
01:53.391  render           | Saved: 'E:\Games\Epsilon\_retail_\Interface\AddOns\Omega_Hub\Modules\Dice\Media\Smooth\d100\land-004-37.png'
01:53.750  render           | Saved: 'E:\Games\Epsilon\_retail_\Interface\AddOns\Omega_Hub\Modules\Dice\Media\Smooth\d100\land-004-38.png'
01:54.141  render           | Saved: 'E:\Games\Epsilon\_retail_\Interface\AddOns\Omega_Hub\Modules\Dice\Media\Smooth\d100\land-004-39.png'
01:54.547  render           | Saved: 'E:\Games\Epsilon\_retail_\Interface\AddOns\Omega_Hub\Modules\Dice\Media\Smooth\d100\land-004-40.png'
01:54.922  render           | Saved: 'E:\Games\Epsilon\_retail_\Interface\AddOns\Omega_Hub\Modules\Dice\Media\Smooth\d100\land-004-41.png'
01:55.344  render           | Saved: 'E:\Games\Epsilon\_retail_\Interface\AddOns\Omega_Hub\Modules\Dice\Media\Smooth\d100\land-004-42.png'
01:55.734  render           | Saved: 'E:\Games\Epsilon\_retail_\Interface\AddOns\Omega_Hub\Modules\Dice\Media\Smooth\d100\land-004-43.png'
01:56.078  render           | Saved: 'E:\Games\Epsilon\_retail_\Interface\AddOns\Omega_Hub\Modules\Dice\Media\Smooth\d100\land-004-44.png'
01:56.469  render           | Saved: 'E:\Games\Epsilon\_retail_\Interface\AddOns\Omega_Hub\Modules\Dice\Media\Smooth\d100\land-004-45.png'
01:56.859  render           | Saved: 'E:\Games\Epsilon\_retail_\Interface\AddOns\Omega_Hub\Modules\Dice\Media\Smooth\d100\land-004-46.png'
01:57.234  render           | Saved: 'E:\Games\Epsilon\_retail_\Interface\AddOns\Omega_Hub\Modules\Dice\Media\Smooth\d100\land-004-47.png'
01:57.656  render           | Saved: 'E:\Games\Epsilon\_retail_\Interface\AddOns\Omega_Hub\Modules\Dice\Media\Smooth\d100\land-005-00.png'
01:58.062  render           | Saved: 'E:\Games\Epsilon\_retail_\Interface\AddOns\Omega_Hub\Modules\Dice\Media\Smooth\d100\land-005-01.png'
01:58.422  render           | Saved: 'E:\Games\Epsilon\_retail_\Interface\AddOns\Omega_Hub\Modules\Dice\Media\Smooth\d100\land-005-02.png'
01:58.828  render           | Saved: 'E:\Games\Epsilon\_retail_\Interface\AddOns\Omega_Hub\Modules\Dice\Media\Smooth\d100\land-005-03.png'
01:59.219  render           | Saved: 'E:\Games\Epsilon\_retail_\Interface\AddOns\Omega_Hub\Modules\Dice\Media\Smooth\d100\land-005-04.png'
01:59.578  render           | Saved: 'E:\Games\Epsilon\_retail_\Interface\AddOns\Omega_Hub\Modules\Dice\Media\Smooth\d100\land-005-05.png'
01:59.969  render           | Saved: 'E:\Games\Epsilon\_retail_\Interface\AddOns\Omega_Hub\Modules\Dice\Media\Smooth\d100\land-005-06.png'
02:00.328  render           | Saved: 'E:\Games\Epsilon\_retail_\Interface\AddOns\Omega_Hub\Modules\Dice\Media\Smooth\d100\land-005-07.png'
02:00.719  render           | Saved: 'E:\Games\Epsilon\_retail_\Interface\AddOns\Omega_Hub\Modules\Dice\Media\Smooth\d100\land-005-08.png'
02:01.109  render           | Saved: 'E:\Games\Epsilon\_retail_\Interface\AddOns\Omega_Hub\Modules\Dice\Media\Smooth\d100\land-005-09.png'
02:01.484  render           | Saved: 'E:\Games\Epsilon\_retail_\Interface\AddOns\Omega_Hub\Modules\Dice\Media\Smooth\d100\land-005-10.png'
02:01.859  render           | Saved: 'E:\Games\Epsilon\_retail_\Interface\AddOns\Omega_Hub\Modules\Dice\Media\Smooth\d100\land-005-11.png'
02:02.266  render           | Saved: 'E:\Games\Epsilon\_retail_\Interface\AddOns\Omega_Hub\Modules\Dice\Media\Smooth\d100\land-005-12.png'
02:02.656  render           | Saved: 'E:\Games\Epsilon\_retail_\Interface\AddOns\Omega_Hub\Modules\Dice\Media\Smooth\d100\land-005-13.png'
02:03.062  render           | Saved: 'E:\Games\Epsilon\_retail_\Interface\AddOns\Omega_Hub\Modules\Dice\Media\Smooth\d100\land-005-14.png'
02:03.453  render           | Saved: 'E:\Games\Epsilon\_retail_\Interface\AddOns\Omega_Hub\Modules\Dice\Media\Smooth\d100\land-005-15.png'
02:03.844  render           | Saved: 'E:\Games\Epsilon\_retail_\Interface\AddOns\Omega_Hub\Modules\Dice\Media\Smooth\d100\land-005-16.png'
02:04.250  render           | Saved: 'E:\Games\Epsilon\_retail_\Interface\AddOns\Omega_Hub\Modules\Dice\Media\Smooth\d100\land-005-17.png'
02:04.625  render           | Saved: 'E:\Games\Epsilon\_retail_\Interface\AddOns\Omega_Hub\Modules\Dice\Media\Smooth\d100\land-005-18.png'
02:04.984  render           | Saved: 'E:\Games\Epsilon\_retail_\Interface\AddOns\Omega_Hub\Modules\Dice\Media\Smooth\d100\land-005-19.png'
02:05.375  render           | Saved: 'E:\Games\Epsilon\_retail_\Interface\AddOns\Omega_Hub\Modules\Dice\Media\Smooth\d100\land-005-20.png'
02:05.766  render           | Saved: 'E:\Games\Epsilon\_retail_\Interface\AddOns\Omega_Hub\Modules\Dice\Media\Smooth\d100\land-005-21.png'
02:06.125  render           | Saved: 'E:\Games\Epsilon\_retail_\Interface\AddOns\Omega_Hub\Modules\Dice\Media\Smooth\d100\land-005-22.png'
02:06.516  render           | Saved: 'E:\Games\Epsilon\_retail_\Interface\AddOns\Omega_Hub\Modules\Dice\Media\Smooth\d100\land-005-23.png'
02:06.906  render           | Saved: 'E:\Games\Epsilon\_retail_\Interface\AddOns\Omega_Hub\Modules\Dice\Media\Smooth\d100\land-005-24.png'
02:07.266  render           | Saved: 'E:\Games\Epsilon\_retail_\Interface\AddOns\Omega_Hub\Modules\Dice\Media\Smooth\d100\land-005-25.png'
02:07.656  render           | Saved: 'E:\Games\Epsilon\_retail_\Interface\AddOns\Omega_Hub\Modules\Dice\Media\Smooth\d100\land-005-26.png'
02:08.016  render           | Saved: 'E:\Games\Epsilon\_retail_\Interface\AddOns\Omega_Hub\Modules\Dice\Media\Smooth\d100\land-005-27.png'
02:08.437  render           | Saved: 'E:\Games\Epsilon\_retail_\Interface\AddOns\Omega_Hub\Modules\Dice\Media\Smooth\d100\land-005-28.png'
02:08.812  render           | Saved: 'E:\Games\Epsilon\_retail_\Interface\AddOns\Omega_Hub\Modules\Dice\Media\Smooth\d100\land-005-29.png'
02:09.187  render           | Saved: 'E:\Games\Epsilon\_retail_\Interface\AddOns\Omega_Hub\Modules\Dice\Media\Smooth\d100\land-005-30.png'
02:09.547  render           | Saved: 'E:\Games\Epsilon\_retail_\Interface\AddOns\Omega_Hub\Modules\Dice\Media\Smooth\d100\land-005-31.png'
02:09.953  render           | Saved: 'E:\Games\Epsilon\_retail_\Interface\AddOns\Omega_Hub\Modules\Dice\Media\Smooth\d100\land-005-32.png'
02:10.328  render           | Saved: 'E:\Games\Epsilon\_retail_\Interface\AddOns\Omega_Hub\Modules\Dice\Media\Smooth\d100\land-005-33.png'
02:10.703  render           | Saved: 'E:\Games\Epsilon\_retail_\Interface\AddOns\Omega_Hub\Modules\Dice\Media\Smooth\d100\land-005-34.png'
02:11.078  render           | Saved: 'E:\Games\Epsilon\_retail_\Interface\AddOns\Omega_Hub\Modules\Dice\Media\Smooth\d100\land-005-35.png'
02:11.453  render           | Saved: 'E:\Games\Epsilon\_retail_\Interface\AddOns\Omega_Hub\Modules\Dice\Media\Smooth\d100\land-005-36.png'
02:11.828  render           | Saved: 'E:\Games\Epsilon\_retail_\Interface\AddOns\Omega_Hub\Modules\Dice\Media\Smooth\d100\land-005-37.png'
02:12.219  render           | Saved: 'E:\Games\Epsilon\_retail_\Interface\AddOns\Omega_Hub\Modules\Dice\Media\Smooth\d100\land-005-38.png'
02:12.594  render           | Saved: 'E:\Games\Epsilon\_retail_\Interface\AddOns\Omega_Hub\Modules\Dice\Media\Smooth\d100\land-005-39.png'
02:12.969  render           | Saved: 'E:\Games\Epsilon\_retail_\Interface\AddOns\Omega_Hub\Modules\Dice\Media\Smooth\d100\land-005-40.png'
02:13.344  render           | Saved: 'E:\Games\Epsilon\_retail_\Interface\AddOns\Omega_Hub\Modules\Dice\Media\Smooth\d100\land-005-41.png'
02:13.703  render           | Saved: 'E:\Games\Epsilon\_retail_\Interface\AddOns\Omega_Hub\Modules\Dice\Media\Smooth\d100\land-005-42.png'
02:14.062  render           | Saved: 'E:\Games\Epsilon\_retail_\Interface\AddOns\Omega_Hub\Modules\Dice\Media\Smooth\d100\land-005-43.png'
02:14.453  render           | Saved: 'E:\Games\Epsilon\_retail_\Interface\AddOns\Omega_Hub\Modules\Dice\Media\Smooth\d100\land-005-44.png'
02:14.828  render           | Saved: 'E:\Games\Epsilon\_retail_\Interface\AddOns\Omega_Hub\Modules\Dice\Media\Smooth\d100\land-005-45.png'
02:15.203  render           | Saved: 'E:\Games\Epsilon\_retail_\Interface\AddOns\Omega_Hub\Modules\Dice\Media\Smooth\d100\land-005-46.png'
02:15.594  render           | Saved: 'E:\Games\Epsilon\_retail_\Interface\AddOns\Omega_Hub\Modules\Dice\Media\Smooth\d100\land-005-47.png'
02:16.000  render           | Saved: 'E:\Games\Epsilon\_retail_\Interface\AddOns\Omega_Hub\Modules\Dice\Media\Smooth\d100\land-006-00.png'
02:16.406  render           | Saved: 'E:\Games\Epsilon\_retail_\Interface\AddOns\Omega_Hub\Modules\Dice\Media\Smooth\d100\land-006-01.png'
02:16.828  render           | Saved: 'E:\Games\Epsilon\_retail_\Interface\AddOns\Omega_Hub\Modules\Dice\Media\Smooth\d100\land-006-02.png'
02:17.219  render           | Saved: 'E:\Games\Epsilon\_retail_\Interface\AddOns\Omega_Hub\Modules\Dice\Media\Smooth\d100\land-006-03.png'
02:17.609  render           | Saved: 'E:\Games\Epsilon\_retail_\Interface\AddOns\Omega_Hub\Modules\Dice\Media\Smooth\d100\land-006-04.png'
02:18.031  render           | Saved: 'E:\Games\Epsilon\_retail_\Interface\AddOns\Omega_Hub\Modules\Dice\Media\Smooth\d100\land-006-05.png'
02:18.422  render           | Saved: 'E:\Games\Epsilon\_retail_\Interface\AddOns\Omega_Hub\Modules\Dice\Media\Smooth\d100\land-006-06.png'
02:18.859  render           | Saved: 'E:\Games\Epsilon\_retail_\Interface\AddOns\Omega_Hub\Modules\Dice\Media\Smooth\d100\land-006-07.png'
02:19.281  render           | Saved: 'E:\Games\Epsilon\_retail_\Interface\AddOns\Omega_Hub\Modules\Dice\Media\Smooth\d100\land-006-08.png'
02:19.687  render           | Saved: 'E:\Games\Epsilon\_retail_\Interface\AddOns\Omega_Hub\Modules\Dice\Media\Smooth\d100\land-006-09.png'
02:20.156  render           | Saved: 'E:\Games\Epsilon\_retail_\Interface\AddOns\Omega_Hub\Modules\Dice\Media\Smooth\d100\land-006-10.png'
02:20.625  render           | Saved: 'E:\Games\Epsilon\_retail_\Interface\AddOns\Omega_Hub\Modules\Dice\Media\Smooth\d100\land-006-11.png'
02:21.031  render           | Saved: 'E:\Games\Epsilon\_retail_\Interface\AddOns\Omega_Hub\Modules\Dice\Media\Smooth\d100\land-006-12.png'
02:21.422  render           | Saved: 'E:\Games\Epsilon\_retail_\Interface\AddOns\Omega_Hub\Modules\Dice\Media\Smooth\d100\land-006-13.png'
02:21.812  render           | Saved: 'E:\Games\Epsilon\_retail_\Interface\AddOns\Omega_Hub\Modules\Dice\Media\Smooth\d100\land-006-14.png'
02:22.219  render           | Saved: 'E:\Games\Epsilon\_retail_\Interface\AddOns\Omega_Hub\Modules\Dice\Media\Smooth\d100\land-006-15.png'
02:22.641  render           | Saved: 'E:\Games\Epsilon\_retail_\Interface\AddOns\Omega_Hub\Modules\Dice\Media\Smooth\d100\land-006-16.png'
02:23.078  render           | Saved: 'E:\Games\Epsilon\_retail_\Interface\AddOns\Omega_Hub\Modules\Dice\Media\Smooth\d100\land-006-17.png'
02:23.484  render           | Saved: 'E:\Games\Epsilon\_retail_\Interface\AddOns\Omega_Hub\Modules\Dice\Media\Smooth\d100\land-006-18.png'
02:23.875  render           | Saved: 'E:\Games\Epsilon\_retail_\Interface\AddOns\Omega_Hub\Modules\Dice\Media\Smooth\d100\land-006-19.png'
02:24.266  render           | Saved: 'E:\Games\Epsilon\_retail_\Interface\AddOns\Omega_Hub\Modules\Dice\Media\Smooth\d100\land-006-20.png'
02:24.672  render           | Saved: 'E:\Games\Epsilon\_retail_\Interface\AddOns\Omega_Hub\Modules\Dice\Media\Smooth\d100\land-006-21.png'
02:25.062  render           | Saved: 'E:\Games\Epsilon\_retail_\Interface\AddOns\Omega_Hub\Modules\Dice\Media\Smooth\d100\land-006-22.png'
02:25.469  render           | Saved: 'E:\Games\Epsilon\_retail_\Interface\AddOns\Omega_Hub\Modules\Dice\Media\Smooth\d100\land-006-23.png'
02:25.875  render           | Saved: 'E:\Games\Epsilon\_retail_\Interface\AddOns\Omega_Hub\Modules\Dice\Media\Smooth\d100\land-006-24.png'
02:26.328  render           | Saved: 'E:\Games\Epsilon\_retail_\Interface\AddOns\Omega_Hub\Modules\Dice\Media\Smooth\d100\land-006-25.png'
02:26.750  render           | Saved: 'E:\Games\Epsilon\_retail_\Interface\AddOns\Omega_Hub\Modules\Dice\Media\Smooth\d100\land-006-26.png'
02:27.172  render           | Saved: 'E:\Games\Epsilon\_retail_\Interface\AddOns\Omega_Hub\Modules\Dice\Media\Smooth\d100\land-006-27.png'
02:27.609  render           | Saved: 'E:\Games\Epsilon\_retail_\Interface\AddOns\Omega_Hub\Modules\Dice\Media\Smooth\d100\land-006-28.png'
02:28.031  render           | Saved: 'E:\Games\Epsilon\_retail_\Interface\AddOns\Omega_Hub\Modules\Dice\Media\Smooth\d100\land-006-29.png'
02:28.406  render           | Saved: 'E:\Games\Epsilon\_retail_\Interface\AddOns\Omega_Hub\Modules\Dice\Media\Smooth\d100\land-006-30.png'
02:28.797  render           | Saved: 'E:\Games\Epsilon\_retail_\Interface\AddOns\Omega_Hub\Modules\Dice\Media\Smooth\d100\land-006-31.png'
02:29.219  render           | Saved: 'E:\Games\Epsilon\_retail_\Interface\AddOns\Omega_Hub\Modules\Dice\Media\Smooth\d100\land-006-32.png'
02:29.625  render           | Saved: 'E:\Games\Epsilon\_retail_\Interface\AddOns\Omega_Hub\Modules\Dice\Media\Smooth\d100\land-006-33.png'
02:30.031  render           | Saved: 'E:\Games\Epsilon\_retail_\Interface\AddOns\Omega_Hub\Modules\Dice\Media\Smooth\d100\land-006-34.png'
02:30.422  render           | Saved: 'E:\Games\Epsilon\_retail_\Interface\AddOns\Omega_Hub\Modules\Dice\Media\Smooth\d100\land-006-35.png'
02:30.812  render           | Saved: 'E:\Games\Epsilon\_retail_\Interface\AddOns\Omega_Hub\Modules\Dice\Media\Smooth\d100\land-006-36.png'
02:31.203  render           | Saved: 'E:\Games\Epsilon\_retail_\Interface\AddOns\Omega_Hub\Modules\Dice\Media\Smooth\d100\land-006-37.png'
02:31.594  render           | Saved: 'E:\Games\Epsilon\_retail_\Interface\AddOns\Omega_Hub\Modules\Dice\Media\Smooth\d100\land-006-38.png'
02:31.984  render           | Saved: 'E:\Games\Epsilon\_retail_\Interface\AddOns\Omega_Hub\Modules\Dice\Media\Smooth\d100\land-006-39.png'
02:32.422  render           | Saved: 'E:\Games\Epsilon\_retail_\Interface\AddOns\Omega_Hub\Modules\Dice\Media\Smooth\d100\land-006-40.png'
02:32.812  render           | Saved: 'E:\Games\Epsilon\_retail_\Interface\AddOns\Omega_Hub\Modules\Dice\Media\Smooth\d100\land-006-41.png'
02:33.187  render           | Saved: 'E:\Games\Epsilon\_retail_\Interface\AddOns\Omega_Hub\Modules\Dice\Media\Smooth\d100\land-006-42.png'
02:33.641  render           | Saved: 'E:\Games\Epsilon\_retail_\Interface\AddOns\Omega_Hub\Modules\Dice\Media\Smooth\d100\land-006-43.png'
02:34.031  render           | Saved: 'E:\Games\Epsilon\_retail_\Interface\AddOns\Omega_Hub\Modules\Dice\Media\Smooth\d100\land-006-44.png'
02:34.422  render           | Saved: 'E:\Games\Epsilon\_retail_\Interface\AddOns\Omega_Hub\Modules\Dice\Media\Smooth\d100\land-006-45.png'
02:34.828  render           | Saved: 'E:\Games\Epsilon\_retail_\Interface\AddOns\Omega_Hub\Modules\Dice\Media\Smooth\d100\land-006-46.png'
02:35.234  render           | Saved: 'E:\Games\Epsilon\_retail_\Interface\AddOns\Omega_Hub\Modules\Dice\Media\Smooth\d100\land-006-47.png'
02:35.672  render           | Saved: 'E:\Games\Epsilon\_retail_\Interface\AddOns\Omega_Hub\Modules\Dice\Media\Smooth\d100\land-007-00.png'
02:36.094  render           | Saved: 'E:\Games\Epsilon\_retail_\Interface\AddOns\Omega_Hub\Modules\Dice\Media\Smooth\d100\land-007-01.png'
02:36.500  render           | Saved: 'E:\Games\Epsilon\_retail_\Interface\AddOns\Omega_Hub\Modules\Dice\Media\Smooth\d100\land-007-02.png'
02:36.922  render           | Saved: 'E:\Games\Epsilon\_retail_\Interface\AddOns\Omega_Hub\Modules\Dice\Media\Smooth\d100\land-007-03.png'
02:37.344  render           | Saved: 'E:\Games\Epsilon\_retail_\Interface\AddOns\Omega_Hub\Modules\Dice\Media\Smooth\d100\land-007-04.png'
02:37.750  render           | Saved: 'E:\Games\Epsilon\_retail_\Interface\AddOns\Omega_Hub\Modules\Dice\Media\Smooth\d100\land-007-05.png'
02:38.141  render           | Saved: 'E:\Games\Epsilon\_retail_\Interface\AddOns\Omega_Hub\Modules\Dice\Media\Smooth\d100\land-007-06.png'
02:38.516  render           | Saved: 'E:\Games\Epsilon\_retail_\Interface\AddOns\Omega_Hub\Modules\Dice\Media\Smooth\d100\land-007-07.png'
02:38.922  render           | Saved: 'E:\Games\Epsilon\_retail_\Interface\AddOns\Omega_Hub\Modules\Dice\Media\Smooth\d100\land-007-08.png'
02:39.391  render           | Saved: 'E:\Games\Epsilon\_retail_\Interface\AddOns\Omega_Hub\Modules\Dice\Media\Smooth\d100\land-007-09.png'
02:39.797  render           | Saved: 'E:\Games\Epsilon\_retail_\Interface\AddOns\Omega_Hub\Modules\Dice\Media\Smooth\d100\land-007-10.png'
02:40.219  render           | Saved: 'E:\Games\Epsilon\_retail_\Interface\AddOns\Omega_Hub\Modules\Dice\Media\Smooth\d100\land-007-11.png'
02:40.656  render           | Saved: 'E:\Games\Epsilon\_retail_\Interface\AddOns\Omega_Hub\Modules\Dice\Media\Smooth\d100\land-007-12.png'
02:41.062  render           | Saved: 'E:\Games\Epsilon\_retail_\Interface\AddOns\Omega_Hub\Modules\Dice\Media\Smooth\d100\land-007-13.png'
02:41.516  render           | Saved: 'E:\Games\Epsilon\_retail_\Interface\AddOns\Omega_Hub\Modules\Dice\Media\Smooth\d100\land-007-14.png'
02:41.891  render           | Saved: 'E:\Games\Epsilon\_retail_\Interface\AddOns\Omega_Hub\Modules\Dice\Media\Smooth\d100\land-007-15.png'
02:42.281  render           | Saved: 'E:\Games\Epsilon\_retail_\Interface\AddOns\Omega_Hub\Modules\Dice\Media\Smooth\d100\land-007-16.png'
02:42.672  render           | Saved: 'E:\Games\Epsilon\_retail_\Interface\AddOns\Omega_Hub\Modules\Dice\Media\Smooth\d100\land-007-17.png'
02:43.047  render           | Saved: 'E:\Games\Epsilon\_retail_\Interface\AddOns\Omega_Hub\Modules\Dice\Media\Smooth\d100\land-007-18.png'
02:43.469  render           | Saved: 'E:\Games\Epsilon\_retail_\Interface\AddOns\Omega_Hub\Modules\Dice\Media\Smooth\d100\land-007-19.png'
02:43.844  render           | Saved: 'E:\Games\Epsilon\_retail_\Interface\AddOns\Omega_Hub\Modules\Dice\Media\Smooth\d100\land-007-20.png'
02:44.203  render           | Saved: 'E:\Games\Epsilon\_retail_\Interface\AddOns\Omega_Hub\Modules\Dice\Media\Smooth\d100\land-007-21.png'
02:44.594  render           | Saved: 'E:\Games\Epsilon\_retail_\Interface\AddOns\Omega_Hub\Modules\Dice\Media\Smooth\d100\land-007-22.png'
02:44.953  render           | Saved: 'E:\Games\Epsilon\_retail_\Interface\AddOns\Omega_Hub\Modules\Dice\Media\Smooth\d100\land-007-23.png'
02:45.328  render           | Saved: 'E:\Games\Epsilon\_retail_\Interface\AddOns\Omega_Hub\Modules\Dice\Media\Smooth\d100\land-007-24.png'
02:45.766  render           | Saved: 'E:\Games\Epsilon\_retail_\Interface\AddOns\Omega_Hub\Modules\Dice\Media\Smooth\d100\land-007-25.png'
02:46.156  render           | Saved: 'E:\Games\Epsilon\_retail_\Interface\AddOns\Omega_Hub\Modules\Dice\Media\Smooth\d100\land-007-26.png'
02:46.547  render           | Saved: 'E:\Games\Epsilon\_retail_\Interface\AddOns\Omega_Hub\Modules\Dice\Media\Smooth\d100\land-007-27.png'
02:46.922  render           | Saved: 'E:\Games\Epsilon\_retail_\Interface\AddOns\Omega_Hub\Modules\Dice\Media\Smooth\d100\land-007-28.png'
02:47.297  render           | Saved: 'E:\Games\Epsilon\_retail_\Interface\AddOns\Omega_Hub\Modules\Dice\Media\Smooth\d100\land-007-29.png'
02:47.687  render           | Saved: 'E:\Games\Epsilon\_retail_\Interface\AddOns\Omega_Hub\Modules\Dice\Media\Smooth\d100\land-007-30.png'
02:48.094  render           | Saved: 'E:\Games\Epsilon\_retail_\Interface\AddOns\Omega_Hub\Modules\Dice\Media\Smooth\d100\land-007-31.png'
02:48.469  render           | Saved: 'E:\Games\Epsilon\_retail_\Interface\AddOns\Omega_Hub\Modules\Dice\Media\Smooth\d100\land-007-32.png'
02:48.844  render           | Saved: 'E:\Games\Epsilon\_retail_\Interface\AddOns\Omega_Hub\Modules\Dice\Media\Smooth\d100\land-007-33.png'
02:49.234  render           | Saved: 'E:\Games\Epsilon\_retail_\Interface\AddOns\Omega_Hub\Modules\Dice\Media\Smooth\d100\land-007-34.png'
02:49.672  render           | Saved: 'E:\Games\Epsilon\_retail_\Interface\AddOns\Omega_Hub\Modules\Dice\Media\Smooth\d100\land-007-35.png'
02:50.047  render           | Saved: 'E:\Games\Epsilon\_retail_\Interface\AddOns\Omega_Hub\Modules\Dice\Media\Smooth\d100\land-007-36.png'
02:50.422  render           | Saved: 'E:\Games\Epsilon\_retail_\Interface\AddOns\Omega_Hub\Modules\Dice\Media\Smooth\d100\land-007-37.png'
02:50.797  render           | Saved: 'E:\Games\Epsilon\_retail_\Interface\AddOns\Omega_Hub\Modules\Dice\Media\Smooth\d100\land-007-38.png'
02:51.187  render           | Saved: 'E:\Games\Epsilon\_retail_\Interface\AddOns\Omega_Hub\Modules\Dice\Media\Smooth\d100\land-007-39.png'
02:51.562  render           | Saved: 'E:\Games\Epsilon\_retail_\Interface\AddOns\Omega_Hub\Modules\Dice\Media\Smooth\d100\land-007-40.png'
02:51.937  render           | Saved: 'E:\Games\Epsilon\_retail_\Interface\AddOns\Omega_Hub\Modules\Dice\Media\Smooth\d100\land-007-41.png'
02:52.312  render           | Saved: 'E:\Games\Epsilon\_retail_\Interface\AddOns\Omega_Hub\Modules\Dice\Media\Smooth\d100\land-007-42.png'
02:52.703  render           | Saved: 'E:\Games\Epsilon\_retail_\Interface\AddOns\Omega_Hub\Modules\Dice\Media\Smooth\d100\land-007-43.png'
02:53.062  render           | Saved: 'E:\Games\Epsilon\_retail_\Interface\AddOns\Omega_Hub\Modules\Dice\Media\Smooth\d100\land-007-44.png'
02:53.453  render           | Saved: 'E:\Games\Epsilon\_retail_\Interface\AddOns\Omega_Hub\Modules\Dice\Media\Smooth\d100\land-007-45.png'
02:53.828  render           | Saved: 'E:\Games\Epsilon\_retail_\Interface\AddOns\Omega_Hub\Modules\Dice\Media\Smooth\d100\land-007-46.png'
02:54.187  render           | Saved: 'E:\Games\Epsilon\_retail_\Interface\AddOns\Omega_Hub\Modules\Dice\Media\Smooth\d100\land-007-47.png'
02:54.547  render           | Saved: 'E:\Games\Epsilon\_retail_\Interface\AddOns\Omega_Hub\Modules\Dice\Media\Smooth\d100\land-008-00.png'
02:54.937  render           | Saved: 'E:\Games\Epsilon\_retail_\Interface\AddOns\Omega_Hub\Modules\Dice\Media\Smooth\d100\land-008-01.png'
02:55.312  render           | Saved: 'E:\Games\Epsilon\_retail_\Interface\AddOns\Omega_Hub\Modules\Dice\Media\Smooth\d100\land-008-02.png'
02:55.687  render           | Saved: 'E:\Games\Epsilon\_retail_\Interface\AddOns\Omega_Hub\Modules\Dice\Media\Smooth\d100\land-008-03.png'
02:56.062  render           | Saved: 'E:\Games\Epsilon\_retail_\Interface\AddOns\Omega_Hub\Modules\Dice\Media\Smooth\d100\land-008-04.png'
02:56.437  render           | Saved: 'E:\Games\Epsilon\_retail_\Interface\AddOns\Omega_Hub\Modules\Dice\Media\Smooth\d100\land-008-05.png'
02:56.859  render           | Saved: 'E:\Games\Epsilon\_retail_\Interface\AddOns\Omega_Hub\Modules\Dice\Media\Smooth\d100\land-008-06.png'
02:57.219  render           | Saved: 'E:\Games\Epsilon\_retail_\Interface\AddOns\Omega_Hub\Modules\Dice\Media\Smooth\d100\land-008-07.png'
02:57.625  render           | Saved: 'E:\Games\Epsilon\_retail_\Interface\AddOns\Omega_Hub\Modules\Dice\Media\Smooth\d100\land-008-08.png'
02:58.031  render           | Saved: 'E:\Games\Epsilon\_retail_\Interface\AddOns\Omega_Hub\Modules\Dice\Media\Smooth\d100\land-008-09.png'
02:58.422  render           | Saved: 'E:\Games\Epsilon\_retail_\Interface\AddOns\Omega_Hub\Modules\Dice\Media\Smooth\d100\land-008-10.png'
02:58.828  render           | Saved: 'E:\Games\Epsilon\_retail_\Interface\AddOns\Omega_Hub\Modules\Dice\Media\Smooth\d100\land-008-11.png'
02:59.281  render           | Saved: 'E:\Games\Epsilon\_retail_\Interface\AddOns\Omega_Hub\Modules\Dice\Media\Smooth\d100\land-008-12.png'
02:59.703  render           | Saved: 'E:\Games\Epsilon\_retail_\Interface\AddOns\Omega_Hub\Modules\Dice\Media\Smooth\d100\land-008-13.png'
03:00.156  render           | Saved: 'E:\Games\Epsilon\_retail_\Interface\AddOns\Omega_Hub\Modules\Dice\Media\Smooth\d100\land-008-14.png'
03:00.594  render           | Saved: 'E:\Games\Epsilon\_retail_\Interface\AddOns\Omega_Hub\Modules\Dice\Media\Smooth\d100\land-008-15.png'
03:01.078  render           | Saved: 'E:\Games\Epsilon\_retail_\Interface\AddOns\Omega_Hub\Modules\Dice\Media\Smooth\d100\land-008-16.png'
03:01.531  render           | Saved: 'E:\Games\Epsilon\_retail_\Interface\AddOns\Omega_Hub\Modules\Dice\Media\Smooth\d100\land-008-17.png'
03:01.984  render           | Saved: 'E:\Games\Epsilon\_retail_\Interface\AddOns\Omega_Hub\Modules\Dice\Media\Smooth\d100\land-008-18.png'
03:02.422  render           | Saved: 'E:\Games\Epsilon\_retail_\Interface\AddOns\Omega_Hub\Modules\Dice\Media\Smooth\d100\land-008-19.png'
03:02.875  render           | Saved: 'E:\Games\Epsilon\_retail_\Interface\AddOns\Omega_Hub\Modules\Dice\Media\Smooth\d100\land-008-20.png'
03:03.281  render           | Saved: 'E:\Games\Epsilon\_retail_\Interface\AddOns\Omega_Hub\Modules\Dice\Media\Smooth\d100\land-008-21.png'
03:03.766  render           | Saved: 'E:\Games\Epsilon\_retail_\Interface\AddOns\Omega_Hub\Modules\Dice\Media\Smooth\d100\land-008-22.png'
03:04.203  render           | Saved: 'E:\Games\Epsilon\_retail_\Interface\AddOns\Omega_Hub\Modules\Dice\Media\Smooth\d100\land-008-23.png'
03:04.641  render           | Saved: 'E:\Games\Epsilon\_retail_\Interface\AddOns\Omega_Hub\Modules\Dice\Media\Smooth\d100\land-008-24.png'
03:05.078  render           | Saved: 'E:\Games\Epsilon\_retail_\Interface\AddOns\Omega_Hub\Modules\Dice\Media\Smooth\d100\land-008-25.png'
03:05.547  render           | Saved: 'E:\Games\Epsilon\_retail_\Interface\AddOns\Omega_Hub\Modules\Dice\Media\Smooth\d100\land-008-26.png'
03:06.016  render           | Saved: 'E:\Games\Epsilon\_retail_\Interface\AddOns\Omega_Hub\Modules\Dice\Media\Smooth\d100\land-008-27.png'
03:06.453  render           | Saved: 'E:\Games\Epsilon\_retail_\Interface\AddOns\Omega_Hub\Modules\Dice\Media\Smooth\d100\land-008-28.png'
03:06.906  render           | Saved: 'E:\Games\Epsilon\_retail_\Interface\AddOns\Omega_Hub\Modules\Dice\Media\Smooth\d100\land-008-29.png'
03:07.328  render           | Saved: 'E:\Games\Epsilon\_retail_\Interface\AddOns\Omega_Hub\Modules\Dice\Media\Smooth\d100\land-008-30.png'
03:07.781  render           | Saved: 'E:\Games\Epsilon\_retail_\Interface\AddOns\Omega_Hub\Modules\Dice\Media\Smooth\d100\land-008-31.png'
03:08.234  render           | Saved: 'E:\Games\Epsilon\_retail_\Interface\AddOns\Omega_Hub\Modules\Dice\Media\Smooth\d100\land-008-32.png'
03:08.641  render           | Saved: 'E:\Games\Epsilon\_retail_\Interface\AddOns\Omega_Hub\Modules\Dice\Media\Smooth\d100\land-008-33.png'
03:09.141  render           | Saved: 'E:\Games\Epsilon\_retail_\Interface\AddOns\Omega_Hub\Modules\Dice\Media\Smooth\d100\land-008-34.png'
03:09.609  render           | Saved: 'E:\Games\Epsilon\_retail_\Interface\AddOns\Omega_Hub\Modules\Dice\Media\Smooth\d100\land-008-35.png'
03:10.125  render           | Saved: 'E:\Games\Epsilon\_retail_\Interface\AddOns\Omega_Hub\Modules\Dice\Media\Smooth\d100\land-008-36.png'
03:10.578  render           | Saved: 'E:\Games\Epsilon\_retail_\Interface\AddOns\Omega_Hub\Modules\Dice\Media\Smooth\d100\land-008-37.png'
03:11.016  render           | Saved: 'E:\Games\Epsilon\_retail_\Interface\AddOns\Omega_Hub\Modules\Dice\Media\Smooth\d100\land-008-38.png'
03:11.437  render           | Saved: 'E:\Games\Epsilon\_retail_\Interface\AddOns\Omega_Hub\Modules\Dice\Media\Smooth\d100\land-008-39.png'
03:11.906  render           | Saved: 'E:\Games\Epsilon\_retail_\Interface\AddOns\Omega_Hub\Modules\Dice\Media\Smooth\d100\land-008-40.png'
03:12.359  render           | Saved: 'E:\Games\Epsilon\_retail_\Interface\AddOns\Omega_Hub\Modules\Dice\Media\Smooth\d100\land-008-41.png'
03:12.937  render           | Saved: 'E:\Games\Epsilon\_retail_\Interface\AddOns\Omega_Hub\Modules\Dice\Media\Smooth\d100\land-008-42.png'
03:13.359  render           | Saved: 'E:\Games\Epsilon\_retail_\Interface\AddOns\Omega_Hub\Modules\Dice\Media\Smooth\d100\land-008-43.png'
03:13.766  render           | Saved: 'E:\Games\Epsilon\_retail_\Interface\AddOns\Omega_Hub\Modules\Dice\Media\Smooth\d100\land-008-44.png'
03:14.203  render           | Saved: 'E:\Games\Epsilon\_retail_\Interface\AddOns\Omega_Hub\Modules\Dice\Media\Smooth\d100\land-008-45.png'
03:14.594  render           | Saved: 'E:\Games\Epsilon\_retail_\Interface\AddOns\Omega_Hub\Modules\Dice\Media\Smooth\d100\land-008-46.png'
03:15.062  render           | Saved: 'E:\Games\Epsilon\_retail_\Interface\AddOns\Omega_Hub\Modules\Dice\Media\Smooth\d100\land-008-47.png'
03:15.516  render           | Saved: 'E:\Games\Epsilon\_retail_\Interface\AddOns\Omega_Hub\Modules\Dice\Media\Smooth\d100\land-009-00.png'
03:15.922  render           | Saved: 'E:\Games\Epsilon\_retail_\Interface\AddOns\Omega_Hub\Modules\Dice\Media\Smooth\d100\land-009-01.png'
03:16.391  render           | Saved: 'E:\Games\Epsilon\_retail_\Interface\AddOns\Omega_Hub\Modules\Dice\Media\Smooth\d100\land-009-02.png'
03:16.844  render           | Saved: 'E:\Games\Epsilon\_retail_\Interface\AddOns\Omega_Hub\Modules\Dice\Media\Smooth\d100\land-009-03.png'
03:17.328  render           | Saved: 'E:\Games\Epsilon\_retail_\Interface\AddOns\Omega_Hub\Modules\Dice\Media\Smooth\d100\land-009-04.png'
03:17.766  render           | Saved: 'E:\Games\Epsilon\_retail_\Interface\AddOns\Omega_Hub\Modules\Dice\Media\Smooth\d100\land-009-05.png'
03:18.219  render           | Saved: 'E:\Games\Epsilon\_retail_\Interface\AddOns\Omega_Hub\Modules\Dice\Media\Smooth\d100\land-009-06.png'
03:18.656  render           | Saved: 'E:\Games\Epsilon\_retail_\Interface\AddOns\Omega_Hub\Modules\Dice\Media\Smooth\d100\land-009-07.png'
03:19.141  render           | Saved: 'E:\Games\Epsilon\_retail_\Interface\AddOns\Omega_Hub\Modules\Dice\Media\Smooth\d100\land-009-08.png'
03:19.609  render           | Saved: 'E:\Games\Epsilon\_retail_\Interface\AddOns\Omega_Hub\Modules\Dice\Media\Smooth\d100\land-009-09.png'
03:20.062  render           | Saved: 'E:\Games\Epsilon\_retail_\Interface\AddOns\Omega_Hub\Modules\Dice\Media\Smooth\d100\land-009-10.png'
03:20.516  render           | Saved: 'E:\Games\Epsilon\_retail_\Interface\AddOns\Omega_Hub\Modules\Dice\Media\Smooth\d100\land-009-11.png'
03:20.953  render           | Saved: 'E:\Games\Epsilon\_retail_\Interface\AddOns\Omega_Hub\Modules\Dice\Media\Smooth\d100\land-009-12.png'
03:21.453  render           | Saved: 'E:\Games\Epsilon\_retail_\Interface\AddOns\Omega_Hub\Modules\Dice\Media\Smooth\d100\land-009-13.png'
03:21.891  render           | Saved: 'E:\Games\Epsilon\_retail_\Interface\AddOns\Omega_Hub\Modules\Dice\Media\Smooth\d100\land-009-14.png'
03:22.359  render           | Saved: 'E:\Games\Epsilon\_retail_\Interface\AddOns\Omega_Hub\Modules\Dice\Media\Smooth\d100\land-009-15.png'
03:22.812  render           | Saved: 'E:\Games\Epsilon\_retail_\Interface\AddOns\Omega_Hub\Modules\Dice\Media\Smooth\d100\land-009-16.png'
03:23.234  render           | Saved: 'E:\Games\Epsilon\_retail_\Interface\AddOns\Omega_Hub\Modules\Dice\Media\Smooth\d100\land-009-17.png'
03:23.672  render           | Saved: 'E:\Games\Epsilon\_retail_\Interface\AddOns\Omega_Hub\Modules\Dice\Media\Smooth\d100\land-009-18.png'
03:24.172  render           | Saved: 'E:\Games\Epsilon\_retail_\Interface\AddOns\Omega_Hub\Modules\Dice\Media\Smooth\d100\land-009-19.png'
03:24.656  render           | Saved: 'E:\Games\Epsilon\_retail_\Interface\AddOns\Omega_Hub\Modules\Dice\Media\Smooth\d100\land-009-20.png'
03:25.109  render           | Saved: 'E:\Games\Epsilon\_retail_\Interface\AddOns\Omega_Hub\Modules\Dice\Media\Smooth\d100\land-009-21.png'
03:25.500  render           | Saved: 'E:\Games\Epsilon\_retail_\Interface\AddOns\Omega_Hub\Modules\Dice\Media\Smooth\d100\land-009-22.png'
03:25.906  render           | Saved: 'E:\Games\Epsilon\_retail_\Interface\AddOns\Omega_Hub\Modules\Dice\Media\Smooth\d100\land-009-23.png'
03:26.297  render           | Saved: 'E:\Games\Epsilon\_retail_\Interface\AddOns\Omega_Hub\Modules\Dice\Media\Smooth\d100\land-009-24.png'
03:26.703  render           | Saved: 'E:\Games\Epsilon\_retail_\Interface\AddOns\Omega_Hub\Modules\Dice\Media\Smooth\d100\land-009-25.png'
03:27.094  render           | Saved: 'E:\Games\Epsilon\_retail_\Interface\AddOns\Omega_Hub\Modules\Dice\Media\Smooth\d100\land-009-26.png'
03:27.500  render           | Saved: 'E:\Games\Epsilon\_retail_\Interface\AddOns\Omega_Hub\Modules\Dice\Media\Smooth\d100\land-009-27.png'
03:27.875  render           | Saved: 'E:\Games\Epsilon\_retail_\Interface\AddOns\Omega_Hub\Modules\Dice\Media\Smooth\d100\land-009-28.png'
03:28.266  render           | Saved: 'E:\Games\Epsilon\_retail_\Interface\AddOns\Omega_Hub\Modules\Dice\Media\Smooth\d100\land-009-29.png'
03:28.672  render           | Saved: 'E:\Games\Epsilon\_retail_\Interface\AddOns\Omega_Hub\Modules\Dice\Media\Smooth\d100\land-009-30.png'
03:29.047  render           | Saved: 'E:\Games\Epsilon\_retail_\Interface\AddOns\Omega_Hub\Modules\Dice\Media\Smooth\d100\land-009-31.png'
03:29.453  render           | Saved: 'E:\Games\Epsilon\_retail_\Interface\AddOns\Omega_Hub\Modules\Dice\Media\Smooth\d100\land-009-32.png'
03:29.891  render           | Saved: 'E:\Games\Epsilon\_retail_\Interface\AddOns\Omega_Hub\Modules\Dice\Media\Smooth\d100\land-009-33.png'
03:30.266  render           | Saved: 'E:\Games\Epsilon\_retail_\Interface\AddOns\Omega_Hub\Modules\Dice\Media\Smooth\d100\land-009-34.png'
03:30.687  render           | Saved: 'E:\Games\Epsilon\_retail_\Interface\AddOns\Omega_Hub\Modules\Dice\Media\Smooth\d100\land-009-35.png'
03:31.078  render           | Saved: 'E:\Games\Epsilon\_retail_\Interface\AddOns\Omega_Hub\Modules\Dice\Media\Smooth\d100\land-009-36.png'
03:31.437  render           | Saved: 'E:\Games\Epsilon\_retail_\Interface\AddOns\Omega_Hub\Modules\Dice\Media\Smooth\d100\land-009-37.png'
03:31.812  render           | Saved: 'E:\Games\Epsilon\_retail_\Interface\AddOns\Omega_Hub\Modules\Dice\Media\Smooth\d100\land-009-38.png'
03:32.203  render           | Saved: 'E:\Games\Epsilon\_retail_\Interface\AddOns\Omega_Hub\Modules\Dice\Media\Smooth\d100\land-009-39.png'
03:32.594  render           | Saved: 'E:\Games\Epsilon\_retail_\Interface\AddOns\Omega_Hub\Modules\Dice\Media\Smooth\d100\land-009-40.png'
03:33.000  render           | Saved: 'E:\Games\Epsilon\_retail_\Interface\AddOns\Omega_Hub\Modules\Dice\Media\Smooth\d100\land-009-41.png'
03:33.422  render           | Saved: 'E:\Games\Epsilon\_retail_\Interface\AddOns\Omega_Hub\Modules\Dice\Media\Smooth\d100\land-009-42.png'
03:33.828  render           | Saved: 'E:\Games\Epsilon\_retail_\Interface\AddOns\Omega_Hub\Modules\Dice\Media\Smooth\d100\land-009-43.png'
03:34.203  render           | Saved: 'E:\Games\Epsilon\_retail_\Interface\AddOns\Omega_Hub\Modules\Dice\Media\Smooth\d100\land-009-44.png'
03:34.625  render           | Saved: 'E:\Games\Epsilon\_retail_\Interface\AddOns\Omega_Hub\Modules\Dice\Media\Smooth\d100\land-009-45.png'
03:35.016  render           | Saved: 'E:\Games\Epsilon\_retail_\Interface\AddOns\Omega_Hub\Modules\Dice\Media\Smooth\d100\land-009-46.png'
03:35.422  render           | Saved: 'E:\Games\Epsilon\_retail_\Interface\AddOns\Omega_Hub\Modules\Dice\Media\Smooth\d100\land-009-47.png'
03:35.875  render           | Saved: 'E:\Games\Epsilon\_retail_\Interface\AddOns\Omega_Hub\Modules\Dice\Media\Smooth\d100\land-010-00.png'
03:36.297  render           | Saved: 'E:\Games\Epsilon\_retail_\Interface\AddOns\Omega_Hub\Modules\Dice\Media\Smooth\d100\land-010-01.png'
03:36.734  render           | Saved: 'E:\Games\Epsilon\_retail_\Interface\AddOns\Omega_Hub\Modules\Dice\Media\Smooth\d100\land-010-02.png'
03:37.125  render           | Saved: 'E:\Games\Epsilon\_retail_\Interface\AddOns\Omega_Hub\Modules\Dice\Media\Smooth\d100\land-010-03.png'
03:37.547  render           | Saved: 'E:\Games\Epsilon\_retail_\Interface\AddOns\Omega_Hub\Modules\Dice\Media\Smooth\d100\land-010-04.png'
03:37.922  render           | Saved: 'E:\Games\Epsilon\_retail_\Interface\AddOns\Omega_Hub\Modules\Dice\Media\Smooth\d100\land-010-05.png'
03:38.328  render           | Saved: 'E:\Games\Epsilon\_retail_\Interface\AddOns\Omega_Hub\Modules\Dice\Media\Smooth\d100\land-010-06.png'
03:38.719  render           | Saved: 'E:\Games\Epsilon\_retail_\Interface\AddOns\Omega_Hub\Modules\Dice\Media\Smooth\d100\land-010-07.png'
03:39.109  render           | Saved: 'E:\Games\Epsilon\_retail_\Interface\AddOns\Omega_Hub\Modules\Dice\Media\Smooth\d100\land-010-08.png'
03:39.516  render           | Saved: 'E:\Games\Epsilon\_retail_\Interface\AddOns\Omega_Hub\Modules\Dice\Media\Smooth\d100\land-010-09.png'
03:39.937  render           | Saved: 'E:\Games\Epsilon\_retail_\Interface\AddOns\Omega_Hub\Modules\Dice\Media\Smooth\d100\land-010-10.png'
03:40.328  render           | Saved: 'E:\Games\Epsilon\_retail_\Interface\AddOns\Omega_Hub\Modules\Dice\Media\Smooth\d100\land-010-11.png'
03:40.734  render           | Saved: 'E:\Games\Epsilon\_retail_\Interface\AddOns\Omega_Hub\Modules\Dice\Media\Smooth\d100\land-010-12.png'
03:41.141  render           | Saved: 'E:\Games\Epsilon\_retail_\Interface\AddOns\Omega_Hub\Modules\Dice\Media\Smooth\d100\land-010-13.png'
03:41.562  render           | Saved: 'E:\Games\Epsilon\_retail_\Interface\AddOns\Omega_Hub\Modules\Dice\Media\Smooth\d100\land-010-14.png'
03:41.984  render           | Saved: 'E:\Games\Epsilon\_retail_\Interface\AddOns\Omega_Hub\Modules\Dice\Media\Smooth\d100\land-010-15.png'
03:42.375  render           | Saved: 'E:\Games\Epsilon\_retail_\Interface\AddOns\Omega_Hub\Modules\Dice\Media\Smooth\d100\land-010-16.png'
03:42.781  render           | Saved: 'E:\Games\Epsilon\_retail_\Interface\AddOns\Omega_Hub\Modules\Dice\Media\Smooth\d100\land-010-17.png'
03:43.187  render           | Saved: 'E:\Games\Epsilon\_retail_\Interface\AddOns\Omega_Hub\Modules\Dice\Media\Smooth\d100\land-010-18.png'
03:43.609  render           | Saved: 'E:\Games\Epsilon\_retail_\Interface\AddOns\Omega_Hub\Modules\Dice\Media\Smooth\d100\land-010-19.png'
03:44.016  render           | Saved: 'E:\Games\Epsilon\_retail_\Interface\AddOns\Omega_Hub\Modules\Dice\Media\Smooth\d100\land-010-20.png'
03:44.437  render           | Saved: 'E:\Games\Epsilon\_retail_\Interface\AddOns\Omega_Hub\Modules\Dice\Media\Smooth\d100\land-010-21.png'
03:44.797  render           | Saved: 'E:\Games\Epsilon\_retail_\Interface\AddOns\Omega_Hub\Modules\Dice\Media\Smooth\d100\land-010-22.png'
03:45.234  render           | Saved: 'E:\Games\Epsilon\_retail_\Interface\AddOns\Omega_Hub\Modules\Dice\Media\Smooth\d100\land-010-23.png'
03:45.672  render           | Saved: 'E:\Games\Epsilon\_retail_\Interface\AddOns\Omega_Hub\Modules\Dice\Media\Smooth\d100\land-010-24.png'
03:46.078  render           | Saved: 'E:\Games\Epsilon\_retail_\Interface\AddOns\Omega_Hub\Modules\Dice\Media\Smooth\d100\land-010-25.png'
03:46.516  render           | Saved: 'E:\Games\Epsilon\_retail_\Interface\AddOns\Omega_Hub\Modules\Dice\Media\Smooth\d100\land-010-26.png'
03:46.984  render           | Saved: 'E:\Games\Epsilon\_retail_\Interface\AddOns\Omega_Hub\Modules\Dice\Media\Smooth\d100\land-010-27.png'
03:47.437  render           | Saved: 'E:\Games\Epsilon\_retail_\Interface\AddOns\Omega_Hub\Modules\Dice\Media\Smooth\d100\land-010-28.png'
03:47.891  render           | Saved: 'E:\Games\Epsilon\_retail_\Interface\AddOns\Omega_Hub\Modules\Dice\Media\Smooth\d100\land-010-29.png'
03:48.312  render           | Saved: 'E:\Games\Epsilon\_retail_\Interface\AddOns\Omega_Hub\Modules\Dice\Media\Smooth\d100\land-010-30.png'
03:48.719  render           | Saved: 'E:\Games\Epsilon\_retail_\Interface\AddOns\Omega_Hub\Modules\Dice\Media\Smooth\d100\land-010-31.png'
03:49.094  render           | Saved: 'E:\Games\Epsilon\_retail_\Interface\AddOns\Omega_Hub\Modules\Dice\Media\Smooth\d100\land-010-32.png'
03:49.500  render           | Saved: 'E:\Games\Epsilon\_retail_\Interface\AddOns\Omega_Hub\Modules\Dice\Media\Smooth\d100\land-010-33.png'
03:49.891  render           | Saved: 'E:\Games\Epsilon\_retail_\Interface\AddOns\Omega_Hub\Modules\Dice\Media\Smooth\d100\land-010-34.png'
03:50.281  render           | Saved: 'E:\Games\Epsilon\_retail_\Interface\AddOns\Omega_Hub\Modules\Dice\Media\Smooth\d100\land-010-35.png'
03:50.672  render           | Saved: 'E:\Games\Epsilon\_retail_\Interface\AddOns\Omega_Hub\Modules\Dice\Media\Smooth\d100\land-010-36.png'
03:51.109  render           | Saved: 'E:\Games\Epsilon\_retail_\Interface\AddOns\Omega_Hub\Modules\Dice\Media\Smooth\d100\land-010-37.png'
03:51.516  render           | Saved: 'E:\Games\Epsilon\_retail_\Interface\AddOns\Omega_Hub\Modules\Dice\Media\Smooth\d100\land-010-38.png'
03:51.937  render           | Saved: 'E:\Games\Epsilon\_retail_\Interface\AddOns\Omega_Hub\Modules\Dice\Media\Smooth\d100\land-010-39.png'
03:52.344  render           | Saved: 'E:\Games\Epsilon\_retail_\Interface\AddOns\Omega_Hub\Modules\Dice\Media\Smooth\d100\land-010-40.png'
03:52.766  render           | Saved: 'E:\Games\Epsilon\_retail_\Interface\AddOns\Omega_Hub\Modules\Dice\Media\Smooth\d100\land-010-41.png'
03:53.187  render           | Saved: 'E:\Games\Epsilon\_retail_\Interface\AddOns\Omega_Hub\Modules\Dice\Media\Smooth\d100\land-010-42.png'
03:53.594  render           | Saved: 'E:\Games\Epsilon\_retail_\Interface\AddOns\Omega_Hub\Modules\Dice\Media\Smooth\d100\land-010-43.png'
03:53.953  render           | Saved: 'E:\Games\Epsilon\_retail_\Interface\AddOns\Omega_Hub\Modules\Dice\Media\Smooth\d100\land-010-44.png'
03:54.375  render           | Saved: 'E:\Games\Epsilon\_retail_\Interface\AddOns\Omega_Hub\Modules\Dice\Media\Smooth\d100\land-010-45.png'
03:54.797  render           | Saved: 'E:\Games\Epsilon\_retail_\Interface\AddOns\Omega_Hub\Modules\Dice\Media\Smooth\d100\land-010-46.png'
03:55.187  render           | Saved: 'E:\Games\Epsilon\_retail_\Interface\AddOns\Omega_Hub\Modules\Dice\Media\Smooth\d100\land-010-47.png'
03:55.625  render           | Saved: 'E:\Games\Epsilon\_retail_\Interface\AddOns\Omega_Hub\Modules\Dice\Media\Smooth\d100\land-011-00.png'
03:56.016  render           | Saved: 'E:\Games\Epsilon\_retail_\Interface\AddOns\Omega_Hub\Modules\Dice\Media\Smooth\d100\land-011-01.png'
03:56.422  render           | Saved: 'E:\Games\Epsilon\_retail_\Interface\AddOns\Omega_Hub\Modules\Dice\Media\Smooth\d100\land-011-02.png'
03:56.844  render           | Saved: 'E:\Games\Epsilon\_retail_\Interface\AddOns\Omega_Hub\Modules\Dice\Media\Smooth\d100\land-011-03.png'
03:57.234  render           | Saved: 'E:\Games\Epsilon\_retail_\Interface\AddOns\Omega_Hub\Modules\Dice\Media\Smooth\d100\land-011-04.png'
03:57.625  render           | Saved: 'E:\Games\Epsilon\_retail_\Interface\AddOns\Omega_Hub\Modules\Dice\Media\Smooth\d100\land-011-05.png'
03:58.000  render           | Saved: 'E:\Games\Epsilon\_retail_\Interface\AddOns\Omega_Hub\Modules\Dice\Media\Smooth\d100\land-011-06.png'
03:58.359  render           | Saved: 'E:\Games\Epsilon\_retail_\Interface\AddOns\Omega_Hub\Modules\Dice\Media\Smooth\d100\land-011-07.png'
03:58.719  render           | Saved: 'E:\Games\Epsilon\_retail_\Interface\AddOns\Omega_Hub\Modules\Dice\Media\Smooth\d100\land-011-08.png'
03:59.078  render           | Saved: 'E:\Games\Epsilon\_retail_\Interface\AddOns\Omega_Hub\Modules\Dice\Media\Smooth\d100\land-011-09.png'
03:59.437  render           | Saved: 'E:\Games\Epsilon\_retail_\Interface\AddOns\Omega_Hub\Modules\Dice\Media\Smooth\d100\land-011-10.png'
03:59.828  render           | Saved: 'E:\Games\Epsilon\_retail_\Interface\AddOns\Omega_Hub\Modules\Dice\Media\Smooth\d100\land-011-11.png'
04:00.187  render           | Saved: 'E:\Games\Epsilon\_retail_\Interface\AddOns\Omega_Hub\Modules\Dice\Media\Smooth\d100\land-011-12.png'
04:00.547  render           | Saved: 'E:\Games\Epsilon\_retail_\Interface\AddOns\Omega_Hub\Modules\Dice\Media\Smooth\d100\land-011-13.png'
04:00.906  render           | Saved: 'E:\Games\Epsilon\_retail_\Interface\AddOns\Omega_Hub\Modules\Dice\Media\Smooth\d100\land-011-14.png'
04:01.266  render           | Saved: 'E:\Games\Epsilon\_retail_\Interface\AddOns\Omega_Hub\Modules\Dice\Media\Smooth\d100\land-011-15.png'
04:01.625  render           | Saved: 'E:\Games\Epsilon\_retail_\Interface\AddOns\Omega_Hub\Modules\Dice\Media\Smooth\d100\land-011-16.png'
04:01.984  render           | Saved: 'E:\Games\Epsilon\_retail_\Interface\AddOns\Omega_Hub\Modules\Dice\Media\Smooth\d100\land-011-17.png'
04:02.344  render           | Saved: 'E:\Games\Epsilon\_retail_\Interface\AddOns\Omega_Hub\Modules\Dice\Media\Smooth\d100\land-011-18.png'
04:02.703  render           | Saved: 'E:\Games\Epsilon\_retail_\Interface\AddOns\Omega_Hub\Modules\Dice\Media\Smooth\d100\land-011-19.png'
04:03.062  render           | Saved: 'E:\Games\Epsilon\_retail_\Interface\AddOns\Omega_Hub\Modules\Dice\Media\Smooth\d100\land-011-20.png'
04:03.422  render           | Saved: 'E:\Games\Epsilon\_retail_\Interface\AddOns\Omega_Hub\Modules\Dice\Media\Smooth\d100\land-011-21.png'
04:03.797  render           | Saved: 'E:\Games\Epsilon\_retail_\Interface\AddOns\Omega_Hub\Modules\Dice\Media\Smooth\d100\land-011-22.png'
04:04.141  render           | Saved: 'E:\Games\Epsilon\_retail_\Interface\AddOns\Omega_Hub\Modules\Dice\Media\Smooth\d100\land-011-23.png'
04:04.516  render           | Saved: 'E:\Games\Epsilon\_retail_\Interface\AddOns\Omega_Hub\Modules\Dice\Media\Smooth\d100\land-011-24.png'
04:04.859  render           | Saved: 'E:\Games\Epsilon\_retail_\Interface\AddOns\Omega_Hub\Modules\Dice\Media\Smooth\d100\land-011-25.png'
04:05.234  render           | Saved: 'E:\Games\Epsilon\_retail_\Interface\AddOns\Omega_Hub\Modules\Dice\Media\Smooth\d100\land-011-26.png'
04:05.609  render           | Saved: 'E:\Games\Epsilon\_retail_\Interface\AddOns\Omega_Hub\Modules\Dice\Media\Smooth\d100\land-011-27.png'
04:05.953  render           | Saved: 'E:\Games\Epsilon\_retail_\Interface\AddOns\Omega_Hub\Modules\Dice\Media\Smooth\d100\land-011-28.png'
04:06.312  render           | Saved: 'E:\Games\Epsilon\_retail_\Interface\AddOns\Omega_Hub\Modules\Dice\Media\Smooth\d100\land-011-29.png'
04:06.687  render           | Saved: 'E:\Games\Epsilon\_retail_\Interface\AddOns\Omega_Hub\Modules\Dice\Media\Smooth\d100\land-011-30.png'
04:07.125  render           | Saved: 'E:\Games\Epsilon\_retail_\Interface\AddOns\Omega_Hub\Modules\Dice\Media\Smooth\d100\land-011-31.png'
04:07.547  render           | Saved: 'E:\Games\Epsilon\_retail_\Interface\AddOns\Omega_Hub\Modules\Dice\Media\Smooth\d100\land-011-32.png'
04:08.000  render           | Saved: 'E:\Games\Epsilon\_retail_\Interface\AddOns\Omega_Hub\Modules\Dice\Media\Smooth\d100\land-011-33.png'
04:08.437  render           | Saved: 'E:\Games\Epsilon\_retail_\Interface\AddOns\Omega_Hub\Modules\Dice\Media\Smooth\d100\land-011-34.png'
04:08.875  render           | Saved: 'E:\Games\Epsilon\_retail_\Interface\AddOns\Omega_Hub\Modules\Dice\Media\Smooth\d100\land-011-35.png'
04:09.281  render           | Saved: 'E:\Games\Epsilon\_retail_\Interface\AddOns\Omega_Hub\Modules\Dice\Media\Smooth\d100\land-011-36.png'
04:09.719  render           | Saved: 'E:\Games\Epsilon\_retail_\Interface\AddOns\Omega_Hub\Modules\Dice\Media\Smooth\d100\land-011-37.png'
04:10.187  render           | Saved: 'E:\Games\Epsilon\_retail_\Interface\AddOns\Omega_Hub\Modules\Dice\Media\Smooth\d100\land-011-38.png'
04:10.625  render           | Saved: 'E:\Games\Epsilon\_retail_\Interface\AddOns\Omega_Hub\Modules\Dice\Media\Smooth\d100\land-011-39.png'
04:11.062  render           | Saved: 'E:\Games\Epsilon\_retail_\Interface\AddOns\Omega_Hub\Modules\Dice\Media\Smooth\d100\land-011-40.png'
04:11.484  render           | Saved: 'E:\Games\Epsilon\_retail_\Interface\AddOns\Omega_Hub\Modules\Dice\Media\Smooth\d100\land-011-41.png'
04:11.891  render           | Saved: 'E:\Games\Epsilon\_retail_\Interface\AddOns\Omega_Hub\Modules\Dice\Media\Smooth\d100\land-011-42.png'
04:12.359  render           | Saved: 'E:\Games\Epsilon\_retail_\Interface\AddOns\Omega_Hub\Modules\Dice\Media\Smooth\d100\land-011-43.png'
04:12.781  render           | Saved: 'E:\Games\Epsilon\_retail_\Interface\AddOns\Omega_Hub\Modules\Dice\Media\Smooth\d100\land-011-44.png'
04:13.219  render           | Saved: 'E:\Games\Epsilon\_retail_\Interface\AddOns\Omega_Hub\Modules\Dice\Media\Smooth\d100\land-011-45.png'
04:13.687  render           | Saved: 'E:\Games\Epsilon\_retail_\Interface\AddOns\Omega_Hub\Modules\Dice\Media\Smooth\d100\land-011-46.png'
04:14.125  render           | Saved: 'E:\Games\Epsilon\_retail_\Interface\AddOns\Omega_Hub\Modules\Dice\Media\Smooth\d100\land-011-47.png'
04:14.578  render           | Saved: 'E:\Games\Epsilon\_retail_\Interface\AddOns\Omega_Hub\Modules\Dice\Media\Smooth\d100\land-012-00.png'
04:14.969  render           | Saved: 'E:\Games\Epsilon\_retail_\Interface\AddOns\Omega_Hub\Modules\Dice\Media\Smooth\d100\land-012-01.png'
04:15.391  render           | Saved: 'E:\Games\Epsilon\_retail_\Interface\AddOns\Omega_Hub\Modules\Dice\Media\Smooth\d100\land-012-02.png'
04:15.812  render           | Saved: 'E:\Games\Epsilon\_retail_\Interface\AddOns\Omega_Hub\Modules\Dice\Media\Smooth\d100\land-012-03.png'
04:16.234  render           | Saved: 'E:\Games\Epsilon\_retail_\Interface\AddOns\Omega_Hub\Modules\Dice\Media\Smooth\d100\land-012-04.png'
04:16.656  render           | Saved: 'E:\Games\Epsilon\_retail_\Interface\AddOns\Omega_Hub\Modules\Dice\Media\Smooth\d100\land-012-05.png'
04:17.062  render           | Saved: 'E:\Games\Epsilon\_retail_\Interface\AddOns\Omega_Hub\Modules\Dice\Media\Smooth\d100\land-012-06.png'
04:17.469  render           | Saved: 'E:\Games\Epsilon\_retail_\Interface\AddOns\Omega_Hub\Modules\Dice\Media\Smooth\d100\land-012-07.png'
04:17.906  render           | Saved: 'E:\Games\Epsilon\_retail_\Interface\AddOns\Omega_Hub\Modules\Dice\Media\Smooth\d100\land-012-08.png'
04:18.344  render           | Saved: 'E:\Games\Epsilon\_retail_\Interface\AddOns\Omega_Hub\Modules\Dice\Media\Smooth\d100\land-012-09.png'
04:18.750  render           | Saved: 'E:\Games\Epsilon\_retail_\Interface\AddOns\Omega_Hub\Modules\Dice\Media\Smooth\d100\land-012-10.png'
04:19.172  render           | Saved: 'E:\Games\Epsilon\_retail_\Interface\AddOns\Omega_Hub\Modules\Dice\Media\Smooth\d100\land-012-11.png'
04:19.578  render           | Saved: 'E:\Games\Epsilon\_retail_\Interface\AddOns\Omega_Hub\Modules\Dice\Media\Smooth\d100\land-012-12.png'
04:19.984  render           | Saved: 'E:\Games\Epsilon\_retail_\Interface\AddOns\Omega_Hub\Modules\Dice\Media\Smooth\d100\land-012-13.png'
04:20.391  render           | Saved: 'E:\Games\Epsilon\_retail_\Interface\AddOns\Omega_Hub\Modules\Dice\Media\Smooth\d100\land-012-14.png'
04:20.828  render           | Saved: 'E:\Games\Epsilon\_retail_\Interface\AddOns\Omega_Hub\Modules\Dice\Media\Smooth\d100\land-012-15.png'
04:21.266  render           | Saved: 'E:\Games\Epsilon\_retail_\Interface\AddOns\Omega_Hub\Modules\Dice\Media\Smooth\d100\land-012-16.png'
04:21.656  render           | Saved: 'E:\Games\Epsilon\_retail_\Interface\AddOns\Omega_Hub\Modules\Dice\Media\Smooth\d100\land-012-17.png'
04:22.078  render           | Saved: 'E:\Games\Epsilon\_retail_\Interface\AddOns\Omega_Hub\Modules\Dice\Media\Smooth\d100\land-012-18.png'
04:22.469  render           | Saved: 'E:\Games\Epsilon\_retail_\Interface\AddOns\Omega_Hub\Modules\Dice\Media\Smooth\d100\land-012-19.png'
04:22.875  render           | Saved: 'E:\Games\Epsilon\_retail_\Interface\AddOns\Omega_Hub\Modules\Dice\Media\Smooth\d100\land-012-20.png'
04:23.281  render           | Saved: 'E:\Games\Epsilon\_retail_\Interface\AddOns\Omega_Hub\Modules\Dice\Media\Smooth\d100\land-012-21.png'
04:23.687  render           | Saved: 'E:\Games\Epsilon\_retail_\Interface\AddOns\Omega_Hub\Modules\Dice\Media\Smooth\d100\land-012-22.png'
04:24.094  render           | Saved: 'E:\Games\Epsilon\_retail_\Interface\AddOns\Omega_Hub\Modules\Dice\Media\Smooth\d100\land-012-23.png'
04:24.484  render           | Saved: 'E:\Games\Epsilon\_retail_\Interface\AddOns\Omega_Hub\Modules\Dice\Media\Smooth\d100\land-012-24.png'
04:24.922  render           | Saved: 'E:\Games\Epsilon\_retail_\Interface\AddOns\Omega_Hub\Modules\Dice\Media\Smooth\d100\land-012-25.png'
04:25.297  render           | Saved: 'E:\Games\Epsilon\_retail_\Interface\AddOns\Omega_Hub\Modules\Dice\Media\Smooth\d100\land-012-26.png'
04:25.719  render           | Saved: 'E:\Games\Epsilon\_retail_\Interface\AddOns\Omega_Hub\Modules\Dice\Media\Smooth\d100\land-012-27.png'
04:26.109  render           | Saved: 'E:\Games\Epsilon\_retail_\Interface\AddOns\Omega_Hub\Modules\Dice\Media\Smooth\d100\land-012-28.png'
04:26.516  render           | Saved: 'E:\Games\Epsilon\_retail_\Interface\AddOns\Omega_Hub\Modules\Dice\Media\Smooth\d100\land-012-29.png'
04:26.969  render           | Saved: 'E:\Games\Epsilon\_retail_\Interface\AddOns\Omega_Hub\Modules\Dice\Media\Smooth\d100\land-012-30.png'
04:27.391  render           | Saved: 'E:\Games\Epsilon\_retail_\Interface\AddOns\Omega_Hub\Modules\Dice\Media\Smooth\d100\land-012-31.png'
04:27.844  render           | Saved: 'E:\Games\Epsilon\_retail_\Interface\AddOns\Omega_Hub\Modules\Dice\Media\Smooth\d100\land-012-32.png'
04:28.281  render           | Saved: 'E:\Games\Epsilon\_retail_\Interface\AddOns\Omega_Hub\Modules\Dice\Media\Smooth\d100\land-012-33.png'
04:28.734  render           | Saved: 'E:\Games\Epsilon\_retail_\Interface\AddOns\Omega_Hub\Modules\Dice\Media\Smooth\d100\land-012-34.png'
04:29.172  render           | Saved: 'E:\Games\Epsilon\_retail_\Interface\AddOns\Omega_Hub\Modules\Dice\Media\Smooth\d100\land-012-35.png'
04:29.609  render           | Saved: 'E:\Games\Epsilon\_retail_\Interface\AddOns\Omega_Hub\Modules\Dice\Media\Smooth\d100\land-012-36.png'
04:30.031  render           | Saved: 'E:\Games\Epsilon\_retail_\Interface\AddOns\Omega_Hub\Modules\Dice\Media\Smooth\d100\land-012-37.png'
04:30.469  render           | Saved: 'E:\Games\Epsilon\_retail_\Interface\AddOns\Omega_Hub\Modules\Dice\Media\Smooth\d100\land-012-38.png'
04:30.937  render           | Saved: 'E:\Games\Epsilon\_retail_\Interface\AddOns\Omega_Hub\Modules\Dice\Media\Smooth\d100\land-012-39.png'
04:31.375  render           | Saved: 'E:\Games\Epsilon\_retail_\Interface\AddOns\Omega_Hub\Modules\Dice\Media\Smooth\d100\land-012-40.png'
04:31.812  render           | Saved: 'E:\Games\Epsilon\_retail_\Interface\AddOns\Omega_Hub\Modules\Dice\Media\Smooth\d100\land-012-41.png'
04:32.234  render           | Saved: 'E:\Games\Epsilon\_retail_\Interface\AddOns\Omega_Hub\Modules\Dice\Media\Smooth\d100\land-012-42.png'
04:32.672  render           | Saved: 'E:\Games\Epsilon\_retail_\Interface\AddOns\Omega_Hub\Modules\Dice\Media\Smooth\d100\land-012-43.png'
04:33.141  render           | Saved: 'E:\Games\Epsilon\_retail_\Interface\AddOns\Omega_Hub\Modules\Dice\Media\Smooth\d100\land-012-44.png'
04:33.562  render           | Saved: 'E:\Games\Epsilon\_retail_\Interface\AddOns\Omega_Hub\Modules\Dice\Media\Smooth\d100\land-012-45.png'
04:34.000  render           | Saved: 'E:\Games\Epsilon\_retail_\Interface\AddOns\Omega_Hub\Modules\Dice\Media\Smooth\d100\land-012-46.png'
04:34.437  render           | Saved: 'E:\Games\Epsilon\_retail_\Interface\AddOns\Omega_Hub\Modules\Dice\Media\Smooth\d100\land-012-47.png'
04:34.875  render           | Saved: 'E:\Games\Epsilon\_retail_\Interface\AddOns\Omega_Hub\Modules\Dice\Media\Smooth\d100\land-013-00.png'
04:35.297  render           | Saved: 'E:\Games\Epsilon\_retail_\Interface\AddOns\Omega_Hub\Modules\Dice\Media\Smooth\d100\land-013-01.png'
04:35.734  render           | Saved: 'E:\Games\Epsilon\_retail_\Interface\AddOns\Omega_Hub\Modules\Dice\Media\Smooth\d100\land-013-02.png'
04:36.172  render           | Saved: 'E:\Games\Epsilon\_retail_\Interface\AddOns\Omega_Hub\Modules\Dice\Media\Smooth\d100\land-013-03.png'
04:36.609  render           | Saved: 'E:\Games\Epsilon\_retail_\Interface\AddOns\Omega_Hub\Modules\Dice\Media\Smooth\d100\land-013-04.png'
04:37.094  render           | Saved: 'E:\Games\Epsilon\_retail_\Interface\AddOns\Omega_Hub\Modules\Dice\Media\Smooth\d100\land-013-05.png'
04:37.547  render           | Saved: 'E:\Games\Epsilon\_retail_\Interface\AddOns\Omega_Hub\Modules\Dice\Media\Smooth\d100\land-013-06.png'
04:38.000  render           | Saved: 'E:\Games\Epsilon\_retail_\Interface\AddOns\Omega_Hub\Modules\Dice\Media\Smooth\d100\land-013-07.png'
04:38.469  render           | Saved: 'E:\Games\Epsilon\_retail_\Interface\AddOns\Omega_Hub\Modules\Dice\Media\Smooth\d100\land-013-08.png'
04:38.906  render           | Saved: 'E:\Games\Epsilon\_retail_\Interface\AddOns\Omega_Hub\Modules\Dice\Media\Smooth\d100\land-013-09.png'
04:39.344  render           | Saved: 'E:\Games\Epsilon\_retail_\Interface\AddOns\Omega_Hub\Modules\Dice\Media\Smooth\d100\land-013-10.png'
04:39.797  render           | Saved: 'E:\Games\Epsilon\_retail_\Interface\AddOns\Omega_Hub\Modules\Dice\Media\Smooth\d100\land-013-11.png'
04:40.266  render           | Saved: 'E:\Games\Epsilon\_retail_\Interface\AddOns\Omega_Hub\Modules\Dice\Media\Smooth\d100\land-013-12.png'
04:40.703  render           | Saved: 'E:\Games\Epsilon\_retail_\Interface\AddOns\Omega_Hub\Modules\Dice\Media\Smooth\d100\land-013-13.png'
04:41.187  render           | Saved: 'E:\Games\Epsilon\_retail_\Interface\AddOns\Omega_Hub\Modules\Dice\Media\Smooth\d100\land-013-14.png'
04:41.641  render           | Saved: 'E:\Games\Epsilon\_retail_\Interface\AddOns\Omega_Hub\Modules\Dice\Media\Smooth\d100\land-013-15.png'
04:42.094  render           | Saved: 'E:\Games\Epsilon\_retail_\Interface\AddOns\Omega_Hub\Modules\Dice\Media\Smooth\d100\land-013-16.png'
04:42.547  render           | Saved: 'E:\Games\Epsilon\_retail_\Interface\AddOns\Omega_Hub\Modules\Dice\Media\Smooth\d100\land-013-17.png'
04:43.000  render           | Saved: 'E:\Games\Epsilon\_retail_\Interface\AddOns\Omega_Hub\Modules\Dice\Media\Smooth\d100\land-013-18.png'
04:43.500  render           | Saved: 'E:\Games\Epsilon\_retail_\Interface\AddOns\Omega_Hub\Modules\Dice\Media\Smooth\d100\land-013-19.png'
04:43.937  render           | Saved: 'E:\Games\Epsilon\_retail_\Interface\AddOns\Omega_Hub\Modules\Dice\Media\Smooth\d100\land-013-20.png'
04:44.391  render           | Saved: 'E:\Games\Epsilon\_retail_\Interface\AddOns\Omega_Hub\Modules\Dice\Media\Smooth\d100\land-013-21.png'
04:44.828  render           | Saved: 'E:\Games\Epsilon\_retail_\Interface\AddOns\Omega_Hub\Modules\Dice\Media\Smooth\d100\land-013-22.png'
04:45.297  render           | Saved: 'E:\Games\Epsilon\_retail_\Interface\AddOns\Omega_Hub\Modules\Dice\Media\Smooth\d100\land-013-23.png'
04:45.734  render           | Saved: 'E:\Games\Epsilon\_retail_\Interface\AddOns\Omega_Hub\Modules\Dice\Media\Smooth\d100\land-013-24.png'
04:46.156  render           | Saved: 'E:\Games\Epsilon\_retail_\Interface\AddOns\Omega_Hub\Modules\Dice\Media\Smooth\d100\land-013-25.png'
04:46.641  render           | Saved: 'E:\Games\Epsilon\_retail_\Interface\AddOns\Omega_Hub\Modules\Dice\Media\Smooth\d100\land-013-26.png'
04:47.094  render           | Saved: 'E:\Games\Epsilon\_retail_\Interface\AddOns\Omega_Hub\Modules\Dice\Media\Smooth\d100\land-013-27.png'
04:47.547  render           | Saved: 'E:\Games\Epsilon\_retail_\Interface\AddOns\Omega_Hub\Modules\Dice\Media\Smooth\d100\land-013-28.png'
04:48.062  render           | Saved: 'E:\Games\Epsilon\_retail_\Interface\AddOns\Omega_Hub\Modules\Dice\Media\Smooth\d100\land-013-29.png'
04:48.516  render           | Saved: 'E:\Games\Epsilon\_retail_\Interface\AddOns\Omega_Hub\Modules\Dice\Media\Smooth\d100\land-013-30.png'
04:48.969  render           | Saved: 'E:\Games\Epsilon\_retail_\Interface\AddOns\Omega_Hub\Modules\Dice\Media\Smooth\d100\land-013-31.png'
04:49.453  render           | Saved: 'E:\Games\Epsilon\_retail_\Interface\AddOns\Omega_Hub\Modules\Dice\Media\Smooth\d100\land-013-32.png'
04:49.875  render           | Saved: 'E:\Games\Epsilon\_retail_\Interface\AddOns\Omega_Hub\Modules\Dice\Media\Smooth\d100\land-013-33.png'
04:50.344  render           | Saved: 'E:\Games\Epsilon\_retail_\Interface\AddOns\Omega_Hub\Modules\Dice\Media\Smooth\d100\land-013-34.png'
04:50.781  render           | Saved: 'E:\Games\Epsilon\_retail_\Interface\AddOns\Omega_Hub\Modules\Dice\Media\Smooth\d100\land-013-35.png'
04:51.219  render           | Saved: 'E:\Games\Epsilon\_retail_\Interface\AddOns\Omega_Hub\Modules\Dice\Media\Smooth\d100\land-013-36.png'
04:51.656  render           | Saved: 'E:\Games\Epsilon\_retail_\Interface\AddOns\Omega_Hub\Modules\Dice\Media\Smooth\d100\land-013-37.png'
04:52.109  render           | Saved: 'E:\Games\Epsilon\_retail_\Interface\AddOns\Omega_Hub\Modules\Dice\Media\Smooth\d100\land-013-38.png'
04:52.562  render           | Saved: 'E:\Games\Epsilon\_retail_\Interface\AddOns\Omega_Hub\Modules\Dice\Media\Smooth\d100\land-013-39.png'
04:53.016  render           | Saved: 'E:\Games\Epsilon\_retail_\Interface\AddOns\Omega_Hub\Modules\Dice\Media\Smooth\d100\land-013-40.png'
04:53.469  render           | Saved: 'E:\Games\Epsilon\_retail_\Interface\AddOns\Omega_Hub\Modules\Dice\Media\Smooth\d100\land-013-41.png'
04:53.922  render           | Saved: 'E:\Games\Epsilon\_retail_\Interface\AddOns\Omega_Hub\Modules\Dice\Media\Smooth\d100\land-013-42.png'
04:54.359  render           | Saved: 'E:\Games\Epsilon\_retail_\Interface\AddOns\Omega_Hub\Modules\Dice\Media\Smooth\d100\land-013-43.png'
04:54.812  render           | Saved: 'E:\Games\Epsilon\_retail_\Interface\AddOns\Omega_Hub\Modules\Dice\Media\Smooth\d100\land-013-44.png'
04:55.266  render           | Saved: 'E:\Games\Epsilon\_retail_\Interface\AddOns\Omega_Hub\Modules\Dice\Media\Smooth\d100\land-013-45.png'
04:55.766  render           | Saved: 'E:\Games\Epsilon\_retail_\Interface\AddOns\Omega_Hub\Modules\Dice\Media\Smooth\d100\land-013-46.png'
04:56.234  render           | Saved: 'E:\Games\Epsilon\_retail_\Interface\AddOns\Omega_Hub\Modules\Dice\Media\Smooth\d100\land-013-47.png'
04:56.687  render           | Saved: 'E:\Games\Epsilon\_retail_\Interface\AddOns\Omega_Hub\Modules\Dice\Media\Smooth\d100\land-014-00.png'
04:57.125  render           | Saved: 'E:\Games\Epsilon\_retail_\Interface\AddOns\Omega_Hub\Modules\Dice\Media\Smooth\d100\land-014-01.png'
04:57.562  render           | Saved: 'E:\Games\Epsilon\_retail_\Interface\AddOns\Omega_Hub\Modules\Dice\Media\Smooth\d100\land-014-02.png'
04:58.016  render           | Saved: 'E:\Games\Epsilon\_retail_\Interface\AddOns\Omega_Hub\Modules\Dice\Media\Smooth\d100\land-014-03.png'
04:58.453  render           | Saved: 'E:\Games\Epsilon\_retail_\Interface\AddOns\Omega_Hub\Modules\Dice\Media\Smooth\d100\land-014-04.png'
04:58.891  render           | Saved: 'E:\Games\Epsilon\_retail_\Interface\AddOns\Omega_Hub\Modules\Dice\Media\Smooth\d100\land-014-05.png'
04:59.344  render           | Saved: 'E:\Games\Epsilon\_retail_\Interface\AddOns\Omega_Hub\Modules\Dice\Media\Smooth\d100\land-014-06.png'
04:59.797  render           | Saved: 'E:\Games\Epsilon\_retail_\Interface\AddOns\Omega_Hub\Modules\Dice\Media\Smooth\d100\land-014-07.png'
05:00.266  render           | Saved: 'E:\Games\Epsilon\_retail_\Interface\AddOns\Omega_Hub\Modules\Dice\Media\Smooth\d100\land-014-08.png'
05:00.719  render           | Saved: 'E:\Games\Epsilon\_retail_\Interface\AddOns\Omega_Hub\Modules\Dice\Media\Smooth\d100\land-014-09.png'
05:01.187  render           | Saved: 'E:\Games\Epsilon\_retail_\Interface\AddOns\Omega_Hub\Modules\Dice\Media\Smooth\d100\land-014-10.png'
05:01.656  render           | Saved: 'E:\Games\Epsilon\_retail_\Interface\AddOns\Omega_Hub\Modules\Dice\Media\Smooth\d100\land-014-11.png'
05:02.109  render           | Saved: 'E:\Games\Epsilon\_retail_\Interface\AddOns\Omega_Hub\Modules\Dice\Media\Smooth\d100\land-014-12.png'
05:02.609  render           | Saved: 'E:\Games\Epsilon\_retail_\Interface\AddOns\Omega_Hub\Modules\Dice\Media\Smooth\d100\land-014-13.png'
05:03.062  render           | Saved: 'E:\Games\Epsilon\_retail_\Interface\AddOns\Omega_Hub\Modules\Dice\Media\Smooth\d100\land-014-14.png'
05:03.516  render           | Saved: 'E:\Games\Epsilon\_retail_\Interface\AddOns\Omega_Hub\Modules\Dice\Media\Smooth\d100\land-014-15.png'
05:03.984  render           | Saved: 'E:\Games\Epsilon\_retail_\Interface\AddOns\Omega_Hub\Modules\Dice\Media\Smooth\d100\land-014-16.png'
05:04.453  render           | Saved: 'E:\Games\Epsilon\_retail_\Interface\AddOns\Omega_Hub\Modules\Dice\Media\Smooth\d100\land-014-17.png'
05:04.953  render           | Saved: 'E:\Games\Epsilon\_retail_\Interface\AddOns\Omega_Hub\Modules\Dice\Media\Smooth\d100\land-014-18.png'
05:05.422  render           | Saved: 'E:\Games\Epsilon\_retail_\Interface\AddOns\Omega_Hub\Modules\Dice\Media\Smooth\d100\land-014-19.png'
05:05.891  render           | Saved: 'E:\Games\Epsilon\_retail_\Interface\AddOns\Omega_Hub\Modules\Dice\Media\Smooth\d100\land-014-20.png'
05:06.328  render           | Saved: 'E:\Games\Epsilon\_retail_\Interface\AddOns\Omega_Hub\Modules\Dice\Media\Smooth\d100\land-014-21.png'
05:06.766  render           | Saved: 'E:\Games\Epsilon\_retail_\Interface\AddOns\Omega_Hub\Modules\Dice\Media\Smooth\d100\land-014-22.png'
05:07.219  render           | Saved: 'E:\Games\Epsilon\_retail_\Interface\AddOns\Omega_Hub\Modules\Dice\Media\Smooth\d100\land-014-23.png'
05:07.672  render           | Saved: 'E:\Games\Epsilon\_retail_\Interface\AddOns\Omega_Hub\Modules\Dice\Media\Smooth\d100\land-014-24.png'
05:08.125  render           | Saved: 'E:\Games\Epsilon\_retail_\Interface\AddOns\Omega_Hub\Modules\Dice\Media\Smooth\d100\land-014-25.png'
05:08.641  render           | Saved: 'E:\Games\Epsilon\_retail_\Interface\AddOns\Omega_Hub\Modules\Dice\Media\Smooth\d100\land-014-26.png'
05:09.078  render           | Saved: 'E:\Games\Epsilon\_retail_\Interface\AddOns\Omega_Hub\Modules\Dice\Media\Smooth\d100\land-014-27.png'
05:09.531  render           | Saved: 'E:\Games\Epsilon\_retail_\Interface\AddOns\Omega_Hub\Modules\Dice\Media\Smooth\d100\land-014-28.png'
05:09.969  render           | Saved: 'E:\Games\Epsilon\_retail_\Interface\AddOns\Omega_Hub\Modules\Dice\Media\Smooth\d100\land-014-29.png'
05:10.422  render           | Saved: 'E:\Games\Epsilon\_retail_\Interface\AddOns\Omega_Hub\Modules\Dice\Media\Smooth\d100\land-014-30.png'
05:10.859  render           | Saved: 'E:\Games\Epsilon\_retail_\Interface\AddOns\Omega_Hub\Modules\Dice\Media\Smooth\d100\land-014-31.png'
05:11.344  render           | Saved: 'E:\Games\Epsilon\_retail_\Interface\AddOns\Omega_Hub\Modules\Dice\Media\Smooth\d100\land-014-32.png'
05:11.797  render           | Saved: 'E:\Games\Epsilon\_retail_\Interface\AddOns\Omega_Hub\Modules\Dice\Media\Smooth\d100\land-014-33.png'
05:12.250  render           | Saved: 'E:\Games\Epsilon\_retail_\Interface\AddOns\Omega_Hub\Modules\Dice\Media\Smooth\d100\land-014-34.png'
05:12.703  render           | Saved: 'E:\Games\Epsilon\_retail_\Interface\AddOns\Omega_Hub\Modules\Dice\Media\Smooth\d100\land-014-35.png'
05:13.172  render           | Saved: 'E:\Games\Epsilon\_retail_\Interface\AddOns\Omega_Hub\Modules\Dice\Media\Smooth\d100\land-014-36.png'
05:13.641  render           | Saved: 'E:\Games\Epsilon\_retail_\Interface\AddOns\Omega_Hub\Modules\Dice\Media\Smooth\d100\land-014-37.png'
05:14.141  render           | Saved: 'E:\Games\Epsilon\_retail_\Interface\AddOns\Omega_Hub\Modules\Dice\Media\Smooth\d100\land-014-38.png'
05:14.609  render           | Saved: 'E:\Games\Epsilon\_retail_\Interface\AddOns\Omega_Hub\Modules\Dice\Media\Smooth\d100\land-014-39.png'
05:15.094  render           | Saved: 'E:\Games\Epsilon\_retail_\Interface\AddOns\Omega_Hub\Modules\Dice\Media\Smooth\d100\land-014-40.png'
05:15.547  render           | Saved: 'E:\Games\Epsilon\_retail_\Interface\AddOns\Omega_Hub\Modules\Dice\Media\Smooth\d100\land-014-41.png'
05:16.016  render           | Saved: 'E:\Games\Epsilon\_retail_\Interface\AddOns\Omega_Hub\Modules\Dice\Media\Smooth\d100\land-014-42.png'
05:16.484  render           | Saved: 'E:\Games\Epsilon\_retail_\Interface\AddOns\Omega_Hub\Modules\Dice\Media\Smooth\d100\land-014-43.png'
05:16.984  render           | Saved: 'E:\Games\Epsilon\_retail_\Interface\AddOns\Omega_Hub\Modules\Dice\Media\Smooth\d100\land-014-44.png'
05:17.453  render           | Saved: 'E:\Games\Epsilon\_retail_\Interface\AddOns\Omega_Hub\Modules\Dice\Media\Smooth\d100\land-014-45.png'
05:17.906  render           | Saved: 'E:\Games\Epsilon\_retail_\Interface\AddOns\Omega_Hub\Modules\Dice\Media\Smooth\d100\land-014-46.png'
05:18.375  render           | Saved: 'E:\Games\Epsilon\_retail_\Interface\AddOns\Omega_Hub\Modules\Dice\Media\Smooth\d100\land-014-47.png'
05:18.828  render           | Saved: 'E:\Games\Epsilon\_retail_\Interface\AddOns\Omega_Hub\Modules\Dice\Media\Smooth\d100\land-015-00.png'
05:19.297  render           | Saved: 'E:\Games\Epsilon\_retail_\Interface\AddOns\Omega_Hub\Modules\Dice\Media\Smooth\d100\land-015-01.png'
05:19.766  render           | Saved: 'E:\Games\Epsilon\_retail_\Interface\AddOns\Omega_Hub\Modules\Dice\Media\Smooth\d100\land-015-02.png'
05:20.266  render           | Saved: 'E:\Games\Epsilon\_retail_\Interface\AddOns\Omega_Hub\Modules\Dice\Media\Smooth\d100\land-015-03.png'
05:20.766  render           | Saved: 'E:\Games\Epsilon\_retail_\Interface\AddOns\Omega_Hub\Modules\Dice\Media\Smooth\d100\land-015-04.png'
05:21.234  render           | Saved: 'E:\Games\Epsilon\_retail_\Interface\AddOns\Omega_Hub\Modules\Dice\Media\Smooth\d100\land-015-05.png'
05:21.672  render           | Saved: 'E:\Games\Epsilon\_retail_\Interface\AddOns\Omega_Hub\Modules\Dice\Media\Smooth\d100\land-015-06.png'
05:22.109  render           | Saved: 'E:\Games\Epsilon\_retail_\Interface\AddOns\Omega_Hub\Modules\Dice\Media\Smooth\d100\land-015-07.png'
05:22.562  render           | Saved: 'E:\Games\Epsilon\_retail_\Interface\AddOns\Omega_Hub\Modules\Dice\Media\Smooth\d100\land-015-08.png'
05:23.000  render           | Saved: 'E:\Games\Epsilon\_retail_\Interface\AddOns\Omega_Hub\Modules\Dice\Media\Smooth\d100\land-015-09.png'
05:23.469  render           | Saved: 'E:\Games\Epsilon\_retail_\Interface\AddOns\Omega_Hub\Modules\Dice\Media\Smooth\d100\land-015-10.png'
05:23.922  render           | Saved: 'E:\Games\Epsilon\_retail_\Interface\AddOns\Omega_Hub\Modules\Dice\Media\Smooth\d100\land-015-11.png'
05:24.375  render           | Saved: 'E:\Games\Epsilon\_retail_\Interface\AddOns\Omega_Hub\Modules\Dice\Media\Smooth\d100\land-015-12.png'
05:24.812  render           | Saved: 'E:\Games\Epsilon\_retail_\Interface\AddOns\Omega_Hub\Modules\Dice\Media\Smooth\d100\land-015-13.png'
05:25.266  render           | Saved: 'E:\Games\Epsilon\_retail_\Interface\AddOns\Omega_Hub\Modules\Dice\Media\Smooth\d100\land-015-14.png'
05:25.687  render           | Saved: 'E:\Games\Epsilon\_retail_\Interface\AddOns\Omega_Hub\Modules\Dice\Media\Smooth\d100\land-015-15.png'
05:26.125  render           | Saved: 'E:\Games\Epsilon\_retail_\Interface\AddOns\Omega_Hub\Modules\Dice\Media\Smooth\d100\land-015-16.png'
05:26.562  render           | Saved: 'E:\Games\Epsilon\_retail_\Interface\AddOns\Omega_Hub\Modules\Dice\Media\Smooth\d100\land-015-17.png'
05:26.984  render           | Saved: 'E:\Games\Epsilon\_retail_\Interface\AddOns\Omega_Hub\Modules\Dice\Media\Smooth\d100\land-015-18.png'
05:27.437  render           | Saved: 'E:\Games\Epsilon\_retail_\Interface\AddOns\Omega_Hub\Modules\Dice\Media\Smooth\d100\land-015-19.png'
05:27.859  render           | Saved: 'E:\Games\Epsilon\_retail_\Interface\AddOns\Omega_Hub\Modules\Dice\Media\Smooth\d100\land-015-20.png'
05:28.312  render           | Saved: 'E:\Games\Epsilon\_retail_\Interface\AddOns\Omega_Hub\Modules\Dice\Media\Smooth\d100\land-015-21.png'
05:28.750  render           | Saved: 'E:\Games\Epsilon\_retail_\Interface\AddOns\Omega_Hub\Modules\Dice\Media\Smooth\d100\land-015-22.png'
05:29.187  render           | Saved: 'E:\Games\Epsilon\_retail_\Interface\AddOns\Omega_Hub\Modules\Dice\Media\Smooth\d100\land-015-23.png'
05:29.641  render           | Saved: 'E:\Games\Epsilon\_retail_\Interface\AddOns\Omega_Hub\Modules\Dice\Media\Smooth\d100\land-015-24.png'
05:30.094  render           | Saved: 'E:\Games\Epsilon\_retail_\Interface\AddOns\Omega_Hub\Modules\Dice\Media\Smooth\d100\land-015-25.png'
05:30.562  render           | Saved: 'E:\Games\Epsilon\_retail_\Interface\AddOns\Omega_Hub\Modules\Dice\Media\Smooth\d100\land-015-26.png'
05:31.031  render           | Saved: 'E:\Games\Epsilon\_retail_\Interface\AddOns\Omega_Hub\Modules\Dice\Media\Smooth\d100\land-015-27.png'
05:31.453  render           | Saved: 'E:\Games\Epsilon\_retail_\Interface\AddOns\Omega_Hub\Modules\Dice\Media\Smooth\d100\land-015-28.png'
05:31.906  render           | Saved: 'E:\Games\Epsilon\_retail_\Interface\AddOns\Omega_Hub\Modules\Dice\Media\Smooth\d100\land-015-29.png'
05:32.344  render           | Saved: 'E:\Games\Epsilon\_retail_\Interface\AddOns\Omega_Hub\Modules\Dice\Media\Smooth\d100\land-015-30.png'
05:32.812  render           | Saved: 'E:\Games\Epsilon\_retail_\Interface\AddOns\Omega_Hub\Modules\Dice\Media\Smooth\d100\land-015-31.png'
05:33.312  render           | Saved: 'E:\Games\Epsilon\_retail_\Interface\AddOns\Omega_Hub\Modules\Dice\Media\Smooth\d100\land-015-32.png'
05:33.797  render           | Saved: 'E:\Games\Epsilon\_retail_\Interface\AddOns\Omega_Hub\Modules\Dice\Media\Smooth\d100\land-015-33.png'
05:34.250  render           | Saved: 'E:\Games\Epsilon\_retail_\Interface\AddOns\Omega_Hub\Modules\Dice\Media\Smooth\d100\land-015-34.png'
05:34.719  render           | Saved: 'E:\Games\Epsilon\_retail_\Interface\AddOns\Omega_Hub\Modules\Dice\Media\Smooth\d100\land-015-35.png'
05:35.203  render           | Saved: 'E:\Games\Epsilon\_retail_\Interface\AddOns\Omega_Hub\Modules\Dice\Media\Smooth\d100\land-015-36.png'
05:35.656  render           | Saved: 'E:\Games\Epsilon\_retail_\Interface\AddOns\Omega_Hub\Modules\Dice\Media\Smooth\d100\land-015-37.png'
05:36.125  render           | Saved: 'E:\Games\Epsilon\_retail_\Interface\AddOns\Omega_Hub\Modules\Dice\Media\Smooth\d100\land-015-38.png'
05:36.672  render           | Saved: 'E:\Games\Epsilon\_retail_\Interface\AddOns\Omega_Hub\Modules\Dice\Media\Smooth\d100\land-015-39.png'
05:37.141  render           | Saved: 'E:\Games\Epsilon\_retail_\Interface\AddOns\Omega_Hub\Modules\Dice\Media\Smooth\d100\land-015-40.png'
05:37.625  render           | Saved: 'E:\Games\Epsilon\_retail_\Interface\AddOns\Omega_Hub\Modules\Dice\Media\Smooth\d100\land-015-41.png'
05:38.062  render           | Saved: 'E:\Games\Epsilon\_retail_\Interface\AddOns\Omega_Hub\Modules\Dice\Media\Smooth\d100\land-015-42.png'
05:38.531  render           | Saved: 'E:\Games\Epsilon\_retail_\Interface\AddOns\Omega_Hub\Modules\Dice\Media\Smooth\d100\land-015-43.png'
05:39.000  render           | Saved: 'E:\Games\Epsilon\_retail_\Interface\AddOns\Omega_Hub\Modules\Dice\Media\Smooth\d100\land-015-44.png'
05:39.500  render           | Saved: 'E:\Games\Epsilon\_retail_\Interface\AddOns\Omega_Hub\Modules\Dice\Media\Smooth\d100\land-015-45.png'
05:39.969  render           | Saved: 'E:\Games\Epsilon\_retail_\Interface\AddOns\Omega_Hub\Modules\Dice\Media\Smooth\d100\land-015-46.png'
05:40.437  render           | Saved: 'E:\Games\Epsilon\_retail_\Interface\AddOns\Omega_Hub\Modules\Dice\Media\Smooth\d100\land-015-47.png'
05:40.937  render           | Saved: 'E:\Games\Epsilon\_retail_\Interface\AddOns\Omega_Hub\Modules\Dice\Media\Smooth\d100\land-016-00.png'
05:41.406  render           | Saved: 'E:\Games\Epsilon\_retail_\Interface\AddOns\Omega_Hub\Modules\Dice\Media\Smooth\d100\land-016-01.png'
05:41.922  render           | Saved: 'E:\Games\Epsilon\_retail_\Interface\AddOns\Omega_Hub\Modules\Dice\Media\Smooth\d100\land-016-02.png'
05:42.344  render           | Saved: 'E:\Games\Epsilon\_retail_\Interface\AddOns\Omega_Hub\Modules\Dice\Media\Smooth\d100\land-016-03.png'
05:42.797  render           | Saved: 'E:\Games\Epsilon\_retail_\Interface\AddOns\Omega_Hub\Modules\Dice\Media\Smooth\d100\land-016-04.png'
05:43.219  render           | Saved: 'E:\Games\Epsilon\_retail_\Interface\AddOns\Omega_Hub\Modules\Dice\Media\Smooth\d100\land-016-05.png'
05:43.656  render           | Saved: 'E:\Games\Epsilon\_retail_\Interface\AddOns\Omega_Hub\Modules\Dice\Media\Smooth\d100\land-016-06.png'
05:44.141  render           | Saved: 'E:\Games\Epsilon\_retail_\Interface\AddOns\Omega_Hub\Modules\Dice\Media\Smooth\d100\land-016-07.png'
05:44.578  render           | Saved: 'E:\Games\Epsilon\_retail_\Interface\AddOns\Omega_Hub\Modules\Dice\Media\Smooth\d100\land-016-08.png'
05:45.047  render           | Saved: 'E:\Games\Epsilon\_retail_\Interface\AddOns\Omega_Hub\Modules\Dice\Media\Smooth\d100\land-016-09.png'
05:45.484  render           | Saved: 'E:\Games\Epsilon\_retail_\Interface\AddOns\Omega_Hub\Modules\Dice\Media\Smooth\d100\land-016-10.png'
05:45.922  render           | Saved: 'E:\Games\Epsilon\_retail_\Interface\AddOns\Omega_Hub\Modules\Dice\Media\Smooth\d100\land-016-11.png'
05:46.359  render           | Saved: 'E:\Games\Epsilon\_retail_\Interface\AddOns\Omega_Hub\Modules\Dice\Media\Smooth\d100\land-016-12.png'
05:46.797  render           | Saved: 'E:\Games\Epsilon\_retail_\Interface\AddOns\Omega_Hub\Modules\Dice\Media\Smooth\d100\land-016-13.png'
05:47.266  render           | Saved: 'E:\Games\Epsilon\_retail_\Interface\AddOns\Omega_Hub\Modules\Dice\Media\Smooth\d100\land-016-14.png'
05:47.703  render           | Saved: 'E:\Games\Epsilon\_retail_\Interface\AddOns\Omega_Hub\Modules\Dice\Media\Smooth\d100\land-016-15.png'
05:48.172  render           | Saved: 'E:\Games\Epsilon\_retail_\Interface\AddOns\Omega_Hub\Modules\Dice\Media\Smooth\d100\land-016-16.png'
05:48.641  render           | Saved: 'E:\Games\Epsilon\_retail_\Interface\AddOns\Omega_Hub\Modules\Dice\Media\Smooth\d100\land-016-17.png'
05:49.156  render           | Saved: 'E:\Games\Epsilon\_retail_\Interface\AddOns\Omega_Hub\Modules\Dice\Media\Smooth\d100\land-016-18.png'
05:49.578  render           | Saved: 'E:\Games\Epsilon\_retail_\Interface\AddOns\Omega_Hub\Modules\Dice\Media\Smooth\d100\land-016-19.png'
05:50.016  render           | Saved: 'E:\Games\Epsilon\_retail_\Interface\AddOns\Omega_Hub\Modules\Dice\Media\Smooth\d100\land-016-20.png'
05:50.453  render           | Saved: 'E:\Games\Epsilon\_retail_\Interface\AddOns\Omega_Hub\Modules\Dice\Media\Smooth\d100\land-016-21.png'
05:50.891  render           | Saved: 'E:\Games\Epsilon\_retail_\Interface\AddOns\Omega_Hub\Modules\Dice\Media\Smooth\d100\land-016-22.png'
05:51.312  render           | Saved: 'E:\Games\Epsilon\_retail_\Interface\AddOns\Omega_Hub\Modules\Dice\Media\Smooth\d100\land-016-23.png'
05:51.750  render           | Saved: 'E:\Games\Epsilon\_retail_\Interface\AddOns\Omega_Hub\Modules\Dice\Media\Smooth\d100\land-016-24.png'
05:52.219  render           | Saved: 'E:\Games\Epsilon\_retail_\Interface\AddOns\Omega_Hub\Modules\Dice\Media\Smooth\d100\land-016-25.png'
05:52.656  render           | Saved: 'E:\Games\Epsilon\_retail_\Interface\AddOns\Omega_Hub\Modules\Dice\Media\Smooth\d100\land-016-26.png'
05:53.094  render           | Saved: 'E:\Games\Epsilon\_retail_\Interface\AddOns\Omega_Hub\Modules\Dice\Media\Smooth\d100\land-016-27.png'
05:53.547  render           | Saved: 'E:\Games\Epsilon\_retail_\Interface\AddOns\Omega_Hub\Modules\Dice\Media\Smooth\d100\land-016-28.png'
05:54.000  render           | Saved: 'E:\Games\Epsilon\_retail_\Interface\AddOns\Omega_Hub\Modules\Dice\Media\Smooth\d100\land-016-29.png'
05:54.437  render           | Saved: 'E:\Games\Epsilon\_retail_\Interface\AddOns\Omega_Hub\Modules\Dice\Media\Smooth\d100\land-016-30.png'
05:54.875  render           | Saved: 'E:\Games\Epsilon\_retail_\Interface\AddOns\Omega_Hub\Modules\Dice\Media\Smooth\d100\land-016-31.png'
05:55.328  render           | Saved: 'E:\Games\Epsilon\_retail_\Interface\AddOns\Omega_Hub\Modules\Dice\Media\Smooth\d100\land-016-32.png'
05:55.781  render           | Saved: 'E:\Games\Epsilon\_retail_\Interface\AddOns\Omega_Hub\Modules\Dice\Media\Smooth\d100\land-016-33.png'
05:56.203  render           | Saved: 'E:\Games\Epsilon\_retail_\Interface\AddOns\Omega_Hub\Modules\Dice\Media\Smooth\d100\land-016-34.png'
05:56.656  render           | Saved: 'E:\Games\Epsilon\_retail_\Interface\AddOns\Omega_Hub\Modules\Dice\Media\Smooth\d100\land-016-35.png'
05:57.094  render           | Saved: 'E:\Games\Epsilon\_retail_\Interface\AddOns\Omega_Hub\Modules\Dice\Media\Smooth\d100\land-016-36.png'
05:57.516  render           | Saved: 'E:\Games\Epsilon\_retail_\Interface\AddOns\Omega_Hub\Modules\Dice\Media\Smooth\d100\land-016-37.png'
05:57.969  render           | Saved: 'E:\Games\Epsilon\_retail_\Interface\AddOns\Omega_Hub\Modules\Dice\Media\Smooth\d100\land-016-38.png'
05:58.391  render           | Saved: 'E:\Games\Epsilon\_retail_\Interface\AddOns\Omega_Hub\Modules\Dice\Media\Smooth\d100\land-016-39.png'
05:58.828  render           | Saved: 'E:\Games\Epsilon\_retail_\Interface\AddOns\Omega_Hub\Modules\Dice\Media\Smooth\d100\land-016-40.png'
05:59.266  render           | Saved: 'E:\Games\Epsilon\_retail_\Interface\AddOns\Omega_Hub\Modules\Dice\Media\Smooth\d100\land-016-41.png'
05:59.703  render           | Saved: 'E:\Games\Epsilon\_retail_\Interface\AddOns\Omega_Hub\Modules\Dice\Media\Smooth\d100\land-016-42.png'
06:00.156  render           | Saved: 'E:\Games\Epsilon\_retail_\Interface\AddOns\Omega_Hub\Modules\Dice\Media\Smooth\d100\land-016-43.png'
06:00.594  render           | Saved: 'E:\Games\Epsilon\_retail_\Interface\AddOns\Omega_Hub\Modules\Dice\Media\Smooth\d100\land-016-44.png'
06:01.031  render           | Saved: 'E:\Games\Epsilon\_retail_\Interface\AddOns\Omega_Hub\Modules\Dice\Media\Smooth\d100\land-016-45.png'
06:01.500  render           | Saved: 'E:\Games\Epsilon\_retail_\Interface\AddOns\Omega_Hub\Modules\Dice\Media\Smooth\d100\land-016-46.png'
06:01.953  render           | Saved: 'E:\Games\Epsilon\_retail_\Interface\AddOns\Omega_Hub\Modules\Dice\Media\Smooth\d100\land-016-47.png'
06:02.406  render           | Saved: 'E:\Games\Epsilon\_retail_\Interface\AddOns\Omega_Hub\Modules\Dice\Media\Smooth\d100\land-017-00.png'
06:02.859  render           | Saved: 'E:\Games\Epsilon\_retail_\Interface\AddOns\Omega_Hub\Modules\Dice\Media\Smooth\d100\land-017-01.png'
06:03.297  render           | Saved: 'E:\Games\Epsilon\_retail_\Interface\AddOns\Omega_Hub\Modules\Dice\Media\Smooth\d100\land-017-02.png'
06:03.766  render           | Saved: 'E:\Games\Epsilon\_retail_\Interface\AddOns\Omega_Hub\Modules\Dice\Media\Smooth\d100\land-017-03.png'
06:04.234  render           | Saved: 'E:\Games\Epsilon\_retail_\Interface\AddOns\Omega_Hub\Modules\Dice\Media\Smooth\d100\land-017-04.png'
06:04.672  render           | Saved: 'E:\Games\Epsilon\_retail_\Interface\AddOns\Omega_Hub\Modules\Dice\Media\Smooth\d100\land-017-05.png'
06:05.109  render           | Saved: 'E:\Games\Epsilon\_retail_\Interface\AddOns\Omega_Hub\Modules\Dice\Media\Smooth\d100\land-017-06.png'
06:05.562  render           | Saved: 'E:\Games\Epsilon\_retail_\Interface\AddOns\Omega_Hub\Modules\Dice\Media\Smooth\d100\land-017-07.png'
06:06.016  render           | Saved: 'E:\Games\Epsilon\_retail_\Interface\AddOns\Omega_Hub\Modules\Dice\Media\Smooth\d100\land-017-08.png'
06:06.453  render           | Saved: 'E:\Games\Epsilon\_retail_\Interface\AddOns\Omega_Hub\Modules\Dice\Media\Smooth\d100\land-017-09.png'
06:06.891  render           | Saved: 'E:\Games\Epsilon\_retail_\Interface\AddOns\Omega_Hub\Modules\Dice\Media\Smooth\d100\land-017-10.png'
06:07.312  render           | Saved: 'E:\Games\Epsilon\_retail_\Interface\AddOns\Omega_Hub\Modules\Dice\Media\Smooth\d100\land-017-11.png'
06:07.750  render           | Saved: 'E:\Games\Epsilon\_retail_\Interface\AddOns\Omega_Hub\Modules\Dice\Media\Smooth\d100\land-017-12.png'
06:08.203  render           | Saved: 'E:\Games\Epsilon\_retail_\Interface\AddOns\Omega_Hub\Modules\Dice\Media\Smooth\d100\land-017-13.png'
06:08.672  render           | Saved: 'E:\Games\Epsilon\_retail_\Interface\AddOns\Omega_Hub\Modules\Dice\Media\Smooth\d100\land-017-14.png'
06:09.141  render           | Saved: 'E:\Games\Epsilon\_retail_\Interface\AddOns\Omega_Hub\Modules\Dice\Media\Smooth\d100\land-017-15.png'
06:09.609  render           | Saved: 'E:\Games\Epsilon\_retail_\Interface\AddOns\Omega_Hub\Modules\Dice\Media\Smooth\d100\land-017-16.png'
06:10.062  render           | Saved: 'E:\Games\Epsilon\_retail_\Interface\AddOns\Omega_Hub\Modules\Dice\Media\Smooth\d100\land-017-17.png'
06:10.516  render           | Saved: 'E:\Games\Epsilon\_retail_\Interface\AddOns\Omega_Hub\Modules\Dice\Media\Smooth\d100\land-017-18.png'
06:10.984  render           | Saved: 'E:\Games\Epsilon\_retail_\Interface\AddOns\Omega_Hub\Modules\Dice\Media\Smooth\d100\land-017-19.png'
06:11.422  render           | Saved: 'E:\Games\Epsilon\_retail_\Interface\AddOns\Omega_Hub\Modules\Dice\Media\Smooth\d100\land-017-20.png'
06:11.906  render           | Saved: 'E:\Games\Epsilon\_retail_\Interface\AddOns\Omega_Hub\Modules\Dice\Media\Smooth\d100\land-017-21.png'
06:12.359  render           | Saved: 'E:\Games\Epsilon\_retail_\Interface\AddOns\Omega_Hub\Modules\Dice\Media\Smooth\d100\land-017-22.png'
06:12.828  render           | Saved: 'E:\Games\Epsilon\_retail_\Interface\AddOns\Omega_Hub\Modules\Dice\Media\Smooth\d100\land-017-23.png'
06:13.266  render           | Saved: 'E:\Games\Epsilon\_retail_\Interface\AddOns\Omega_Hub\Modules\Dice\Media\Smooth\d100\land-017-24.png'
06:13.703  render           | Saved: 'E:\Games\Epsilon\_retail_\Interface\AddOns\Omega_Hub\Modules\Dice\Media\Smooth\d100\land-017-25.png'
06:14.156  render           | Saved: 'E:\Games\Epsilon\_retail_\Interface\AddOns\Omega_Hub\Modules\Dice\Media\Smooth\d100\land-017-26.png'
06:14.594  render           | Saved: 'E:\Games\Epsilon\_retail_\Interface\AddOns\Omega_Hub\Modules\Dice\Media\Smooth\d100\land-017-27.png'
06:15.031  render           | Saved: 'E:\Games\Epsilon\_retail_\Interface\AddOns\Omega_Hub\Modules\Dice\Media\Smooth\d100\land-017-28.png'
06:15.484  render           | Saved: 'E:\Games\Epsilon\_retail_\Interface\AddOns\Omega_Hub\Modules\Dice\Media\Smooth\d100\land-017-29.png'
06:15.937  render           | Saved: 'E:\Games\Epsilon\_retail_\Interface\AddOns\Omega_Hub\Modules\Dice\Media\Smooth\d100\land-017-30.png'
06:16.422  render           | Saved: 'E:\Games\Epsilon\_retail_\Interface\AddOns\Omega_Hub\Modules\Dice\Media\Smooth\d100\land-017-31.png'
06:16.891  render           | Saved: 'E:\Games\Epsilon\_retail_\Interface\AddOns\Omega_Hub\Modules\Dice\Media\Smooth\d100\land-017-32.png'
06:17.344  render           | Saved: 'E:\Games\Epsilon\_retail_\Interface\AddOns\Omega_Hub\Modules\Dice\Media\Smooth\d100\land-017-33.png'
06:17.781  render           | Saved: 'E:\Games\Epsilon\_retail_\Interface\AddOns\Omega_Hub\Modules\Dice\Media\Smooth\d100\land-017-34.png'
06:18.219  render           | Saved: 'E:\Games\Epsilon\_retail_\Interface\AddOns\Omega_Hub\Modules\Dice\Media\Smooth\d100\land-017-35.png'
06:18.641  render           | Saved: 'E:\Games\Epsilon\_retail_\Interface\AddOns\Omega_Hub\Modules\Dice\Media\Smooth\d100\land-017-36.png'
06:19.078  render           | Saved: 'E:\Games\Epsilon\_retail_\Interface\AddOns\Omega_Hub\Modules\Dice\Media\Smooth\d100\land-017-37.png'
06:19.516  render           | Saved: 'E:\Games\Epsilon\_retail_\Interface\AddOns\Omega_Hub\Modules\Dice\Media\Smooth\d100\land-017-38.png'
06:19.953  render           | Saved: 'E:\Games\Epsilon\_retail_\Interface\AddOns\Omega_Hub\Modules\Dice\Media\Smooth\d100\land-017-39.png'
06:20.391  render           | Saved: 'E:\Games\Epsilon\_retail_\Interface\AddOns\Omega_Hub\Modules\Dice\Media\Smooth\d100\land-017-40.png'
06:20.828  render           | Saved: 'E:\Games\Epsilon\_retail_\Interface\AddOns\Omega_Hub\Modules\Dice\Media\Smooth\d100\land-017-41.png'
06:21.266  render           | Saved: 'E:\Games\Epsilon\_retail_\Interface\AddOns\Omega_Hub\Modules\Dice\Media\Smooth\d100\land-017-42.png'
06:21.687  render           | Saved: 'E:\Games\Epsilon\_retail_\Interface\AddOns\Omega_Hub\Modules\Dice\Media\Smooth\d100\land-017-43.png'
06:22.141  render           | Saved: 'E:\Games\Epsilon\_retail_\Interface\AddOns\Omega_Hub\Modules\Dice\Media\Smooth\d100\land-017-44.png'
06:22.562  render           | Saved: 'E:\Games\Epsilon\_retail_\Interface\AddOns\Omega_Hub\Modules\Dice\Media\Smooth\d100\land-017-45.png'
06:23.000  render           | Saved: 'E:\Games\Epsilon\_retail_\Interface\AddOns\Omega_Hub\Modules\Dice\Media\Smooth\d100\land-017-46.png'
06:23.437  render           | Saved: 'E:\Games\Epsilon\_retail_\Interface\AddOns\Omega_Hub\Modules\Dice\Media\Smooth\d100\land-017-47.png'
06:23.875  render           | Saved: 'E:\Games\Epsilon\_retail_\Interface\AddOns\Omega_Hub\Modules\Dice\Media\Smooth\d100\land-018-00.png'
06:24.312  render           | Saved: 'E:\Games\Epsilon\_retail_\Interface\AddOns\Omega_Hub\Modules\Dice\Media\Smooth\d100\land-018-01.png'
06:24.766  render           | Saved: 'E:\Games\Epsilon\_retail_\Interface\AddOns\Omega_Hub\Modules\Dice\Media\Smooth\d100\land-018-02.png'
06:25.203  render           | Saved: 'E:\Games\Epsilon\_retail_\Interface\AddOns\Omega_Hub\Modules\Dice\Media\Smooth\d100\land-018-03.png'
06:25.656  render           | Saved: 'E:\Games\Epsilon\_retail_\Interface\AddOns\Omega_Hub\Modules\Dice\Media\Smooth\d100\land-018-04.png'
06:26.125  render           | Saved: 'E:\Games\Epsilon\_retail_\Interface\AddOns\Omega_Hub\Modules\Dice\Media\Smooth\d100\land-018-05.png'
06:26.562  render           | Saved: 'E:\Games\Epsilon\_retail_\Interface\AddOns\Omega_Hub\Modules\Dice\Media\Smooth\d100\land-018-06.png'
06:27.000  render           | Saved: 'E:\Games\Epsilon\_retail_\Interface\AddOns\Omega_Hub\Modules\Dice\Media\Smooth\d100\land-018-07.png'
06:27.484  render           | Saved: 'E:\Games\Epsilon\_retail_\Interface\AddOns\Omega_Hub\Modules\Dice\Media\Smooth\d100\land-018-08.png'
06:27.906  render           | Saved: 'E:\Games\Epsilon\_retail_\Interface\AddOns\Omega_Hub\Modules\Dice\Media\Smooth\d100\land-018-09.png'
06:28.344  render           | Saved: 'E:\Games\Epsilon\_retail_\Interface\AddOns\Omega_Hub\Modules\Dice\Media\Smooth\d100\land-018-10.png'
06:28.828  render           | Saved: 'E:\Games\Epsilon\_retail_\Interface\AddOns\Omega_Hub\Modules\Dice\Media\Smooth\d100\land-018-11.png'
06:29.266  render           | Saved: 'E:\Games\Epsilon\_retail_\Interface\AddOns\Omega_Hub\Modules\Dice\Media\Smooth\d100\land-018-12.png'
06:29.703  render           | Saved: 'E:\Games\Epsilon\_retail_\Interface\AddOns\Omega_Hub\Modules\Dice\Media\Smooth\d100\land-018-13.png'
06:30.156  render           | Saved: 'E:\Games\Epsilon\_retail_\Interface\AddOns\Omega_Hub\Modules\Dice\Media\Smooth\d100\land-018-14.png'
06:30.578  render           | Saved: 'E:\Games\Epsilon\_retail_\Interface\AddOns\Omega_Hub\Modules\Dice\Media\Smooth\d100\land-018-15.png'
06:31.031  render           | Saved: 'E:\Games\Epsilon\_retail_\Interface\AddOns\Omega_Hub\Modules\Dice\Media\Smooth\d100\land-018-16.png'
06:31.484  render           | Saved: 'E:\Games\Epsilon\_retail_\Interface\AddOns\Omega_Hub\Modules\Dice\Media\Smooth\d100\land-018-17.png'
06:31.953  render           | Saved: 'E:\Games\Epsilon\_retail_\Interface\AddOns\Omega_Hub\Modules\Dice\Media\Smooth\d100\land-018-18.png'
06:32.391  render           | Saved: 'E:\Games\Epsilon\_retail_\Interface\AddOns\Omega_Hub\Modules\Dice\Media\Smooth\d100\land-018-19.png'
06:32.875  render           | Saved: 'E:\Games\Epsilon\_retail_\Interface\AddOns\Omega_Hub\Modules\Dice\Media\Smooth\d100\land-018-20.png'
06:33.359  render           | Saved: 'E:\Games\Epsilon\_retail_\Interface\AddOns\Omega_Hub\Modules\Dice\Media\Smooth\d100\land-018-21.png'
06:33.797  render           | Saved: 'E:\Games\Epsilon\_retail_\Interface\AddOns\Omega_Hub\Modules\Dice\Media\Smooth\d100\land-018-22.png'
06:34.219  render           | Saved: 'E:\Games\Epsilon\_retail_\Interface\AddOns\Omega_Hub\Modules\Dice\Media\Smooth\d100\land-018-23.png'
06:34.656  render           | Saved: 'E:\Games\Epsilon\_retail_\Interface\AddOns\Omega_Hub\Modules\Dice\Media\Smooth\d100\land-018-24.png'
06:35.094  render           | Saved: 'E:\Games\Epsilon\_retail_\Interface\AddOns\Omega_Hub\Modules\Dice\Media\Smooth\d100\land-018-25.png'
06:35.547  render           | Saved: 'E:\Games\Epsilon\_retail_\Interface\AddOns\Omega_Hub\Modules\Dice\Media\Smooth\d100\land-018-26.png'
06:36.016  render           | Saved: 'E:\Games\Epsilon\_retail_\Interface\AddOns\Omega_Hub\Modules\Dice\Media\Smooth\d100\land-018-27.png'
06:36.500  render           | Saved: 'E:\Games\Epsilon\_retail_\Interface\AddOns\Omega_Hub\Modules\Dice\Media\Smooth\d100\land-018-28.png'
06:36.953  render           | Saved: 'E:\Games\Epsilon\_retail_\Interface\AddOns\Omega_Hub\Modules\Dice\Media\Smooth\d100\land-018-29.png'
06:37.469  render           | Saved: 'E:\Games\Epsilon\_retail_\Interface\AddOns\Omega_Hub\Modules\Dice\Media\Smooth\d100\land-018-30.png'
06:37.906  render           | Saved: 'E:\Games\Epsilon\_retail_\Interface\AddOns\Omega_Hub\Modules\Dice\Media\Smooth\d100\land-018-31.png'
06:38.359  render           | Saved: 'E:\Games\Epsilon\_retail_\Interface\AddOns\Omega_Hub\Modules\Dice\Media\Smooth\d100\land-018-32.png'
06:38.797  render           | Saved: 'E:\Games\Epsilon\_retail_\Interface\AddOns\Omega_Hub\Modules\Dice\Media\Smooth\d100\land-018-33.png'
06:39.250  render           | Saved: 'E:\Games\Epsilon\_retail_\Interface\AddOns\Omega_Hub\Modules\Dice\Media\Smooth\d100\land-018-34.png'
06:39.672  render           | Saved: 'E:\Games\Epsilon\_retail_\Interface\AddOns\Omega_Hub\Modules\Dice\Media\Smooth\d100\land-018-35.png'
06:40.125  render           | Saved: 'E:\Games\Epsilon\_retail_\Interface\AddOns\Omega_Hub\Modules\Dice\Media\Smooth\d100\land-018-36.png'
06:40.562  render           | Saved: 'E:\Games\Epsilon\_retail_\Interface\AddOns\Omega_Hub\Modules\Dice\Media\Smooth\d100\land-018-37.png'
06:40.984  render           | Saved: 'E:\Games\Epsilon\_retail_\Interface\AddOns\Omega_Hub\Modules\Dice\Media\Smooth\d100\land-018-38.png'
06:41.437  render           | Saved: 'E:\Games\Epsilon\_retail_\Interface\AddOns\Omega_Hub\Modules\Dice\Media\Smooth\d100\land-018-39.png'
06:41.875  render           | Saved: 'E:\Games\Epsilon\_retail_\Interface\AddOns\Omega_Hub\Modules\Dice\Media\Smooth\d100\land-018-40.png'
06:42.344  render           | Saved: 'E:\Games\Epsilon\_retail_\Interface\AddOns\Omega_Hub\Modules\Dice\Media\Smooth\d100\land-018-41.png'
06:42.781  render           | Saved: 'E:\Games\Epsilon\_retail_\Interface\AddOns\Omega_Hub\Modules\Dice\Media\Smooth\d100\land-018-42.png'
06:43.219  render           | Saved: 'E:\Games\Epsilon\_retail_\Interface\AddOns\Omega_Hub\Modules\Dice\Media\Smooth\d100\land-018-43.png'
06:43.672  render           | Saved: 'E:\Games\Epsilon\_retail_\Interface\AddOns\Omega_Hub\Modules\Dice\Media\Smooth\d100\land-018-44.png'
06:44.109  render           | Saved: 'E:\Games\Epsilon\_retail_\Interface\AddOns\Omega_Hub\Modules\Dice\Media\Smooth\d100\land-018-45.png'
06:44.531  render           | Saved: 'E:\Games\Epsilon\_retail_\Interface\AddOns\Omega_Hub\Modules\Dice\Media\Smooth\d100\land-018-46.png'
06:44.984  render           | Saved: 'E:\Games\Epsilon\_retail_\Interface\AddOns\Omega_Hub\Modules\Dice\Media\Smooth\d100\land-018-47.png'
06:45.422  render           | Saved: 'E:\Games\Epsilon\_retail_\Interface\AddOns\Omega_Hub\Modules\Dice\Media\Smooth\d100\land-019-00.png'
06:45.859  render           | Saved: 'E:\Games\Epsilon\_retail_\Interface\AddOns\Omega_Hub\Modules\Dice\Media\Smooth\d100\land-019-01.png'
06:46.297  render           | Saved: 'E:\Games\Epsilon\_retail_\Interface\AddOns\Omega_Hub\Modules\Dice\Media\Smooth\d100\land-019-02.png'
06:46.750  render           | Saved: 'E:\Games\Epsilon\_retail_\Interface\AddOns\Omega_Hub\Modules\Dice\Media\Smooth\d100\land-019-03.png'
06:47.187  render           | Saved: 'E:\Games\Epsilon\_retail_\Interface\AddOns\Omega_Hub\Modules\Dice\Media\Smooth\d100\land-019-04.png'
06:47.625  render           | Saved: 'E:\Games\Epsilon\_retail_\Interface\AddOns\Omega_Hub\Modules\Dice\Media\Smooth\d100\land-019-05.png'
06:48.062  render           | Saved: 'E:\Games\Epsilon\_retail_\Interface\AddOns\Omega_Hub\Modules\Dice\Media\Smooth\d100\land-019-06.png'
06:48.516  render           | Saved: 'E:\Games\Epsilon\_retail_\Interface\AddOns\Omega_Hub\Modules\Dice\Media\Smooth\d100\land-019-07.png'
06:48.953  render           | Saved: 'E:\Games\Epsilon\_retail_\Interface\AddOns\Omega_Hub\Modules\Dice\Media\Smooth\d100\land-019-08.png'
06:49.391  render           | Saved: 'E:\Games\Epsilon\_retail_\Interface\AddOns\Omega_Hub\Modules\Dice\Media\Smooth\d100\land-019-09.png'
06:49.844  render           | Saved: 'E:\Games\Epsilon\_retail_\Interface\AddOns\Omega_Hub\Modules\Dice\Media\Smooth\d100\land-019-10.png'
06:50.297  render           | Saved: 'E:\Games\Epsilon\_retail_\Interface\AddOns\Omega_Hub\Modules\Dice\Media\Smooth\d100\land-019-11.png'
06:50.750  render           | Saved: 'E:\Games\Epsilon\_retail_\Interface\AddOns\Omega_Hub\Modules\Dice\Media\Smooth\d100\land-019-12.png'
06:51.203  render           | Saved: 'E:\Games\Epsilon\_retail_\Interface\AddOns\Omega_Hub\Modules\Dice\Media\Smooth\d100\land-019-13.png'
06:51.641  render           | Saved: 'E:\Games\Epsilon\_retail_\Interface\AddOns\Omega_Hub\Modules\Dice\Media\Smooth\d100\land-019-14.png'
06:52.109  render           | Saved: 'E:\Games\Epsilon\_retail_\Interface\AddOns\Omega_Hub\Modules\Dice\Media\Smooth\d100\land-019-15.png'
06:52.547  render           | Saved: 'E:\Games\Epsilon\_retail_\Interface\AddOns\Omega_Hub\Modules\Dice\Media\Smooth\d100\land-019-16.png'
06:53.016  render           | Saved: 'E:\Games\Epsilon\_retail_\Interface\AddOns\Omega_Hub\Modules\Dice\Media\Smooth\d100\land-019-17.png'
06:53.453  render           | Saved: 'E:\Games\Epsilon\_retail_\Interface\AddOns\Omega_Hub\Modules\Dice\Media\Smooth\d100\land-019-18.png'
06:53.906  render           | Saved: 'E:\Games\Epsilon\_retail_\Interface\AddOns\Omega_Hub\Modules\Dice\Media\Smooth\d100\land-019-19.png'
06:54.359  render           | Saved: 'E:\Games\Epsilon\_retail_\Interface\AddOns\Omega_Hub\Modules\Dice\Media\Smooth\d100\land-019-20.png'
06:54.812  render           | Saved: 'E:\Games\Epsilon\_retail_\Interface\AddOns\Omega_Hub\Modules\Dice\Media\Smooth\d100\land-019-21.png'
06:55.250  render           | Saved: 'E:\Games\Epsilon\_retail_\Interface\AddOns\Omega_Hub\Modules\Dice\Media\Smooth\d100\land-019-22.png'
06:55.719  render           | Saved: 'E:\Games\Epsilon\_retail_\Interface\AddOns\Omega_Hub\Modules\Dice\Media\Smooth\d100\land-019-23.png'
06:56.172  render           | Saved: 'E:\Games\Epsilon\_retail_\Interface\AddOns\Omega_Hub\Modules\Dice\Media\Smooth\d100\land-019-24.png'
06:56.609  render           | Saved: 'E:\Games\Epsilon\_retail_\Interface\AddOns\Omega_Hub\Modules\Dice\Media\Smooth\d100\land-019-25.png'
06:57.062  render           | Saved: 'E:\Games\Epsilon\_retail_\Interface\AddOns\Omega_Hub\Modules\Dice\Media\Smooth\d100\land-019-26.png'
06:57.531  render           | Saved: 'E:\Games\Epsilon\_retail_\Interface\AddOns\Omega_Hub\Modules\Dice\Media\Smooth\d100\land-019-27.png'
06:57.969  render           | Saved: 'E:\Games\Epsilon\_retail_\Interface\AddOns\Omega_Hub\Modules\Dice\Media\Smooth\d100\land-019-28.png'
06:58.422  render           | Saved: 'E:\Games\Epsilon\_retail_\Interface\AddOns\Omega_Hub\Modules\Dice\Media\Smooth\d100\land-019-29.png'
06:58.875  render           | Saved: 'E:\Games\Epsilon\_retail_\Interface\AddOns\Omega_Hub\Modules\Dice\Media\Smooth\d100\land-019-30.png'
06:59.344  render           | Saved: 'E:\Games\Epsilon\_retail_\Interface\AddOns\Omega_Hub\Modules\Dice\Media\Smooth\d100\land-019-31.png'
06:59.797  render           | Saved: 'E:\Games\Epsilon\_retail_\Interface\AddOns\Omega_Hub\Modules\Dice\Media\Smooth\d100\land-019-32.png'
07:00.250  render           | Saved: 'E:\Games\Epsilon\_retail_\Interface\AddOns\Omega_Hub\Modules\Dice\Media\Smooth\d100\land-019-33.png'
07:00.703  render           | Saved: 'E:\Games\Epsilon\_retail_\Interface\AddOns\Omega_Hub\Modules\Dice\Media\Smooth\d100\land-019-34.png'
07:01.156  render           | Saved: 'E:\Games\Epsilon\_retail_\Interface\AddOns\Omega_Hub\Modules\Dice\Media\Smooth\d100\land-019-35.png'
07:01.594  render           | Saved: 'E:\Games\Epsilon\_retail_\Interface\AddOns\Omega_Hub\Modules\Dice\Media\Smooth\d100\land-019-36.png'
07:02.047  render           | Saved: 'E:\Games\Epsilon\_retail_\Interface\AddOns\Omega_Hub\Modules\Dice\Media\Smooth\d100\land-019-37.png'
07:02.500  render           | Saved: 'E:\Games\Epsilon\_retail_\Interface\AddOns\Omega_Hub\Modules\Dice\Media\Smooth\d100\land-019-38.png'
07:02.937  render           | Saved: 'E:\Games\Epsilon\_retail_\Interface\AddOns\Omega_Hub\Modules\Dice\Media\Smooth\d100\land-019-39.png'
07:03.375  render           | Saved: 'E:\Games\Epsilon\_retail_\Interface\AddOns\Omega_Hub\Modules\Dice\Media\Smooth\d100\land-019-40.png'
07:03.812  render           | Saved: 'E:\Games\Epsilon\_retail_\Interface\AddOns\Omega_Hub\Modules\Dice\Media\Smooth\d100\land-019-41.png'
07:04.250  render           | Saved: 'E:\Games\Epsilon\_retail_\Interface\AddOns\Omega_Hub\Modules\Dice\Media\Smooth\d100\land-019-42.png'
07:04.703  render           | Saved: 'E:\Games\Epsilon\_retail_\Interface\AddOns\Omega_Hub\Modules\Dice\Media\Smooth\d100\land-019-43.png'
07:05.172  render           | Saved: 'E:\Games\Epsilon\_retail_\Interface\AddOns\Omega_Hub\Modules\Dice\Media\Smooth\d100\land-019-44.png'
07:05.625  render           | Saved: 'E:\Games\Epsilon\_retail_\Interface\AddOns\Omega_Hub\Modules\Dice\Media\Smooth\d100\land-019-45.png'
07:06.062  render           | Saved: 'E:\Games\Epsilon\_retail_\Interface\AddOns\Omega_Hub\Modules\Dice\Media\Smooth\d100\land-019-46.png'
07:06.531  render           | Saved: 'E:\Games\Epsilon\_retail_\Interface\AddOns\Omega_Hub\Modules\Dice\Media\Smooth\d100\land-019-47.png'
07:06.969  render           | Saved: 'E:\Games\Epsilon\_retail_\Interface\AddOns\Omega_Hub\Modules\Dice\Media\Smooth\d100\land-020-00.png'
07:07.422  render           | Saved: 'E:\Games\Epsilon\_retail_\Interface\AddOns\Omega_Hub\Modules\Dice\Media\Smooth\d100\land-020-01.png'
07:07.875  render           | Saved: 'E:\Games\Epsilon\_retail_\Interface\AddOns\Omega_Hub\Modules\Dice\Media\Smooth\d100\land-020-02.png'
07:08.312  render           | Saved: 'E:\Games\Epsilon\_retail_\Interface\AddOns\Omega_Hub\Modules\Dice\Media\Smooth\d100\land-020-03.png'
07:08.766  render           | Saved: 'E:\Games\Epsilon\_retail_\Interface\AddOns\Omega_Hub\Modules\Dice\Media\Smooth\d100\land-020-04.png'
07:09.203  render           | Saved: 'E:\Games\Epsilon\_retail_\Interface\AddOns\Omega_Hub\Modules\Dice\Media\Smooth\d100\land-020-05.png'
07:09.641  render           | Saved: 'E:\Games\Epsilon\_retail_\Interface\AddOns\Omega_Hub\Modules\Dice\Media\Smooth\d100\land-020-06.png'
07:10.078  render           | Saved: 'E:\Games\Epsilon\_retail_\Interface\AddOns\Omega_Hub\Modules\Dice\Media\Smooth\d100\land-020-07.png'
07:10.531  render           | Saved: 'E:\Games\Epsilon\_retail_\Interface\AddOns\Omega_Hub\Modules\Dice\Media\Smooth\d100\land-020-08.png'
07:10.969  render           | Saved: 'E:\Games\Epsilon\_retail_\Interface\AddOns\Omega_Hub\Modules\Dice\Media\Smooth\d100\land-020-09.png'
07:11.406  render           | Saved: 'E:\Games\Epsilon\_retail_\Interface\AddOns\Omega_Hub\Modules\Dice\Media\Smooth\d100\land-020-10.png'
07:11.859  render           | Saved: 'E:\Games\Epsilon\_retail_\Interface\AddOns\Omega_Hub\Modules\Dice\Media\Smooth\d100\land-020-11.png'
07:12.312  render           | Saved: 'E:\Games\Epsilon\_retail_\Interface\AddOns\Omega_Hub\Modules\Dice\Media\Smooth\d100\land-020-12.png'
07:12.750  render           | Saved: 'E:\Games\Epsilon\_retail_\Interface\AddOns\Omega_Hub\Modules\Dice\Media\Smooth\d100\land-020-13.png'
07:13.203  render           | Saved: 'E:\Games\Epsilon\_retail_\Interface\AddOns\Omega_Hub\Modules\Dice\Media\Smooth\d100\land-020-14.png'
07:13.656  render           | Saved: 'E:\Games\Epsilon\_retail_\Interface\AddOns\Omega_Hub\Modules\Dice\Media\Smooth\d100\land-020-15.png'
07:14.109  render           | Saved: 'E:\Games\Epsilon\_retail_\Interface\AddOns\Omega_Hub\Modules\Dice\Media\Smooth\d100\land-020-16.png'
07:14.562  render           | Saved: 'E:\Games\Epsilon\_retail_\Interface\AddOns\Omega_Hub\Modules\Dice\Media\Smooth\d100\land-020-17.png'
07:15.000  render           | Saved: 'E:\Games\Epsilon\_retail_\Interface\AddOns\Omega_Hub\Modules\Dice\Media\Smooth\d100\land-020-18.png'
07:15.453  render           | Saved: 'E:\Games\Epsilon\_retail_\Interface\AddOns\Omega_Hub\Modules\Dice\Media\Smooth\d100\land-020-19.png'
07:15.906  render           | Saved: 'E:\Games\Epsilon\_retail_\Interface\AddOns\Omega_Hub\Modules\Dice\Media\Smooth\d100\land-020-20.png'
07:16.375  render           | Saved: 'E:\Games\Epsilon\_retail_\Interface\AddOns\Omega_Hub\Modules\Dice\Media\Smooth\d100\land-020-21.png'
07:16.828  render           | Saved: 'E:\Games\Epsilon\_retail_\Interface\AddOns\Omega_Hub\Modules\Dice\Media\Smooth\d100\land-020-22.png'
07:17.281  render           | Saved: 'E:\Games\Epsilon\_retail_\Interface\AddOns\Omega_Hub\Modules\Dice\Media\Smooth\d100\land-020-23.png'
07:17.719  render           | Saved: 'E:\Games\Epsilon\_retail_\Interface\AddOns\Omega_Hub\Modules\Dice\Media\Smooth\d100\land-020-24.png'
07:18.156  render           | Saved: 'E:\Games\Epsilon\_retail_\Interface\AddOns\Omega_Hub\Modules\Dice\Media\Smooth\d100\land-020-25.png'
07:18.594  render           | Saved: 'E:\Games\Epsilon\_retail_\Interface\AddOns\Omega_Hub\Modules\Dice\Media\Smooth\d100\land-020-26.png'
07:19.047  render           | Saved: 'E:\Games\Epsilon\_retail_\Interface\AddOns\Omega_Hub\Modules\Dice\Media\Smooth\d100\land-020-27.png'
07:19.547  render           | Saved: 'E:\Games\Epsilon\_retail_\Interface\AddOns\Omega_Hub\Modules\Dice\Media\Smooth\d100\land-020-28.png'
07:20.016  render           | Saved: 'E:\Games\Epsilon\_retail_\Interface\AddOns\Omega_Hub\Modules\Dice\Media\Smooth\d100\land-020-29.png'
07:20.453  render           | Saved: 'E:\Games\Epsilon\_retail_\Interface\AddOns\Omega_Hub\Modules\Dice\Media\Smooth\d100\land-020-30.png'
07:20.906  render           | Saved: 'E:\Games\Epsilon\_retail_\Interface\AddOns\Omega_Hub\Modules\Dice\Media\Smooth\d100\land-020-31.png'
07:21.359  render           | Saved: 'E:\Games\Epsilon\_retail_\Interface\AddOns\Omega_Hub\Modules\Dice\Media\Smooth\d100\land-020-32.png'
07:21.812  render           | Saved: 'E:\Games\Epsilon\_retail_\Interface\AddOns\Omega_Hub\Modules\Dice\Media\Smooth\d100\land-020-33.png'
07:22.297  render           | Saved: 'E:\Games\Epsilon\_retail_\Interface\AddOns\Omega_Hub\Modules\Dice\Media\Smooth\d100\land-020-34.png'
07:22.781  render           | Saved: 'E:\Games\Epsilon\_retail_\Interface\AddOns\Omega_Hub\Modules\Dice\Media\Smooth\d100\land-020-35.png'
07:23.266  render           | Saved: 'E:\Games\Epsilon\_retail_\Interface\AddOns\Omega_Hub\Modules\Dice\Media\Smooth\d100\land-020-36.png'
07:23.687  render           | Saved: 'E:\Games\Epsilon\_retail_\Interface\AddOns\Omega_Hub\Modules\Dice\Media\Smooth\d100\land-020-37.png'
07:24.062  render           | Saved: 'E:\Games\Epsilon\_retail_\Interface\AddOns\Omega_Hub\Modules\Dice\Media\Smooth\d100\land-020-38.png'
07:24.437  render           | Saved: 'E:\Games\Epsilon\_retail_\Interface\AddOns\Omega_Hub\Modules\Dice\Media\Smooth\d100\land-020-39.png'
07:24.812  render           | Saved: 'E:\Games\Epsilon\_retail_\Interface\AddOns\Omega_Hub\Modules\Dice\Media\Smooth\d100\land-020-40.png'
07:25.219  render           | Saved: 'E:\Games\Epsilon\_retail_\Interface\AddOns\Omega_Hub\Modules\Dice\Media\Smooth\d100\land-020-41.png'
07:25.562  render           | Saved: 'E:\Games\Epsilon\_retail_\Interface\AddOns\Omega_Hub\Modules\Dice\Media\Smooth\d100\land-020-42.png'
07:25.906  render           | Saved: 'E:\Games\Epsilon\_retail_\Interface\AddOns\Omega_Hub\Modules\Dice\Media\Smooth\d100\land-020-43.png'
07:26.328  render           | Saved: 'E:\Games\Epsilon\_retail_\Interface\AddOns\Omega_Hub\Modules\Dice\Media\Smooth\d100\land-020-44.png'
07:26.719  render           | Saved: 'E:\Games\Epsilon\_retail_\Interface\AddOns\Omega_Hub\Modules\Dice\Media\Smooth\d100\land-020-45.png'
07:27.062  render           | Saved: 'E:\Games\Epsilon\_retail_\Interface\AddOns\Omega_Hub\Modules\Dice\Media\Smooth\d100\land-020-46.png'
07:27.422  render           | Saved: 'E:\Games\Epsilon\_retail_\Interface\AddOns\Omega_Hub\Modules\Dice\Media\Smooth\d100\land-020-47.png'
07:27.797  render           | Saved: 'E:\Games\Epsilon\_retail_\Interface\AddOns\Omega_Hub\Modules\Dice\Media\Smooth\d100\land-021-00.png'
07:28.156  render           | Saved: 'E:\Games\Epsilon\_retail_\Interface\AddOns\Omega_Hub\Modules\Dice\Media\Smooth\d100\land-021-01.png'
07:28.516  render           | Saved: 'E:\Games\Epsilon\_retail_\Interface\AddOns\Omega_Hub\Modules\Dice\Media\Smooth\d100\land-021-02.png'
07:28.891  render           | Saved: 'E:\Games\Epsilon\_retail_\Interface\AddOns\Omega_Hub\Modules\Dice\Media\Smooth\d100\land-021-03.png'
07:29.281  render           | Saved: 'E:\Games\Epsilon\_retail_\Interface\AddOns\Omega_Hub\Modules\Dice\Media\Smooth\d100\land-021-04.png'
07:29.609  render           | Saved: 'E:\Games\Epsilon\_retail_\Interface\AddOns\Omega_Hub\Modules\Dice\Media\Smooth\d100\land-021-05.png'
07:29.984  render           | Saved: 'E:\Games\Epsilon\_retail_\Interface\AddOns\Omega_Hub\Modules\Dice\Media\Smooth\d100\land-021-06.png'
07:30.359  render           | Saved: 'E:\Games\Epsilon\_retail_\Interface\AddOns\Omega_Hub\Modules\Dice\Media\Smooth\d100\land-021-07.png'
07:30.734  render           | Saved: 'E:\Games\Epsilon\_retail_\Interface\AddOns\Omega_Hub\Modules\Dice\Media\Smooth\d100\land-021-08.png'
07:31.078  render           | Saved: 'E:\Games\Epsilon\_retail_\Interface\AddOns\Omega_Hub\Modules\Dice\Media\Smooth\d100\land-021-09.png'
07:31.437  render           | Saved: 'E:\Games\Epsilon\_retail_\Interface\AddOns\Omega_Hub\Modules\Dice\Media\Smooth\d100\land-021-10.png'
07:31.797  render           | Saved: 'E:\Games\Epsilon\_retail_\Interface\AddOns\Omega_Hub\Modules\Dice\Media\Smooth\d100\land-021-11.png'
07:32.156  render           | Saved: 'E:\Games\Epsilon\_retail_\Interface\AddOns\Omega_Hub\Modules\Dice\Media\Smooth\d100\land-021-12.png'
07:32.516  render           | Saved: 'E:\Games\Epsilon\_retail_\Interface\AddOns\Omega_Hub\Modules\Dice\Media\Smooth\d100\land-021-13.png'
07:32.875  render           | Saved: 'E:\Games\Epsilon\_retail_\Interface\AddOns\Omega_Hub\Modules\Dice\Media\Smooth\d100\land-021-14.png'
07:33.250  render           | Saved: 'E:\Games\Epsilon\_retail_\Interface\AddOns\Omega_Hub\Modules\Dice\Media\Smooth\d100\land-021-15.png'
07:33.625  render           | Saved: 'E:\Games\Epsilon\_retail_\Interface\AddOns\Omega_Hub\Modules\Dice\Media\Smooth\d100\land-021-16.png'
07:33.969  render           | Saved: 'E:\Games\Epsilon\_retail_\Interface\AddOns\Omega_Hub\Modules\Dice\Media\Smooth\d100\land-021-17.png'
07:34.328  render           | Saved: 'E:\Games\Epsilon\_retail_\Interface\AddOns\Omega_Hub\Modules\Dice\Media\Smooth\d100\land-021-18.png'
07:34.687  render           | Saved: 'E:\Games\Epsilon\_retail_\Interface\AddOns\Omega_Hub\Modules\Dice\Media\Smooth\d100\land-021-19.png'
07:35.062  render           | Saved: 'E:\Games\Epsilon\_retail_\Interface\AddOns\Omega_Hub\Modules\Dice\Media\Smooth\d100\land-021-20.png'
07:35.422  render           | Saved: 'E:\Games\Epsilon\_retail_\Interface\AddOns\Omega_Hub\Modules\Dice\Media\Smooth\d100\land-021-21.png'
07:35.766  render           | Saved: 'E:\Games\Epsilon\_retail_\Interface\AddOns\Omega_Hub\Modules\Dice\Media\Smooth\d100\land-021-22.png'
07:36.109  render           | Saved: 'E:\Games\Epsilon\_retail_\Interface\AddOns\Omega_Hub\Modules\Dice\Media\Smooth\d100\land-021-23.png'
07:36.469  render           | Saved: 'E:\Games\Epsilon\_retail_\Interface\AddOns\Omega_Hub\Modules\Dice\Media\Smooth\d100\land-021-24.png'
07:36.812  render           | Saved: 'E:\Games\Epsilon\_retail_\Interface\AddOns\Omega_Hub\Modules\Dice\Media\Smooth\d100\land-021-25.png'
07:37.187  render           | Saved: 'E:\Games\Epsilon\_retail_\Interface\AddOns\Omega_Hub\Modules\Dice\Media\Smooth\d100\land-021-26.png'
07:37.531  render           | Saved: 'E:\Games\Epsilon\_retail_\Interface\AddOns\Omega_Hub\Modules\Dice\Media\Smooth\d100\land-021-27.png'
07:37.906  render           | Saved: 'E:\Games\Epsilon\_retail_\Interface\AddOns\Omega_Hub\Modules\Dice\Media\Smooth\d100\land-021-28.png'
07:38.281  render           | Saved: 'E:\Games\Epsilon\_retail_\Interface\AddOns\Omega_Hub\Modules\Dice\Media\Smooth\d100\land-021-29.png'
07:38.641  render           | Saved: 'E:\Games\Epsilon\_retail_\Interface\AddOns\Omega_Hub\Modules\Dice\Media\Smooth\d100\land-021-30.png'
07:39.000  render           | Saved: 'E:\Games\Epsilon\_retail_\Interface\AddOns\Omega_Hub\Modules\Dice\Media\Smooth\d100\land-021-31.png'
07:39.359  render           | Saved: 'E:\Games\Epsilon\_retail_\Interface\AddOns\Omega_Hub\Modules\Dice\Media\Smooth\d100\land-021-32.png'
07:39.734  render           | Saved: 'E:\Games\Epsilon\_retail_\Interface\AddOns\Omega_Hub\Modules\Dice\Media\Smooth\d100\land-021-33.png'
07:40.078  render           | Saved: 'E:\Games\Epsilon\_retail_\Interface\AddOns\Omega_Hub\Modules\Dice\Media\Smooth\d100\land-021-34.png'
07:40.437  render           | Saved: 'E:\Games\Epsilon\_retail_\Interface\AddOns\Omega_Hub\Modules\Dice\Media\Smooth\d100\land-021-35.png'
07:40.828  render           | Saved: 'E:\Games\Epsilon\_retail_\Interface\AddOns\Omega_Hub\Modules\Dice\Media\Smooth\d100\land-021-36.png'
07:41.187  render           | Saved: 'E:\Games\Epsilon\_retail_\Interface\AddOns\Omega_Hub\Modules\Dice\Media\Smooth\d100\land-021-37.png'
07:41.547  render           | Saved: 'E:\Games\Epsilon\_retail_\Interface\AddOns\Omega_Hub\Modules\Dice\Media\Smooth\d100\land-021-38.png'
07:41.906  render           | Saved: 'E:\Games\Epsilon\_retail_\Interface\AddOns\Omega_Hub\Modules\Dice\Media\Smooth\d100\land-021-39.png'
07:42.281  render           | Saved: 'E:\Games\Epsilon\_retail_\Interface\AddOns\Omega_Hub\Modules\Dice\Media\Smooth\d100\land-021-40.png'
07:42.641  render           | Saved: 'E:\Games\Epsilon\_retail_\Interface\AddOns\Omega_Hub\Modules\Dice\Media\Smooth\d100\land-021-41.png'
07:42.984  render           | Saved: 'E:\Games\Epsilon\_retail_\Interface\AddOns\Omega_Hub\Modules\Dice\Media\Smooth\d100\land-021-42.png'
07:43.328  render           | Saved: 'E:\Games\Epsilon\_retail_\Interface\AddOns\Omega_Hub\Modules\Dice\Media\Smooth\d100\land-021-43.png'
07:43.703  render           | Saved: 'E:\Games\Epsilon\_retail_\Interface\AddOns\Omega_Hub\Modules\Dice\Media\Smooth\d100\land-021-44.png'
07:44.047  render           | Saved: 'E:\Games\Epsilon\_retail_\Interface\AddOns\Omega_Hub\Modules\Dice\Media\Smooth\d100\land-021-45.png'
07:44.391  render           | Saved: 'E:\Games\Epsilon\_retail_\Interface\AddOns\Omega_Hub\Modules\Dice\Media\Smooth\d100\land-021-46.png'
07:44.750  render           | Saved: 'E:\Games\Epsilon\_retail_\Interface\AddOns\Omega_Hub\Modules\Dice\Media\Smooth\d100\land-021-47.png'
07:45.156  render           | Saved: 'E:\Games\Epsilon\_retail_\Interface\AddOns\Omega_Hub\Modules\Dice\Media\Smooth\d100\land-022-00.png'
07:45.500  render           | Saved: 'E:\Games\Epsilon\_retail_\Interface\AddOns\Omega_Hub\Modules\Dice\Media\Smooth\d100\land-022-01.png'
07:45.859  render           | Saved: 'E:\Games\Epsilon\_retail_\Interface\AddOns\Omega_Hub\Modules\Dice\Media\Smooth\d100\land-022-02.png'
07:46.234  render           | Saved: 'E:\Games\Epsilon\_retail_\Interface\AddOns\Omega_Hub\Modules\Dice\Media\Smooth\d100\land-022-03.png'
07:46.562  render           | Saved: 'E:\Games\Epsilon\_retail_\Interface\AddOns\Omega_Hub\Modules\Dice\Media\Smooth\d100\land-022-04.png'
07:46.906  render           | Saved: 'E:\Games\Epsilon\_retail_\Interface\AddOns\Omega_Hub\Modules\Dice\Media\Smooth\d100\land-022-05.png'
07:47.250  render           | Saved: 'E:\Games\Epsilon\_retail_\Interface\AddOns\Omega_Hub\Modules\Dice\Media\Smooth\d100\land-022-06.png'
07:47.609  render           | Saved: 'E:\Games\Epsilon\_retail_\Interface\AddOns\Omega_Hub\Modules\Dice\Media\Smooth\d100\land-022-07.png'
07:47.984  render           | Saved: 'E:\Games\Epsilon\_retail_\Interface\AddOns\Omega_Hub\Modules\Dice\Media\Smooth\d100\land-022-08.png'
07:48.344  render           | Saved: 'E:\Games\Epsilon\_retail_\Interface\AddOns\Omega_Hub\Modules\Dice\Media\Smooth\d100\land-022-09.png'
07:48.719  render           | Saved: 'E:\Games\Epsilon\_retail_\Interface\AddOns\Omega_Hub\Modules\Dice\Media\Smooth\d100\land-022-10.png'
07:49.094  render           | Saved: 'E:\Games\Epsilon\_retail_\Interface\AddOns\Omega_Hub\Modules\Dice\Media\Smooth\d100\land-022-11.png'
07:49.437  render           | Saved: 'E:\Games\Epsilon\_retail_\Interface\AddOns\Omega_Hub\Modules\Dice\Media\Smooth\d100\land-022-12.png'
07:49.812  render           | Saved: 'E:\Games\Epsilon\_retail_\Interface\AddOns\Omega_Hub\Modules\Dice\Media\Smooth\d100\land-022-13.png'
07:50.172  render           | Saved: 'E:\Games\Epsilon\_retail_\Interface\AddOns\Omega_Hub\Modules\Dice\Media\Smooth\d100\land-022-14.png'
07:50.531  render           | Saved: 'E:\Games\Epsilon\_retail_\Interface\AddOns\Omega_Hub\Modules\Dice\Media\Smooth\d100\land-022-15.png'
07:50.891  render           | Saved: 'E:\Games\Epsilon\_retail_\Interface\AddOns\Omega_Hub\Modules\Dice\Media\Smooth\d100\land-022-16.png'
07:51.234  render           | Saved: 'E:\Games\Epsilon\_retail_\Interface\AddOns\Omega_Hub\Modules\Dice\Media\Smooth\d100\land-022-17.png'
07:51.609  render           | Saved: 'E:\Games\Epsilon\_retail_\Interface\AddOns\Omega_Hub\Modules\Dice\Media\Smooth\d100\land-022-18.png'
07:51.984  render           | Saved: 'E:\Games\Epsilon\_retail_\Interface\AddOns\Omega_Hub\Modules\Dice\Media\Smooth\d100\land-022-19.png'
07:52.391  render           | Saved: 'E:\Games\Epsilon\_retail_\Interface\AddOns\Omega_Hub\Modules\Dice\Media\Smooth\d100\land-022-20.png'
07:52.766  render           | Saved: 'E:\Games\Epsilon\_retail_\Interface\AddOns\Omega_Hub\Modules\Dice\Media\Smooth\d100\land-022-21.png'
07:53.109  render           | Saved: 'E:\Games\Epsilon\_retail_\Interface\AddOns\Omega_Hub\Modules\Dice\Media\Smooth\d100\land-022-22.png'
07:53.469  render           | Saved: 'E:\Games\Epsilon\_retail_\Interface\AddOns\Omega_Hub\Modules\Dice\Media\Smooth\d100\land-022-23.png'
07:53.844  render           | Saved: 'E:\Games\Epsilon\_retail_\Interface\AddOns\Omega_Hub\Modules\Dice\Media\Smooth\d100\land-022-24.png'
07:54.203  render           | Saved: 'E:\Games\Epsilon\_retail_\Interface\AddOns\Omega_Hub\Modules\Dice\Media\Smooth\d100\land-022-25.png'
07:54.547  render           | Saved: 'E:\Games\Epsilon\_retail_\Interface\AddOns\Omega_Hub\Modules\Dice\Media\Smooth\d100\land-022-26.png'
07:54.875  render           | Saved: 'E:\Games\Epsilon\_retail_\Interface\AddOns\Omega_Hub\Modules\Dice\Media\Smooth\d100\land-022-27.png'
07:55.219  render           | Saved: 'E:\Games\Epsilon\_retail_\Interface\AddOns\Omega_Hub\Modules\Dice\Media\Smooth\d100\land-022-28.png'
07:55.625  render           | Saved: 'E:\Games\Epsilon\_retail_\Interface\AddOns\Omega_Hub\Modules\Dice\Media\Smooth\d100\land-022-29.png'
07:56.000  render           | Saved: 'E:\Games\Epsilon\_retail_\Interface\AddOns\Omega_Hub\Modules\Dice\Media\Smooth\d100\land-022-30.png'
07:56.375  render           | Saved: 'E:\Games\Epsilon\_retail_\Interface\AddOns\Omega_Hub\Modules\Dice\Media\Smooth\d100\land-022-31.png'
07:56.719  render           | Saved: 'E:\Games\Epsilon\_retail_\Interface\AddOns\Omega_Hub\Modules\Dice\Media\Smooth\d100\land-022-32.png'
07:57.125  render           | Saved: 'E:\Games\Epsilon\_retail_\Interface\AddOns\Omega_Hub\Modules\Dice\Media\Smooth\d100\land-022-33.png'
07:57.500  render           | Saved: 'E:\Games\Epsilon\_retail_\Interface\AddOns\Omega_Hub\Modules\Dice\Media\Smooth\d100\land-022-34.png'
07:57.875  render           | Saved: 'E:\Games\Epsilon\_retail_\Interface\AddOns\Omega_Hub\Modules\Dice\Media\Smooth\d100\land-022-35.png'
07:58.250  render           | Saved: 'E:\Games\Epsilon\_retail_\Interface\AddOns\Omega_Hub\Modules\Dice\Media\Smooth\d100\land-022-36.png'
07:58.625  render           | Saved: 'E:\Games\Epsilon\_retail_\Interface\AddOns\Omega_Hub\Modules\Dice\Media\Smooth\d100\land-022-37.png'
07:58.969  render           | Saved: 'E:\Games\Epsilon\_retail_\Interface\AddOns\Omega_Hub\Modules\Dice\Media\Smooth\d100\land-022-38.png'
07:59.359  render           | Saved: 'E:\Games\Epsilon\_retail_\Interface\AddOns\Omega_Hub\Modules\Dice\Media\Smooth\d100\land-022-39.png'
07:59.719  render           | Saved: 'E:\Games\Epsilon\_retail_\Interface\AddOns\Omega_Hub\Modules\Dice\Media\Smooth\d100\land-022-40.png'
08:00.078  render           | Saved: 'E:\Games\Epsilon\_retail_\Interface\AddOns\Omega_Hub\Modules\Dice\Media\Smooth\d100\land-022-41.png'
08:00.500  render           | Saved: 'E:\Games\Epsilon\_retail_\Interface\AddOns\Omega_Hub\Modules\Dice\Media\Smooth\d100\land-022-42.png'
08:00.828  render           | Saved: 'E:\Games\Epsilon\_retail_\Interface\AddOns\Omega_Hub\Modules\Dice\Media\Smooth\d100\land-022-43.png'
08:01.203  render           | Saved: 'E:\Games\Epsilon\_retail_\Interface\AddOns\Omega_Hub\Modules\Dice\Media\Smooth\d100\land-022-44.png'
08:01.562  render           | Saved: 'E:\Games\Epsilon\_retail_\Interface\AddOns\Omega_Hub\Modules\Dice\Media\Smooth\d100\land-022-45.png'
08:01.937  render           | Saved: 'E:\Games\Epsilon\_retail_\Interface\AddOns\Omega_Hub\Modules\Dice\Media\Smooth\d100\land-022-46.png'
08:02.297  render           | Saved: 'E:\Games\Epsilon\_retail_\Interface\AddOns\Omega_Hub\Modules\Dice\Media\Smooth\d100\land-022-47.png'
08:02.672  render           | Saved: 'E:\Games\Epsilon\_retail_\Interface\AddOns\Omega_Hub\Modules\Dice\Media\Smooth\d100\land-023-00.png'
08:03.047  render           | Saved: 'E:\Games\Epsilon\_retail_\Interface\AddOns\Omega_Hub\Modules\Dice\Media\Smooth\d100\land-023-01.png'
08:03.437  render           | Saved: 'E:\Games\Epsilon\_retail_\Interface\AddOns\Omega_Hub\Modules\Dice\Media\Smooth\d100\land-023-02.png'
08:03.781  render           | Saved: 'E:\Games\Epsilon\_retail_\Interface\AddOns\Omega_Hub\Modules\Dice\Media\Smooth\d100\land-023-03.png'
08:04.141  render           | Saved: 'E:\Games\Epsilon\_retail_\Interface\AddOns\Omega_Hub\Modules\Dice\Media\Smooth\d100\land-023-04.png'
08:04.531  render           | Saved: 'E:\Games\Epsilon\_retail_\Interface\AddOns\Omega_Hub\Modules\Dice\Media\Smooth\d100\land-023-05.png'
08:04.875  render           | Saved: 'E:\Games\Epsilon\_retail_\Interface\AddOns\Omega_Hub\Modules\Dice\Media\Smooth\d100\land-023-06.png'
08:05.266  render           | Saved: 'E:\Games\Epsilon\_retail_\Interface\AddOns\Omega_Hub\Modules\Dice\Media\Smooth\d100\land-023-07.png'
08:05.609  render           | Saved: 'E:\Games\Epsilon\_retail_\Interface\AddOns\Omega_Hub\Modules\Dice\Media\Smooth\d100\land-023-08.png'
08:05.969  render           | Saved: 'E:\Games\Epsilon\_retail_\Interface\AddOns\Omega_Hub\Modules\Dice\Media\Smooth\d100\land-023-09.png'
08:06.328  render           | Saved: 'E:\Games\Epsilon\_retail_\Interface\AddOns\Omega_Hub\Modules\Dice\Media\Smooth\d100\land-023-10.png'
08:06.703  render           | Saved: 'E:\Games\Epsilon\_retail_\Interface\AddOns\Omega_Hub\Modules\Dice\Media\Smooth\d100\land-023-11.png'
08:07.047  render           | Saved: 'E:\Games\Epsilon\_retail_\Interface\AddOns\Omega_Hub\Modules\Dice\Media\Smooth\d100\land-023-12.png'
08:07.406  render           | Saved: 'E:\Games\Epsilon\_retail_\Interface\AddOns\Omega_Hub\Modules\Dice\Media\Smooth\d100\land-023-13.png'
08:07.781  render           | Saved: 'E:\Games\Epsilon\_retail_\Interface\AddOns\Omega_Hub\Modules\Dice\Media\Smooth\d100\land-023-14.png'
08:08.141  render           | Saved: 'E:\Games\Epsilon\_retail_\Interface\AddOns\Omega_Hub\Modules\Dice\Media\Smooth\d100\land-023-15.png'
08:08.547  render           | Saved: 'E:\Games\Epsilon\_retail_\Interface\AddOns\Omega_Hub\Modules\Dice\Media\Smooth\d100\land-023-16.png'
08:08.937  render           | Saved: 'E:\Games\Epsilon\_retail_\Interface\AddOns\Omega_Hub\Modules\Dice\Media\Smooth\d100\land-023-17.png'
08:09.328  render           | Saved: 'E:\Games\Epsilon\_retail_\Interface\AddOns\Omega_Hub\Modules\Dice\Media\Smooth\d100\land-023-18.png'
08:09.719  render           | Saved: 'E:\Games\Epsilon\_retail_\Interface\AddOns\Omega_Hub\Modules\Dice\Media\Smooth\d100\land-023-19.png'
08:10.094  render           | Saved: 'E:\Games\Epsilon\_retail_\Interface\AddOns\Omega_Hub\Modules\Dice\Media\Smooth\d100\land-023-20.png'
08:10.453  render           | Saved: 'E:\Games\Epsilon\_retail_\Interface\AddOns\Omega_Hub\Modules\Dice\Media\Smooth\d100\land-023-21.png'
08:10.859  render           | Saved: 'E:\Games\Epsilon\_retail_\Interface\AddOns\Omega_Hub\Modules\Dice\Media\Smooth\d100\land-023-22.png'
08:11.234  render           | Saved: 'E:\Games\Epsilon\_retail_\Interface\AddOns\Omega_Hub\Modules\Dice\Media\Smooth\d100\land-023-23.png'
08:11.625  render           | Saved: 'E:\Games\Epsilon\_retail_\Interface\AddOns\Omega_Hub\Modules\Dice\Media\Smooth\d100\land-023-24.png'
08:12.016  render           | Saved: 'E:\Games\Epsilon\_retail_\Interface\AddOns\Omega_Hub\Modules\Dice\Media\Smooth\d100\land-023-25.png'
08:12.391  render           | Saved: 'E:\Games\Epsilon\_retail_\Interface\AddOns\Omega_Hub\Modules\Dice\Media\Smooth\d100\land-023-26.png'
08:12.766  render           | Saved: 'E:\Games\Epsilon\_retail_\Interface\AddOns\Omega_Hub\Modules\Dice\Media\Smooth\d100\land-023-27.png'
08:13.156  render           | Saved: 'E:\Games\Epsilon\_retail_\Interface\AddOns\Omega_Hub\Modules\Dice\Media\Smooth\d100\land-023-28.png'
08:13.531  render           | Saved: 'E:\Games\Epsilon\_retail_\Interface\AddOns\Omega_Hub\Modules\Dice\Media\Smooth\d100\land-023-29.png'
08:13.906  render           | Saved: 'E:\Games\Epsilon\_retail_\Interface\AddOns\Omega_Hub\Modules\Dice\Media\Smooth\d100\land-023-30.png'
08:14.297  render           | Saved: 'E:\Games\Epsilon\_retail_\Interface\AddOns\Omega_Hub\Modules\Dice\Media\Smooth\d100\land-023-31.png'
08:14.656  render           | Saved: 'E:\Games\Epsilon\_retail_\Interface\AddOns\Omega_Hub\Modules\Dice\Media\Smooth\d100\land-023-32.png'
08:15.047  render           | Saved: 'E:\Games\Epsilon\_retail_\Interface\AddOns\Omega_Hub\Modules\Dice\Media\Smooth\d100\land-023-33.png'
08:15.422  render           | Saved: 'E:\Games\Epsilon\_retail_\Interface\AddOns\Omega_Hub\Modules\Dice\Media\Smooth\d100\land-023-34.png'
08:15.797  render           | Saved: 'E:\Games\Epsilon\_retail_\Interface\AddOns\Omega_Hub\Modules\Dice\Media\Smooth\d100\land-023-35.png'
08:16.172  render           | Saved: 'E:\Games\Epsilon\_retail_\Interface\AddOns\Omega_Hub\Modules\Dice\Media\Smooth\d100\land-023-36.png'
08:16.562  render           | Saved: 'E:\Games\Epsilon\_retail_\Interface\AddOns\Omega_Hub\Modules\Dice\Media\Smooth\d100\land-023-37.png'
08:16.937  render           | Saved: 'E:\Games\Epsilon\_retail_\Interface\AddOns\Omega_Hub\Modules\Dice\Media\Smooth\d100\land-023-38.png'
08:17.312  render           | Saved: 'E:\Games\Epsilon\_retail_\Interface\AddOns\Omega_Hub\Modules\Dice\Media\Smooth\d100\land-023-39.png'
08:17.703  render           | Saved: 'E:\Games\Epsilon\_retail_\Interface\AddOns\Omega_Hub\Modules\Dice\Media\Smooth\d100\land-023-40.png'
08:18.094  render           | Saved: 'E:\Games\Epsilon\_retail_\Interface\AddOns\Omega_Hub\Modules\Dice\Media\Smooth\d100\land-023-41.png'
08:18.484  render           | Saved: 'E:\Games\Epsilon\_retail_\Interface\AddOns\Omega_Hub\Modules\Dice\Media\Smooth\d100\land-023-42.png'
08:18.875  render           | Saved: 'E:\Games\Epsilon\_retail_\Interface\AddOns\Omega_Hub\Modules\Dice\Media\Smooth\d100\land-023-43.png'
08:19.234  render           | Saved: 'E:\Games\Epsilon\_retail_\Interface\AddOns\Omega_Hub\Modules\Dice\Media\Smooth\d100\land-023-44.png'
08:19.641  render           | Saved: 'E:\Games\Epsilon\_retail_\Interface\AddOns\Omega_Hub\Modules\Dice\Media\Smooth\d100\land-023-45.png'
08:20.078  render           | Saved: 'E:\Games\Epsilon\_retail_\Interface\AddOns\Omega_Hub\Modules\Dice\Media\Smooth\d100\land-023-46.png'
08:20.516  render           | Saved: 'E:\Games\Epsilon\_retail_\Interface\AddOns\Omega_Hub\Modules\Dice\Media\Smooth\d100\land-023-47.png'
08:20.922  render           | Saved: 'E:\Games\Epsilon\_retail_\Interface\AddOns\Omega_Hub\Modules\Dice\Media\Smooth\d100\land-024-00.png'
08:21.312  render           | Saved: 'E:\Games\Epsilon\_retail_\Interface\AddOns\Omega_Hub\Modules\Dice\Media\Smooth\d100\land-024-01.png'
08:21.734  render           | Saved: 'E:\Games\Epsilon\_retail_\Interface\AddOns\Omega_Hub\Modules\Dice\Media\Smooth\d100\land-024-02.png'
08:22.156  render           | Saved: 'E:\Games\Epsilon\_retail_\Interface\AddOns\Omega_Hub\Modules\Dice\Media\Smooth\d100\land-024-03.png'
08:22.562  render           | Saved: 'E:\Games\Epsilon\_retail_\Interface\AddOns\Omega_Hub\Modules\Dice\Media\Smooth\d100\land-024-04.png'
08:22.937  render           | Saved: 'E:\Games\Epsilon\_retail_\Interface\AddOns\Omega_Hub\Modules\Dice\Media\Smooth\d100\land-024-05.png'
08:23.297  render           | Saved: 'E:\Games\Epsilon\_retail_\Interface\AddOns\Omega_Hub\Modules\Dice\Media\Smooth\d100\land-024-06.png'
08:23.672  render           | Saved: 'E:\Games\Epsilon\_retail_\Interface\AddOns\Omega_Hub\Modules\Dice\Media\Smooth\d100\land-024-07.png'
08:24.094  render           | Saved: 'E:\Games\Epsilon\_retail_\Interface\AddOns\Omega_Hub\Modules\Dice\Media\Smooth\d100\land-024-08.png'
08:24.469  render           | Saved: 'E:\Games\Epsilon\_retail_\Interface\AddOns\Omega_Hub\Modules\Dice\Media\Smooth\d100\land-024-09.png'
08:24.859  render           | Saved: 'E:\Games\Epsilon\_retail_\Interface\AddOns\Omega_Hub\Modules\Dice\Media\Smooth\d100\land-024-10.png'
08:25.234  render           | Saved: 'E:\Games\Epsilon\_retail_\Interface\AddOns\Omega_Hub\Modules\Dice\Media\Smooth\d100\land-024-11.png'
08:25.594  render           | Saved: 'E:\Games\Epsilon\_retail_\Interface\AddOns\Omega_Hub\Modules\Dice\Media\Smooth\d100\land-024-12.png'
08:25.984  render           | Saved: 'E:\Games\Epsilon\_retail_\Interface\AddOns\Omega_Hub\Modules\Dice\Media\Smooth\d100\land-024-13.png'
08:26.312  render           | Saved: 'E:\Games\Epsilon\_retail_\Interface\AddOns\Omega_Hub\Modules\Dice\Media\Smooth\d100\land-024-14.png'
08:26.687  render           | Saved: 'E:\Games\Epsilon\_retail_\Interface\AddOns\Omega_Hub\Modules\Dice\Media\Smooth\d100\land-024-15.png'
08:27.047  render           | Saved: 'E:\Games\Epsilon\_retail_\Interface\AddOns\Omega_Hub\Modules\Dice\Media\Smooth\d100\land-024-16.png'
08:27.422  render           | Saved: 'E:\Games\Epsilon\_retail_\Interface\AddOns\Omega_Hub\Modules\Dice\Media\Smooth\d100\land-024-17.png'
08:27.797  render           | Saved: 'E:\Games\Epsilon\_retail_\Interface\AddOns\Omega_Hub\Modules\Dice\Media\Smooth\d100\land-024-18.png'
08:28.141  render           | Saved: 'E:\Games\Epsilon\_retail_\Interface\AddOns\Omega_Hub\Modules\Dice\Media\Smooth\d100\land-024-19.png'
08:28.516  render           | Saved: 'E:\Games\Epsilon\_retail_\Interface\AddOns\Omega_Hub\Modules\Dice\Media\Smooth\d100\land-024-20.png'
08:28.922  render           | Saved: 'E:\Games\Epsilon\_retail_\Interface\AddOns\Omega_Hub\Modules\Dice\Media\Smooth\d100\land-024-21.png'
08:29.297  render           | Saved: 'E:\Games\Epsilon\_retail_\Interface\AddOns\Omega_Hub\Modules\Dice\Media\Smooth\d100\land-024-22.png'
08:29.687  render           | Saved: 'E:\Games\Epsilon\_retail_\Interface\AddOns\Omega_Hub\Modules\Dice\Media\Smooth\d100\land-024-23.png'
08:30.094  render           | Saved: 'E:\Games\Epsilon\_retail_\Interface\AddOns\Omega_Hub\Modules\Dice\Media\Smooth\d100\land-024-24.png'
08:30.469  render           | Saved: 'E:\Games\Epsilon\_retail_\Interface\AddOns\Omega_Hub\Modules\Dice\Media\Smooth\d100\land-024-25.png'
08:30.844  render           | Saved: 'E:\Games\Epsilon\_retail_\Interface\AddOns\Omega_Hub\Modules\Dice\Media\Smooth\d100\land-024-26.png'
08:31.250  render           | Saved: 'E:\Games\Epsilon\_retail_\Interface\AddOns\Omega_Hub\Modules\Dice\Media\Smooth\d100\land-024-27.png'
08:31.625  render           | Saved: 'E:\Games\Epsilon\_retail_\Interface\AddOns\Omega_Hub\Modules\Dice\Media\Smooth\d100\land-024-28.png'
08:32.000  render           | Saved: 'E:\Games\Epsilon\_retail_\Interface\AddOns\Omega_Hub\Modules\Dice\Media\Smooth\d100\land-024-29.png'
08:32.391  render           | Saved: 'E:\Games\Epsilon\_retail_\Interface\AddOns\Omega_Hub\Modules\Dice\Media\Smooth\d100\land-024-30.png'
08:32.766  render           | Saved: 'E:\Games\Epsilon\_retail_\Interface\AddOns\Omega_Hub\Modules\Dice\Media\Smooth\d100\land-024-31.png'
08:33.172  render           | Saved: 'E:\Games\Epsilon\_retail_\Interface\AddOns\Omega_Hub\Modules\Dice\Media\Smooth\d100\land-024-32.png'
08:33.547  render           | Saved: 'E:\Games\Epsilon\_retail_\Interface\AddOns\Omega_Hub\Modules\Dice\Media\Smooth\d100\land-024-33.png'
08:33.937  render           | Saved: 'E:\Games\Epsilon\_retail_\Interface\AddOns\Omega_Hub\Modules\Dice\Media\Smooth\d100\land-024-34.png'
08:34.297  render           | Saved: 'E:\Games\Epsilon\_retail_\Interface\AddOns\Omega_Hub\Modules\Dice\Media\Smooth\d100\land-024-35.png'
08:34.656  render           | Saved: 'E:\Games\Epsilon\_retail_\Interface\AddOns\Omega_Hub\Modules\Dice\Media\Smooth\d100\land-024-36.png'
08:35.000  render           | Saved: 'E:\Games\Epsilon\_retail_\Interface\AddOns\Omega_Hub\Modules\Dice\Media\Smooth\d100\land-024-37.png'
08:35.422  render           | Saved: 'E:\Games\Epsilon\_retail_\Interface\AddOns\Omega_Hub\Modules\Dice\Media\Smooth\d100\land-024-38.png'
08:35.766  render           | Saved: 'E:\Games\Epsilon\_retail_\Interface\AddOns\Omega_Hub\Modules\Dice\Media\Smooth\d100\land-024-39.png'
08:36.172  render           | Saved: 'E:\Games\Epsilon\_retail_\Interface\AddOns\Omega_Hub\Modules\Dice\Media\Smooth\d100\land-024-40.png'
08:36.578  render           | Saved: 'E:\Games\Epsilon\_retail_\Interface\AddOns\Omega_Hub\Modules\Dice\Media\Smooth\d100\land-024-41.png'
08:36.969  render           | Saved: 'E:\Games\Epsilon\_retail_\Interface\AddOns\Omega_Hub\Modules\Dice\Media\Smooth\d100\land-024-42.png'
08:37.375  render           | Saved: 'E:\Games\Epsilon\_retail_\Interface\AddOns\Omega_Hub\Modules\Dice\Media\Smooth\d100\land-024-43.png'
08:37.766  render           | Saved: 'E:\Games\Epsilon\_retail_\Interface\AddOns\Omega_Hub\Modules\Dice\Media\Smooth\d100\land-024-44.png'
08:38.125  render           | Saved: 'E:\Games\Epsilon\_retail_\Interface\AddOns\Omega_Hub\Modules\Dice\Media\Smooth\d100\land-024-45.png'
08:38.500  render           | Saved: 'E:\Games\Epsilon\_retail_\Interface\AddOns\Omega_Hub\Modules\Dice\Media\Smooth\d100\land-024-46.png'
08:38.922  render           | Saved: 'E:\Games\Epsilon\_retail_\Interface\AddOns\Omega_Hub\Modules\Dice\Media\Smooth\d100\land-024-47.png'
08:39.266  render           | Saved: 'E:\Games\Epsilon\_retail_\Interface\AddOns\Omega_Hub\Modules\Dice\Media\Smooth\d100\land-025-00.png'
08:39.641  render           | Saved: 'E:\Games\Epsilon\_retail_\Interface\AddOns\Omega_Hub\Modules\Dice\Media\Smooth\d100\land-025-01.png'
08:40.047  render           | Saved: 'E:\Games\Epsilon\_retail_\Interface\AddOns\Omega_Hub\Modules\Dice\Media\Smooth\d100\land-025-02.png'
08:40.422  render           | Saved: 'E:\Games\Epsilon\_retail_\Interface\AddOns\Omega_Hub\Modules\Dice\Media\Smooth\d100\land-025-03.png'
08:40.797  render           | Saved: 'E:\Games\Epsilon\_retail_\Interface\AddOns\Omega_Hub\Modules\Dice\Media\Smooth\d100\land-025-04.png'
08:41.187  render           | Saved: 'E:\Games\Epsilon\_retail_\Interface\AddOns\Omega_Hub\Modules\Dice\Media\Smooth\d100\land-025-05.png'
08:41.547  render           | Saved: 'E:\Games\Epsilon\_retail_\Interface\AddOns\Omega_Hub\Modules\Dice\Media\Smooth\d100\land-025-06.png'
08:41.875  render           | Saved: 'E:\Games\Epsilon\_retail_\Interface\AddOns\Omega_Hub\Modules\Dice\Media\Smooth\d100\land-025-07.png'
08:42.203  render           | Saved: 'E:\Games\Epsilon\_retail_\Interface\AddOns\Omega_Hub\Modules\Dice\Media\Smooth\d100\land-025-08.png'
08:42.531  render           | Saved: 'E:\Games\Epsilon\_retail_\Interface\AddOns\Omega_Hub\Modules\Dice\Media\Smooth\d100\land-025-09.png'
08:42.844  render           | Saved: 'E:\Games\Epsilon\_retail_\Interface\AddOns\Omega_Hub\Modules\Dice\Media\Smooth\d100\land-025-10.png'
08:43.187  render           | Saved: 'E:\Games\Epsilon\_retail_\Interface\AddOns\Omega_Hub\Modules\Dice\Media\Smooth\d100\land-025-11.png'
08:43.516  render           | Saved: 'E:\Games\Epsilon\_retail_\Interface\AddOns\Omega_Hub\Modules\Dice\Media\Smooth\d100\land-025-12.png'
08:43.859  render           | Saved: 'E:\Games\Epsilon\_retail_\Interface\AddOns\Omega_Hub\Modules\Dice\Media\Smooth\d100\land-025-13.png'
08:44.187  render           | Saved: 'E:\Games\Epsilon\_retail_\Interface\AddOns\Omega_Hub\Modules\Dice\Media\Smooth\d100\land-025-14.png'
08:44.547  render           | Saved: 'E:\Games\Epsilon\_retail_\Interface\AddOns\Omega_Hub\Modules\Dice\Media\Smooth\d100\land-025-15.png'
08:44.875  render           | Saved: 'E:\Games\Epsilon\_retail_\Interface\AddOns\Omega_Hub\Modules\Dice\Media\Smooth\d100\land-025-16.png'
08:45.203  render           | Saved: 'E:\Games\Epsilon\_retail_\Interface\AddOns\Omega_Hub\Modules\Dice\Media\Smooth\d100\land-025-17.png'
08:45.547  render           | Saved: 'E:\Games\Epsilon\_retail_\Interface\AddOns\Omega_Hub\Modules\Dice\Media\Smooth\d100\land-025-18.png'
08:45.859  render           | Saved: 'E:\Games\Epsilon\_retail_\Interface\AddOns\Omega_Hub\Modules\Dice\Media\Smooth\d100\land-025-19.png'
08:46.266  render           | Saved: 'E:\Games\Epsilon\_retail_\Interface\AddOns\Omega_Hub\Modules\Dice\Media\Smooth\d100\land-025-20.png'
08:46.609  render           | Saved: 'E:\Games\Epsilon\_retail_\Interface\AddOns\Omega_Hub\Modules\Dice\Media\Smooth\d100\land-025-21.png'
08:46.937  render           | Saved: 'E:\Games\Epsilon\_retail_\Interface\AddOns\Omega_Hub\Modules\Dice\Media\Smooth\d100\land-025-22.png'
08:47.250  render           | Saved: 'E:\Games\Epsilon\_retail_\Interface\AddOns\Omega_Hub\Modules\Dice\Media\Smooth\d100\land-025-23.png'
08:47.609  render           | Saved: 'E:\Games\Epsilon\_retail_\Interface\AddOns\Omega_Hub\Modules\Dice\Media\Smooth\d100\land-025-24.png'
08:47.953  render           | Saved: 'E:\Games\Epsilon\_retail_\Interface\AddOns\Omega_Hub\Modules\Dice\Media\Smooth\d100\land-025-25.png'
08:48.297  render           | Saved: 'E:\Games\Epsilon\_retail_\Interface\AddOns\Omega_Hub\Modules\Dice\Media\Smooth\d100\land-025-26.png'
08:48.641  render           | Saved: 'E:\Games\Epsilon\_retail_\Interface\AddOns\Omega_Hub\Modules\Dice\Media\Smooth\d100\land-025-27.png'
08:49.000  render           | Saved: 'E:\Games\Epsilon\_retail_\Interface\AddOns\Omega_Hub\Modules\Dice\Media\Smooth\d100\land-025-28.png'
08:49.328  render           | Saved: 'E:\Games\Epsilon\_retail_\Interface\AddOns\Omega_Hub\Modules\Dice\Media\Smooth\d100\land-025-29.png'
08:49.687  render           | Saved: 'E:\Games\Epsilon\_retail_\Interface\AddOns\Omega_Hub\Modules\Dice\Media\Smooth\d100\land-025-30.png'
08:50.047  render           | Saved: 'E:\Games\Epsilon\_retail_\Interface\AddOns\Omega_Hub\Modules\Dice\Media\Smooth\d100\land-025-31.png'
08:50.375  render           | Saved: 'E:\Games\Epsilon\_retail_\Interface\AddOns\Omega_Hub\Modules\Dice\Media\Smooth\d100\land-025-32.png'
08:50.703  render           | Saved: 'E:\Games\Epsilon\_retail_\Interface\AddOns\Omega_Hub\Modules\Dice\Media\Smooth\d100\land-025-33.png'
08:51.062  render           | Saved: 'E:\Games\Epsilon\_retail_\Interface\AddOns\Omega_Hub\Modules\Dice\Media\Smooth\d100\land-025-34.png'
08:51.359  render           | Saved: 'E:\Games\Epsilon\_retail_\Interface\AddOns\Omega_Hub\Modules\Dice\Media\Smooth\d100\land-025-35.png'
08:51.672  render           | Saved: 'E:\Games\Epsilon\_retail_\Interface\AddOns\Omega_Hub\Modules\Dice\Media\Smooth\d100\land-025-36.png'
08:51.984  render           | Saved: 'E:\Games\Epsilon\_retail_\Interface\AddOns\Omega_Hub\Modules\Dice\Media\Smooth\d100\land-025-37.png'
08:52.297  render           | Saved: 'E:\Games\Epsilon\_retail_\Interface\AddOns\Omega_Hub\Modules\Dice\Media\Smooth\d100\land-025-38.png'
08:52.609  render           | Saved: 'E:\Games\Epsilon\_retail_\Interface\AddOns\Omega_Hub\Modules\Dice\Media\Smooth\d100\land-025-39.png'
08:52.906  render           | Saved: 'E:\Games\Epsilon\_retail_\Interface\AddOns\Omega_Hub\Modules\Dice\Media\Smooth\d100\land-025-40.png'
08:53.219  render           | Saved: 'E:\Games\Epsilon\_retail_\Interface\AddOns\Omega_Hub\Modules\Dice\Media\Smooth\d100\land-025-41.png'
08:53.531  render           | Saved: 'E:\Games\Epsilon\_retail_\Interface\AddOns\Omega_Hub\Modules\Dice\Media\Smooth\d100\land-025-42.png'
08:53.844  render           | Saved: 'E:\Games\Epsilon\_retail_\Interface\AddOns\Omega_Hub\Modules\Dice\Media\Smooth\d100\land-025-43.png'
08:54.156  render           | Saved: 'E:\Games\Epsilon\_retail_\Interface\AddOns\Omega_Hub\Modules\Dice\Media\Smooth\d100\land-025-44.png'
08:54.453  render           | Saved: 'E:\Games\Epsilon\_retail_\Interface\AddOns\Omega_Hub\Modules\Dice\Media\Smooth\d100\land-025-45.png'
08:54.812  render           | Saved: 'E:\Games\Epsilon\_retail_\Interface\AddOns\Omega_Hub\Modules\Dice\Media\Smooth\d100\land-025-46.png'
08:55.125  render           | Saved: 'E:\Games\Epsilon\_retail_\Interface\AddOns\Omega_Hub\Modules\Dice\Media\Smooth\d100\land-025-47.png'
Blender 5.0.1 (hash a3db93c5b259 built 2025-12-16 01:32:30)

Blender quit
